timestamp,hour,month,day_of_week,is_weekday,outdoor_temp_c,humidity_pct,solar_radiation_wm2,occupancy_count,chiller_setpoint_c,cooling_load_kwh,comfort_score,is_sandstorm,is_chiller_fault,is_ramadan,is_public_holiday,is_heatwave
2024-01-01 00:00,0,1,0,1,18.0,64.6,0.0,21,8.33,12.93,94,0,0,0,1,0
2024-01-01 01:00,1,1,0,1,18.0,61.2,0.0,15,8.36,5.0,98,0,0,0,1,0
2024-01-01 02:00,2,1,0,1,18.0,56.8,0.0,13,8.41,8.39,99,0,0,0,1,0
2024-01-01 03:00,3,1,0,1,18.0,57.5,0.0,2,8.64,5.19,95,0,0,0,1,0
2024-01-01 04:00,4,1,0,1,18.0,54.4,0.0,9,8.92,6.59,96,0,0,0,1,0
2024-01-01 05:00,5,1,0,1,23.1,59.6,0.0,10,8.42,9.39,96,0,0,0,1,0
2024-01-01 06:00,6,1,0,1,24.9,60.1,12.2,23,8.64,21.45,99,0,0,0,1,0
2024-01-01 07:00,7,1,0,1,26.4,60.8,159.3,19,7.37,59.87,91,0,0,0,1,0
2024-01-01 08:00,8,1,0,1,27.8,58.0,356.1,89,7.44,106.77,94,0,0,0,1,0
2024-01-01 09:00,9,1,0,1,28.3,54.9,453.5,82,7.42,123.45,94,0,0,0,1,0
2024-01-01 10:00,10,1,0,1,28.9,58.9,595.5,49,7.69,147.2,89,0,0,0,1,0
2024-01-01 11:00,11,1,0,1,28.8,62.4,663.6,78,7.53,164.67,88,0,0,0,1,0
2024-01-01 12:00,12,1,0,1,28.9,64.4,744.2,49,7.55,179.15,86,0,0,0,1,0
2024-01-01 13:00,13,1,0,1,28.8,71.2,678.9,87,7.83,177.16,83,0,0,0,1,0
2024-01-01 14:00,14,1,0,1,26.6,65.8,655.9,90,7.59,159.35,89,0,0,0,1,0
2024-01-01 15:00,15,1,0,1,26.8,72.2,597.0,59,7.53,151.91,84,0,0,0,1,0
2024-01-01 16:00,16,1,0,1,25.6,72.7,470.1,19,7.55,121.92,86,0,0,0,1,0
2024-01-01 17:00,17,1,0,1,24.6,74.9,351.8,7,8.36,98.07,92,0,0,0,1,0
2024-01-01 18:00,18,1,0,1,19.8,72.3,205.5,7,8.39,59.2,94,0,0,0,1,0
2024-01-01 19:00,19,1,0,1,21.2,68.5,1.9,21,8.49,16.3,96,0,0,0,1,0
2024-01-01 20:00,20,1,0,1,20.2,71.7,0.0,28,8.43,22.53,90,0,0,0,1,0
2024-01-01 21:00,21,1,0,1,19.9,72.8,0.0,20,8.51,19.77,89,0,0,0,1,0
2024-01-01 22:00,22,1,0,1,20.7,70.7,0.0,20,8.36,20.92,94,0,0,0,1,0
2024-01-01 23:00,23,1,0,1,21.0,67.1,0.0,15,8.63,14.62,96,0,0,0,1,0
2024-01-02 00:00,0,1,1,1,18.0,67.3,0.0,18,8.52,9.61,89,0,0,0,0,0
2024-01-02 01:00,1,1,1,1,18.0,61.7,0.0,1,8.51,7.23,94,0,0,0,0,0
2024-01-02 02:00,2,1,1,1,18.0,63.0,0.0,31,8.86,15.04,96,0,0,0,0,0
2024-01-02 03:00,3,1,1,1,18.0,62.5,0.0,13,8.41,8.48,99,0,0,0,0,0
2024-01-02 04:00,4,1,1,1,18.0,57.1,0.0,7,8.55,6.2,100,0,0,0,0,0
2024-01-02 05:00,5,1,1,1,25.0,53.3,0.0,12,8.78,13.81,100,0,0,0,0,0
2024-01-02 06:00,6,1,1,1,24.7,47.3,0.0,8,8.35,12.63,100,0,0,0,0,0
2024-01-02 07:00,7,1,1,1,26.4,57.4,158.2,264,7.85,86.72,90,0,0,0,0,0
2024-01-02 08:00,8,1,1,1,27.6,58.4,317.6,555,7.6,162.04,87,0,0,0,0,0
2024-01-02 09:00,9,1,1,1,28.6,57.9,462.0,1059,7.41,255.08,83,0,0,0,0,0
2024-01-02 10:00,10,1,1,1,29.0,62.9,592.3,1051,7.39,277.78,81,0,0,0,0,0
2024-01-02 11:00,11,1,1,1,29.9,61.7,645.7,1341,7.7,333.33,75,0,0,0,0,0
2024-01-02 12:00,12,1,1,1,28.8,66.8,696.8,821,7.23,272.09,81,0,0,0,0,0
2024-01-02 13:00,13,1,1,1,28.7,67.0,680.9,792,7.65,265.74,80,0,0,0,0,0
2024-01-02 14:00,14,1,1,1,27.2,69.7,638.1,977,7.53,283.5,77,0,0,0,0,0
2024-01-02 15:00,15,1,1,1,26.1,64.5,603.3,1371,7.5,313.59,79,0,0,0,0,0
2024-01-02 16:00,16,1,1,1,24.8,76.5,474.6,1334,8.37,291.9,78,0,0,0,0,0
2024-01-02 17:00,17,1,1,1,24.3,79.6,326.4,478,8.56,158.34,85,0,0,0,0,0
2024-01-02 18:00,18,1,1,1,20.6,70.5,151.4,385,8.41,89.59,90,0,0,0,0,0
2024-01-02 19:00,19,1,1,1,19.9,75.0,19.4,112,8.72,35.89,94,0,0,0,0,0
2024-01-02 20:00,20,1,1,1,19.8,75.6,0.0,112,8.48,35.85,95,0,0,0,0,0
2024-01-02 21:00,21,1,1,1,20.4,69.7,0.0,7,8.26,18.8,90,0,0,0,0,0
2024-01-02 22:00,22,1,1,1,19.6,72.8,0.0,6,8.54,25.33,93,0,0,0,0,0
2024-01-02 23:00,23,1,1,1,21.5,70.2,0.0,24,8.52,13.61,95,0,0,0,0,0
2024-01-03 00:00,0,1,2,1,18.0,59.7,0.0,19,8.63,5.0,96,0,0,0,0,0
2024-01-03 01:00,1,1,2,1,18.0,65.9,0.0,47,8.55,12.43,95,0,0,0,0,0
2024-01-03 02:00,2,1,2,1,18.0,60.7,0.0,31,8.48,9.18,99,0,0,0,0,0
2024-01-03 03:00,3,1,2,1,18.0,65.5,0.0,8,8.45,8.32,92,0,0,0,0,0
2024-01-03 04:00,4,1,2,1,18.0,54.5,0.0,25,8.48,7.74,100,0,0,0,0,0
2024-01-03 05:00,5,1,2,1,23.6,55.1,0.0,10,8.59,5.0,100,0,0,0,0,0
2024-01-03 06:00,6,1,2,1,26.3,58.7,0.0,25,7.55,29.88,87,0,0,0,0,0
2024-01-03 07:00,7,1,2,1,26.0,56.7,149.4,130,7.49,67.35,97,0,0,0,0,0
2024-01-03 08:00,8,1,2,1,27.5,58.3,354.9,634,7.37,176.32,84,0,0,0,0,0
2024-01-03 09:00,9,1,2,1,29.2,53.6,438.0,1400,7.29,293.04,75,0,0,0,0,0
2024-01-03 10:00,10,1,2,1,28.3,58.5,577.1,1108,7.49,280.41,78,0,0,0,0,0
2024-01-03 11:00,11,1,2,1,29.3,69.1,658.7,1082,7.4,301.68,69,0,0,0,0,0
2024-01-03 12:00,12,1,2,1,28.9,62.3,700.1,701,7.33,255.74,81,0,0,0,0,0
2024-01-03 13:00,13,1,2,1,28.1,69.4,682.9,838,7.58,270.99,80,0,0,0,0,0
2024-01-03 14:00,14,1,2,1,27.4,67.2,661.9,1363,7.74,331.57,77,0,0,0,0,0
2024-01-03 15:00,15,1,2,1,26.3,72.3,569.7,1195,7.63,293.72,70,0,0,0,0,0
2024-01-03 16:00,16,1,2,1,24.7,70.9,426.8,1239,8.5,268.13,79,0,0,0,0,0
2024-01-03 17:00,17,1,2,1,23.5,73.2,331.0,333,8.59,128.98,95,0,0,0,0,0
2024-01-03 18:00,18,1,2,1,19.4,71.6,172.5,299,8.37,89.19,92,0,0,0,0,0
2024-01-03 19:00,19,1,2,1,20.4,71.4,0.0,158,8.42,41.18,97,0,0,0,0,0
2024-01-03 20:00,20,1,2,1,19.4,68.2,0.0,77,8.53,20.28,94,0,0,0,0,0
2024-01-03 21:00,21,1,2,1,21.8,70.0,0.0,52,8.51,24.65,94,0,0,0,0,0
2024-01-03 22:00,22,1,2,1,20.0,70.4,0.0,34,8.3,23.97,93,0,0,0,0,0
2024-01-03 23:00,23,1,2,1,21.3,74.7,0.0,23,8.58,13.87,86,0,0,0,0,0
2024-01-04 00:00,0,1,3,1,18.0,65.2,0.0,17,8.69,7.87,92,0,0,0,0,0
2024-01-04 01:00,1,1,3,1,18.0,62.9,0.0,20,8.3,13.26,100,0,0,0,0,0
2024-01-04 02:00,2,1,3,1,18.0,57.7,0.0,4,8.5,5.0,96,0,0,0,0,0
2024-01-04 03:00,3,1,3,1,18.0,59.0,0.0,9,8.52,5.0,98,0,0,0,0,0
2024-01-04 04:00,4,1,3,1,18.0,62.6,0.0,26,8.19,7.9,97,0,0,0,0,0
2024-01-04 05:00,5,1,3,1,23.8,56.8,0.0,13,8.58,12.67,100,0,0,0,0,0
2024-01-04 06:00,6,1,3,1,25.7,55.4,0.0,32,7.57,25.03,94,0,0,0,0,0
2024-01-04 07:00,7,1,3,1,26.6,62.2,172.6,101,7.35,74.69,88,0,0,0,0,0
2024-01-04 08:00,8,1,3,1,28.1,56.5,321.6,503,7.66,155.79,83,0,0,0,0,0
2024-01-04 09:00,9,1,3,1,29.1,54.1,420.8,1338,7.42,285.44,78,0,0,0,0,0
2024-01-04 10:00,10,1,3,1,28.9,60.8,568.8,1093,7.6,278.27,78,0,0,0,0,0
2024-01-04 11:00,11,1,3,1,28.0,68.9,665.5,1319,7.54,336.89,68,0,0,0,0,0
2024-01-04 12:00,12,1,3,1,28.1,65.1,682.4,658,7.45,245.92,78,0,0,0,0,0
2024-01-04 13:00,13,1,3,1,27.9,64.4,721.7,703,7.36,262.22,80,0,0,0,0,0
2024-01-04 14:00,14,1,3,1,28.0,69.4,643.0,1129,7.65,303.09,75,0,0,0,0,0
2024-01-04 15:00,15,1,3,1,27.7,66.0,575.1,1294,7.59,307.35,74,0,0,0,0,0
2024-01-04 16:00,16,1,3,1,25.1,73.8,462.7,1050,7.52,256.45,82,0,0,0,0,0
2024-01-04 17:00,17,1,3,1,23.7,68.1,338.0,595,8.49,161.35,84,0,0,0,0,0
2024-01-04 18:00,18,1,3,1,18.7,72.9,188.6,544,8.6,120.35,88,0,0,0,0,0
2024-01-04 19:00,19,1,3,1,19.0,71.9,25.6,97,8.52,39.2,87,0,0,0,0,0
2024-01-04 20:00,20,1,3,1,20.1,74.6,0.0,84,8.61,30.52,89,0,0,0,0,0
2024-01-04 21:00,21,1,3,1,18.7,73.4,0.0,59,8.55,30.35,90,0,0,0,0,0
2024-01-04 22:00,22,1,3,1,20.2,68.2,0.0,21,8.35,11.33,91,0,0,0,0,0
2024-01-04 23:00,23,1,3,1,21.2,66.6,0.0,52,8.38,12.6,95,0,0,0,0,0
2024-01-05 00:00,0,1,4,1,18.0,66.5,0.0,30,8.26,10.81,96,0,0,0,0,0
2024-01-05 01:00,1,1,4,1,18.0,61.4,0.0,48,8.47,10.54,98,0,0,0,0,0
2024-01-05 02:00,2,1,4,1,18.0,62.9,0.0,11,8.85,9.2,95,0,0,0,0,0
2024-01-05 03:00,3,1,4,1,18.0,61.0,0.0,27,8.66,5.32,95,0,0,0,0,0
2024-01-05 04:00,4,1,4,1,18.0,63.5,0.0,4,8.6,5.0,100,0,0,0,0,0
2024-01-05 05:00,5,1,4,1,24.2,61.2,0.0,28,8.33,17.32,100,0,0,0,0,0
2024-01-05 06:00,6,1,4,1,25.8,60.2,10.1,30,7.68,28.56,92,0,0,0,0,0
2024-01-05 07:00,7,1,4,1,26.1,58.5,177.4,176,7.56,76.41,95,0,0,0,0,0
2024-01-05 08:00,8,1,4,1,27.9,57.1,368.6,704,7.53,191.73,81,0,0,0,0,0
2024-01-05 09:00,9,1,4,1,28.4,58.8,472.4,1227,7.52,275.69,77,0,0,0,0,0
2024-01-05 10:00,10,1,4,1,29.1,60.8,607.4,1176,7.44,299.76,80,0,0,0,0,0
2024-01-05 11:00,11,1,4,1,29.7,62.3,680.7,1318,7.78,331.39,74,0,0,0,0,0
2024-01-05 12:00,12,1,4,1,29.0,66.1,690.1,674,7.51,253.9,82,0,0,0,0,0
2024-01-05 13:00,13,1,4,1,28.3,66.4,700.3,871,7.59,282.87,80,0,0,0,0,0
2024-01-05 14:00,14,1,4,1,28.0,73.3,652.7,1007,7.39,288.26,75,0,0,0,0,0
2024-01-05 15:00,15,1,4,1,25.5,68.8,587.4,1165,7.43,283.37,82,0,0,0,0,0
2024-01-05 16:00,16,1,4,1,25.5,71.8,444.8,1102,7.5,256.48,79,0,0,0,0,0
2024-01-05 17:00,17,1,4,1,23.8,72.2,323.6,253,8.39,118.8,92,0,0,0,0,0
2024-01-05 18:00,18,1,4,1,20.1,73.2,186.0,483,8.4,114.93,90,0,0,0,0,0
2024-01-05 19:00,19,1,4,1,19.7,72.1,19.0,146,8.7,41.61,90,0,0,0,0,0
2024-01-05 20:00,20,1,4,1,19.7,73.2,0.0,196,8.35,46.12,99,0,0,0,0,0
2024-01-05 21:00,21,1,4,1,20.1,67.9,0.0,59,8.61,23.36,91,0,0,0,0,0
2024-01-05 22:00,22,1,4,1,20.3,64.0,0.0,52,8.64,15.6,91,0,0,0,0,0
2024-01-05 23:00,23,1,4,1,22.0,66.8,0.0,52,8.77,16.28,90,0,0,0,0,0
2024-01-06 00:00,0,1,5,0,18.0,69.1,0.0,0,8.41,12.33,92,0,0,0,0,0
2024-01-06 01:00,1,1,5,0,18.0,62.9,0.0,0,8.68,9.27,88,0,0,0,0,0
2024-01-06 02:00,2,1,5,0,18.0,55.8,0.0,0,8.45,5.0,98,0,0,0,0,0
2024-01-06 03:00,3,1,5,0,18.0,59.2,0.0,0,8.57,6.45,96,0,0,0,0,0
2024-01-06 04:00,4,1,5,0,18.0,56.8,0.0,0,8.73,5.0,98,0,0,0,0,0
2024-01-06 05:00,5,1,5,0,25.2,58.4,0.0,0,7.56,15.43,96,0,0,0,0,0
2024-01-06 06:00,6,1,5,0,25.3,59.2,0.0,0,7.51,22.18,90,0,0,0,0,0
2024-01-06 07:00,7,1,5,0,27.0,60.3,174.5,0,7.07,66.03,90,0,0,0,0,0
2024-01-06 08:00,8,1,5,0,27.9,56.2,304.2,0,7.79,86.19,95,0,0,0,0,0
2024-01-06 09:00,9,1,5,0,28.4,66.6,471.5,159,7.49,145.53,88,0,0,0,0,0
2024-01-06 10:00,10,1,5,0,28.2,57.7,589.5,124,7.74,153.95,92,0,0,0,0,0
2024-01-06 11:00,11,1,5,0,29.2,67.8,662.9,160,7.57,183.19,87,0,0,0,0,0
2024-01-06 12:00,12,1,5,0,29.3,68.9,707.6,39,7.46,175.6,81,0,0,0,0,0
2024-01-06 13:00,13,1,5,0,29.3,64.1,678.0,58,7.18,169.25,85,0,0,0,0,0
2024-01-06 14:00,14,1,5,0,28.2,62.3,685.2,158,7.4,175.43,84,0,0,0,0,0
2024-01-06 15:00,15,1,5,0,27.1,74.8,624.9,150,7.58,172.94,87,0,0,0,0,0
2024-01-06 16:00,16,1,5,0,25.3,69.3,445.2,69,7.35,121.8,86,0,0,0,0,0
2024-01-06 17:00,17,1,5,0,23.4,69.8,344.1,48,8.47,92.7,94,0,0,0,0,0
2024-01-06 18:00,18,1,5,0,19.4,77.2,148.8,0,8.49,48.67,91,0,0,0,0,0
2024-01-06 19:00,19,1,5,0,20.3,71.9,7.7,0,8.56,20.63,92,0,0,0,0,0
2024-01-06 20:00,20,1,5,0,19.7,74.2,0.0,0,8.61,17.98,97,0,0,0,0,0
2024-01-06 21:00,21,1,5,0,19.7,71.4,0.0,0,8.38,20.25,91,0,0,0,0,0
2024-01-06 22:00,22,1,5,0,20.3,70.4,0.0,0,8.68,17.72,98,0,0,0,0,0
2024-01-06 23:00,23,1,5,0,19.8,68.0,0.0,0,8.5,7.4,89,0,0,0,0,0
2024-01-07 00:00,0,1,6,0,18.0,68.3,0.0,0,8.55,9.93,91,0,0,0,0,0
2024-01-07 01:00,1,1,6,0,18.0,61.2,0.0,0,8.47,5.0,99,0,0,0,0,0
2024-01-07 02:00,2,1,6,0,18.0,61.3,0.0,0,8.57,5.5,99,0,0,0,0,0
2024-01-07 03:00,3,1,6,0,18.0,58.6,0.0,0,8.76,5.0,100,0,0,0,0,0
2024-01-07 04:00,4,1,6,0,18.0,58.3,0.0,0,8.74,5.0,97,0,0,0,0,0
2024-01-07 05:00,5,1,6,0,23.2,57.5,0.0,0,8.62,7.28,99,0,0,0,0,0
2024-01-07 06:00,6,1,6,0,25.0,58.5,7.2,0,8.59,16.71,96,0,0,0,0,0
2024-01-07 07:00,7,1,6,0,26.6,54.7,181.7,0,7.26,59.38,96,0,0,0,0,0
2024-01-07 08:00,8,1,6,0,27.7,56.9,325.3,0,7.57,89.61,95,0,0,0,0,0
2024-01-07 09:00,9,1,6,0,28.0,55.8,459.5,131,7.45,131.87,93,0,0,0,0,0
2024-01-07 10:00,10,1,6,0,28.8,65.2,592.4,47,7.58,149.04,85,0,0,0,0,0
2024-01-07 11:00,11,1,6,0,29.3,57.5,655.6,100,7.4,163.73,91,0,0,0,0,0
2024-01-07 12:00,12,1,6,0,29.7,64.4,719.3,29,7.72,175.28,85,0,0,0,0,0
2024-01-07 13:00,13,1,6,0,28.5,67.1,682.3,179,7.39,190.88,82,0,0,0,0,0
2024-01-07 14:00,14,1,6,0,26.0,64.9,673.2,78,7.47,163.3,94,0,0,0,0,0
2024-01-07 15:00,15,1,6,0,26.5,69.5,572.6,61,7.5,142.02,90,0,0,0,0,0
2024-01-07 16:00,16,1,6,0,25.3,72.3,475.8,92,7.35,129.73,87,0,0,0,0,0
2024-01-07 17:00,17,1,6,0,22.6,70.1,316.4,145,8.16,93.31,97,0,0,0,0,0
2024-01-07 18:00,18,1,6,0,19.7,79.5,157.8,0,8.41,55.99,94,0,0,0,0,0
2024-01-07 19:00,19,1,6,0,19.6,74.1,0.0,0,8.4,21.71,92,0,0,0,0,0
2024-01-07 20:00,20,1,6,0,19.1,69.0,0.0,0,8.68,14.25,97,0,0,0,0,0
2024-01-07 21:00,21,1,6,0,20.6,73.6,0.0,0,8.39,17.64,91,0,0,0,0,0
2024-01-07 22:00,22,1,6,0,21.3,70.7,0.0,0,8.57,20.99,93,0,0,0,0,0
2024-01-07 23:00,23,1,6,0,21.0,71.7,0.0,0,8.58,13.1,90,0,0,0,0,0
2024-01-08 00:00,0,1,0,1,18.0,59.1,0.0,21,8.59,6.36,98,0,0,0,0,0
2024-01-08 01:00,1,1,0,1,18.0,58.9,0.0,40,8.64,8.4,100,0,0,0,0,0
2024-01-08 02:00,2,1,0,1,18.0,63.2,0.0,38,8.34,12.0,96,0,0,0,0,0
2024-01-08 03:00,3,1,0,1,18.0,61.8,0.0,10,8.59,9.69,100,0,0,0,0,0
2024-01-08 04:00,4,1,0,1,18.0,65.9,0.0,14,8.77,13.17,93,0,0,0,0,0
2024-01-08 05:00,5,1,0,1,24.3,56.5,0.0,12,8.5,9.8,100,0,0,0,0,0
2024-01-08 06:00,6,1,0,1,26.3,53.4,7.9,17,7.57,23.38,93,0,0,0,0,0
2024-01-08 07:00,7,1,0,1,26.2,54.8,151.1,230,7.19,77.15,88,0,0,0,0,0
2024-01-08 08:00,8,1,0,1,26.6,56.4,350.6,656,7.88,176.14,94,0,0,0,0,0
2024-01-08 09:00,9,1,0,1,29.3,57.5,483.3,1320,7.38,294.19,78,0,0,0,0,0
2024-01-08 10:00,10,1,0,1,29.4,65.4,577.9,1098,7.37,289.75,71,0,0,0,0,0
2024-01-08 11:00,11,1,0,1,29.1,68.5,666.0,1244,7.47,326.66,79,0,0,0,0,0
2024-01-08 12:00,12,1,0,1,29.8,61.6,685.1,717,7.42,258.02,84,0,0,0,0,0
2024-01-08 13:00,13,1,0,1,28.2,68.3,687.5,880,7.32,278.08,83,0,0,0,0,0
2024-01-08 14:00,14,1,0,1,27.3,70.4,642.5,1220,7.41,311.37,73,0,0,0,0,0
2024-01-08 15:00,15,1,0,1,26.7,68.1,571.7,1258,7.72,298.82,69,0,0,0,0,0
2024-01-08 16:00,16,1,0,1,25.8,71.1,478.9,964,7.51,245.39,78,0,0,0,0,0
2024-01-08 17:00,17,1,0,1,24.5,69.4,306.9,426,8.59,134.21,92,0,0,0,0,0
2024-01-08 18:00,18,1,0,1,18.9,73.6,151.3,409,8.67,99.76,93,0,0,0,0,0
2024-01-08 19:00,19,1,0,1,19.6,68.9,0.0,191,8.49,36.81,89,0,0,0,0,0
2024-01-08 20:00,20,1,0,1,20.3,78.1,0.0,59,8.71,29.47,88,0,0,0,0,0
2024-01-08 21:00,21,1,0,1,20.6,68.5,0.0,19,8.42,19.75,93,0,0,0,0,0
2024-01-08 22:00,22,1,0,1,20.3,64.3,0.0,59,8.49,19.86,92,0,0,0,0,0
2024-01-08 23:00,23,1,0,1,20.8,70.2,0.0,22,8.58,14.61,91,0,0,0,0,0
2024-01-09 00:00,0,1,1,1,18.0,68.2,0.0,39,8.61,13.31,97,0,0,0,0,0
2024-01-09 01:00,1,1,1,1,18.0,65.4,0.0,45,8.44,10.54,96,0,0,0,0,0
2024-01-09 02:00,2,1,1,1,18.0,57.8,0.0,4,8.53,5.51,99,0,0,0,0,0
2024-01-09 03:00,3,1,1,1,18.0,62.8,0.0,8,8.71,11.0,100,0,0,0,0,0
2024-01-09 04:00,4,1,1,1,18.0,59.0,0.0,3,8.38,6.94,100,0,0,0,0,0
2024-01-09 05:00,5,1,1,1,24.2,56.4,0.0,41,8.21,14.05,98,0,0,0,0,0
2024-01-09 06:00,6,1,1,1,24.7,59.5,0.0,5,8.58,17.0,91,0,0,0,0,0
2024-01-09 07:00,7,1,1,1,27.0,52.7,192.7,260,7.69,90.25,93,0,0,0,0,0
2024-01-09 08:00,8,1,1,1,26.8,56.7,349.1,469,7.53,148.32,92,0,0,0,0,0
2024-01-09 09:00,9,1,1,1,29.2,53.5,484.4,1005,7.58,252.33,83,0,0,0,0,0
2024-01-09 10:00,10,1,1,1,29.5,60.3,584.3,1192,7.52,295.28,80,0,0,0,0,0
2024-01-09 11:00,11,1,1,1,29.2,62.4,653.2,891,7.55,273.47,81,0,0,0,0,0
2024-01-09 12:00,12,1,1,1,28.7,66.8,709.7,606,7.63,247.12,82,0,0,0,0,0
2024-01-09 13:00,13,1,1,1,27.9,67.3,676.7,684,7.5,246.67,78,0,0,0,0,0
2024-01-09 14:00,14,1,1,1,26.9,74.1,673.5,1348,7.4,334.53,73,0,0,0,0,0
2024-01-09 15:00,15,1,1,1,26.7,71.5,599.4,1319,7.53,316.45,73,0,0,0,0,0
2024-01-09 16:00,16,1,1,1,24.2,76.0,474.4,1375,8.33,295.76,78,0,0,0,0,0
2024-01-09 17:00,17,1,1,1,23.4,72.0,325.9,460,8.14,142.82,93,0,0,0,0,0
2024-01-09 18:00,18,1,1,1,18.9,70.8,171.4,388,8.3,96.42,85,0,0,0,0,0
2024-01-09 19:00,19,1,1,1,19.1,72.1,0.0,51,8.5,23.74,96,0,0,0,0,0
2024-01-09 20:00,20,1,1,1,18.8,72.3,0.0,189,8.38,41.75,91,0,0,0,0,0
2024-01-09 21:00,21,1,1,1,18.9,70.6,0.0,42,8.66,15.76,88,0,0,0,0,0
2024-01-09 22:00,22,1,1,1,20.7,70.5,0.0,36,8.64,19.2,91,0,0,0,0,0
2024-01-09 23:00,23,1,1,1,21.0,64.6,0.0,22,8.17,9.25,96,0,0,0,0,0
2024-01-10 00:00,0,1,2,1,18.0,63.0,0.0,47,8.68,10.54,96,0,0,0,0,0
2024-01-10 01:00,1,1,2,1,18.0,64.1,0.0,6,8.6,7.44,95,0,0,0,0,0
2024-01-10 02:00,2,1,2,1,18.0,55.4,0.0,28,8.21,9.69,100,0,0,0,0,0
2024-01-10 03:00,3,1,2,1,18.0,64.9,0.0,13,8.39,13.16,95,0,0,0,0,0
2024-01-10 04:00,4,1,2,1,18.0,58.9,0.0,45,8.23,9.58,100,0,0,0,0,0
2024-01-10 05:00,5,1,2,1,24.5,54.3,0.0,8,8.72,8.73,100,0,0,0,0,0
2024-01-10 06:00,6,1,2,1,26.1,55.3,27.9,20,7.47,26.24,100,0,0,0,0,0
2024-01-10 07:00,7,1,2,1,27.6,57.1,158.3,56,7.33,65.1,92,0,0,0,0,0
2024-01-10 08:00,8,1,2,1,27.5,57.3,317.9,515,7.74,153.6,91,0,0,0,0,0
2024-01-10 09:00,9,1,2,1,27.4,60.9,434.5,912,7.76,233.2,77,0,0,0,0,0
2024-01-10 10:00,10,1,2,1,28.5,59.1,560.3,889,7.37,253.57,76,0,0,0,0,0
2024-01-10 11:00,11,1,2,1,28.9,62.3,632.3,1162,7.67,306.4,75,0,0,0,0,0
2024-01-10 12:00,12,1,2,1,28.8,60.5,747.8,679,7.54,262.53,81,0,0,0,0,0
2024-01-10 13:00,13,1,2,1,28.9,63.6,692.4,943,7.67,287.53,76,0,0,0,0,0
2024-01-10 14:00,14,1,2,1,27.1,73.1,642.6,1224,7.46,317.17,79,0,0,0,0,0
2024-01-10 15:00,15,1,2,1,27.2,70.3,572.0,1189,7.6,295.06,79,0,0,0,0,0
2024-01-10 16:00,16,1,2,1,25.9,73.1,448.7,1101,7.42,255.55,80,0,0,0,0,0
2024-01-10 17:00,17,1,2,1,24.3,74.0,339.6,507,8.41,159.13,89,0,0,0,0,0
2024-01-10 18:00,18,1,2,1,19.3,72.5,149.9,362,8.39,91.43,88,0,0,0,0,0
2024-01-10 19:00,19,1,2,1,19.6,71.3,12.2,125,8.47,34.22,89,0,0,0,0,0
2024-01-10 20:00,20,1,2,1,19.4,69.1,0.0,170,8.48,39.43,87,0,0,0,0,0
2024-01-10 21:00,21,1,2,1,20.1,70.9,0.0,36,8.5,16.09,93,0,0,0,0,0
2024-01-10 22:00,22,1,2,1,21.6,72.7,0.0,4,8.33,21.83,93,0,0,0,0,0
2024-01-10 23:00,23,1,2,1,21.6,63.6,0.0,46,8.51,9.45,94,0,0,0,0,0
2024-01-11 00:00,0,1,3,1,18.0,65.5,0.0,37,8.41,11.01,92,0,0,0,0,0
2024-01-11 01:00,1,1,3,1,18.0,62.1,0.0,13,8.38,8.83,97,0,0,0,0,0
2024-01-11 02:00,2,1,3,1,18.0,60.6,0.0,18,8.49,8.4,99,0,0,0,0,0
2024-01-11 03:00,3,1,3,1,18.0,59.9,0.0,38,8.51,8.27,96,0,0,0,0,0
2024-01-11 04:00,4,1,3,1,18.0,61.7,0.0,2,8.56,5.0,92,0,0,0,0,0
2024-01-11 05:00,5,1,3,1,23.9,53.1,0.0,2,8.29,8.83,100,0,0,0,0,0
2024-01-11 06:00,6,1,3,1,25.7,60.1,0.0,10,7.49,26.37,94,0,0,0,0,0
2024-01-11 07:00,7,1,3,1,27.3,60.5,183.7,148,7.29,81.45,93,0,0,0,0,0
2024-01-11 08:00,8,1,3,1,27.2,58.2,322.1,507,7.35,148.45,80,0,0,0,0,0
2024-01-11 09:00,9,1,3,1,28.8,59.1,416.0,1123,7.5,258.57,81,0,0,0,0,0
2024-01-11 10:00,10,1,3,1,29.3,61.1,584.9,953,7.53,264.91,80,0,0,0,0,0
2024-01-11 11:00,11,1,3,1,29.6,64.9,627.5,1140,7.26,300.36,74,0,0,0,0,0
2024-01-11 12:00,12,1,3,1,29.8,65.7,695.3,936,7.47,289.43,77,0,0,0,0,0
2024-01-11 13:00,13,1,3,1,27.7,71.3,702.8,651,7.57,253.52,78,0,0,0,0,0
2024-01-11 14:00,14,1,3,1,26.8,70.4,649.8,1158,7.59,302.2,79,0,0,0,0,0
2024-01-11 15:00,15,1,3,1,26.5,69.1,543.6,1072,7.47,274.28,74,0,0,0,0,0
2024-01-11 16:00,16,1,3,1,25.1,73.7,455.6,1364,7.55,287.76,76,0,0,0,0,0
2024-01-11 17:00,17,1,3,1,24.1,74.4,326.1,563,8.41,159.58,87,0,0,0,0,0
2024-01-11 18:00,18,1,3,1,20.4,75.2,163.7,466,8.31,109.31,91,0,0,0,0,0
2024-01-11 19:00,19,1,3,1,20.0,74.6,0.0,83,8.31,30.41,92,0,0,0,0,0
2024-01-11 20:00,20,1,3,1,19.6,71.7,0.0,122,8.38,29.86,87,0,0,0,0,0
2024-01-11 21:00,21,1,3,1,19.2,71.4,0.0,57,8.52,21.37,95,0,0,0,0,0
2024-01-11 22:00,22,1,3,1,19.3,71.7,0.0,39,8.39,20.05,93,0,0,0,0,0
2024-01-11 23:00,23,1,3,1,20.7,62.4,0.0,34,8.8,10.38,92,0,0,0,0,0
2024-01-12 00:00,0,1,4,1,18.0,67.8,0.0,39,8.45,7.78,92,0,0,0,0,0
2024-01-12 01:00,1,1,4,1,18.0,61.8,0.0,3,8.57,5.3,98,0,0,0,0,0
2024-01-12 02:00,2,1,4,1,18.0,57.8,0.0,38,8.36,10.68,96,0,0,0,0,0
2024-01-12 03:00,3,1,4,1,18.0,61.4,0.0,2,8.12,6.16,93,0,0,0,0,0
2024-01-12 04:00,4,1,4,1,18.0,59.5,0.0,21,8.34,7.9,96,0,0,0,0,0
2024-01-12 05:00,5,1,4,1,23.3,61.7,0.0,33,8.24,11.64,98,0,0,0,0,0
2024-01-12 06:00,6,1,4,1,25.5,59.0,28.0,14,7.27,31.24,93,0,0,0,0,0
2024-01-12 07:00,7,1,4,1,25.1,60.5,170.7,165,7.65,75.84,95,0,0,0,0,0
2024-01-12 08:00,8,1,4,1,28.0,56.4,313.0,534,7.33,160.03,87,0,0,0,0,0
2024-01-12 09:00,9,1,4,1,26.9,60.7,462.7,1236,7.46,270.75,82,0,0,0,0,0
2024-01-12 10:00,10,1,4,1,29.2,61.1,586.1,979,7.51,272.22,83,0,0,0,0,0
2024-01-12 11:00,11,1,4,1,28.4,59.6,648.9,1287,7.66,317.54,81,0,0,0,0,0
2024-01-12 12:00,12,1,4,1,29.0,65.4,687.5,792,7.35,264.97,83,0,0,0,0,0
2024-01-12 13:00,13,1,4,1,27.8,66.6,681.2,874,7.42,272.72,79,0,0,0,0,0
2024-01-12 14:00,14,1,4,1,27.2,70.5,657.7,1215,7.58,315.81,74,0,0,0,0,0
2024-01-12 15:00,15,1,4,1,26.2,66.7,542.7,1368,7.47,308.06,71,0,0,0,0,0
2024-01-12 16:00,16,1,4,1,24.7,70.0,434.3,1003,8.48,236.34,83,0,0,0,0,0
2024-01-12 17:00,17,1,4,1,23.9,73.3,329.0,449,8.38,144.94,84,0,0,0,0,0
2024-01-12 18:00,18,1,4,1,19.8,69.6,198.3,439,8.36,111.75,91,0,0,0,0,0
2024-01-12 19:00,19,1,4,1,19.1,72.9,33.9,87,8.46,38.74,90,0,0,0,0,0
2024-01-12 20:00,20,1,4,1,20.2,68.9,0.0,196,8.37,41.06,87,0,0,0,0,0
2024-01-12 21:00,21,1,4,1,19.9,75.7,0.0,0,8.43,21.97,93,0,0,0,0,0
2024-01-12 22:00,22,1,4,1,20.2,69.8,0.0,11,8.55,15.67,99,0,0,0,0,0
2024-01-12 23:00,23,1,4,1,20.6,71.9,0.0,4,8.65,14.03,95,0,0,0,0,0
2024-01-13 00:00,0,1,5,0,18.0,61.3,0.0,0,8.63,6.99,99,0,0,0,0,0
2024-01-13 01:00,1,1,5,0,18.0,66.1,0.0,0,8.85,8.07,97,0,0,0,0,0
2024-01-13 02:00,2,1,5,0,18.0,65.4,0.0,0,8.3,12.6,100,0,0,0,0,0
2024-01-13 03:00,3,1,5,0,18.0,57.7,0.0,0,8.63,5.0,93,0,0,0,0,0
2024-01-13 04:00,4,1,5,0,18.0,56.0,0.0,0,8.43,5.74,98,0,0,0,0,0
2024-01-13 05:00,5,1,5,0,23.8,59.6,0.0,0,8.55,11.75,96,0,0,0,0,0
2024-01-13 06:00,6,1,5,0,24.6,65.8,0.0,0,8.69,21.39,96,0,0,0,0,0
2024-01-13 07:00,7,1,5,0,26.8,56.9,162.4,0,7.55,52.49,92,0,0,0,0,0
2024-01-13 08:00,8,1,5,0,27.6,59.2,385.0,0,7.45,103.04,94,0,0,0,0,0
2024-01-13 09:00,9,1,5,0,29.6,60.8,441.6,48,7.36,125.52,94,0,0,0,0,0
2024-01-13 10:00,10,1,5,0,28.7,58.7,584.6,55,7.46,148.6,89,0,0,0,0,0
2024-01-13 11:00,11,1,5,0,29.6,58.2,696.3,106,7.22,180.31,85,0,0,0,0,0
2024-01-13 12:00,12,1,5,0,29.4,66.6,690.1,38,7.83,170.79,85,0,0,0,0,0
2024-01-13 13:00,13,1,5,0,27.7,69.6,707.9,52,7.46,170.12,85,0,0,0,0,0
2024-01-13 14:00,14,1,5,0,28.8,65.7,673.7,21,7.63,167.85,89,0,0,0,0,0
2024-01-13 15:00,15,1,5,0,26.5,73.9,600.6,92,7.41,158.01,90,0,0,0,0,0
2024-01-13 16:00,16,1,5,0,25.2,71.1,450.2,106,7.64,126.77,89,0,0,0,0,0
2024-01-13 17:00,17,1,5,0,22.9,70.8,337.7,79,8.32,94.01,91,0,0,0,0,0
2024-01-13 18:00,18,1,5,0,20.1,72.4,186.9,0,8.82,56.25,94,0,0,0,0,0
2024-01-13 19:00,19,1,5,0,20.1,69.3,12.5,0,8.51,19.38,95,0,0,0,0,0
2024-01-13 20:00,20,1,5,0,20.0,71.6,0.0,0,8.55,21.01,95,0,0,0,0,0
2024-01-13 21:00,21,1,5,0,20.4,76.3,0.0,0,8.67,17.67,94,0,0,0,0,0
2024-01-13 22:00,22,1,5,0,20.1,66.0,0.0,0,8.39,12.29,91,0,0,0,0,0
2024-01-13 23:00,23,1,5,0,20.8,67.7,0.0,0,8.43,13.38,96,0,0,0,0,0
2024-01-14 00:00,0,1,6,0,18.0,61.7,0.0,0,8.51,7.87,94,0,0,0,0,0
2024-01-14 01:00,1,1,6,0,18.0,59.9,0.0,0,8.61,6.58,99,0,0,0,0,0
2024-01-14 02:00,2,1,6,0,18.0,63.3,0.0,0,8.36,8.73,95,0,0,0,0,0
2024-01-14 03:00,3,1,6,0,18.0,57.7,0.0,0,8.51,5.3,98,0,0,0,0,0
2024-01-14 04:00,4,1,6,0,18.0,60.0,0.0,0,8.39,5.11,99,0,0,0,0,0
2024-01-14 05:00,5,1,6,0,24.2,57.0,0.0,0,8.42,7.9,100,0,0,0,0,0
2024-01-14 06:00,6,1,6,0,24.6,61.0,13.8,0,8.59,27.66,97,0,0,0,0,0
2024-01-14 07:00,7,1,6,0,27.5,62.6,202.6,0,7.43,68.37,92,0,0,0,0,0
2024-01-14 08:00,8,1,6,0,27.4,53.7,336.5,0,7.52,89.84,99,0,0,0,0,0
2024-01-14 09:00,9,1,6,0,28.3,62.9,451.1,79,7.68,133.19,93,0,0,0,0,0
2024-01-14 10:00,10,1,6,0,28.4,64.7,566.4,48,7.75,149.88,90,0,0,0,0,0
2024-01-14 11:00,11,1,6,0,29.3,65.5,681.1,148,7.57,180.5,85,0,0,0,0,0
2024-01-14 12:00,12,1,6,0,29.0,66.2,671.9,113,7.47,174.74,86,0,0,0,0,0
2024-01-14 13:00,13,1,6,0,28.9,68.1,700.1,53,7.62,178.23,84,0,0,0,0,0
2024-01-14 14:00,14,1,6,0,27.7,68.9,670.9,155,7.57,179.85,88,0,0,0,0,0
2024-01-14 15:00,15,1,6,0,26.1,68.7,572.5,95,7.39,146.04,89,0,0,0,0,0
2024-01-14 16:00,16,1,6,0,25.3,74.6,473.8,72,7.4,124.91,87,0,0,0,0,0
2024-01-14 17:00,17,1,6,0,24.8,71.6,302.5,74,8.55,93.45,85,0,0,0,0,0
2024-01-14 18:00,18,1,6,0,19.1,73.6,173.5,0,8.9,49.41,87,0,0,0,0,0
2024-01-14 19:00,19,1,6,0,19.6,75.5,0.0,0,8.42,23.05,90,0,0,0,0,0
2024-01-14 20:00,20,1,6,0,21.0,74.4,0.0,0,8.57,16.59,91,0,0,0,0,0
2024-01-14 21:00,21,1,6,0,20.7,70.5,0.0,0,8.29,20.53,93,0,0,0,0,0
2024-01-14 22:00,22,1,6,0,21.1,67.9,0.0,0,8.24,13.95,94,0,0,0,0,0
2024-01-14 23:00,23,1,6,0,20.6,72.8,0.0,0,8.74,16.0,88,0,0,0,0,0
2024-01-15 00:00,0,1,0,1,18.0,61.5,0.0,7,8.31,5.51,98,0,0,0,0,0
2024-01-15 01:00,1,1,0,1,18.0,64.1,0.0,48,8.47,14.0,94,0,0,0,0,0
2024-01-15 02:00,2,1,0,1,18.0,60.3,0.0,27,8.56,7.39,95,0,0,0,0,0
2024-01-15 03:00,3,1,0,1,18.0,58.3,0.0,13,8.58,6.16,99,0,0,0,0,0
2024-01-15 04:00,4,1,0,1,18.0,56.3,0.0,4,8.62,5.0,99,0,0,0,0,0
2024-01-15 05:00,5,1,0,1,24.5,62.0,0.0,7,8.47,10.88,100,0,0,0,0,0
2024-01-15 06:00,6,1,0,1,25.1,57.4,7.7,30,7.18,23.7,97,0,0,0,0,0
2024-01-15 07:00,7,1,0,1,26.5,60.9,157.3,90,7.47,66.12,93,0,0,0,0,0
2024-01-15 08:00,8,1,0,1,26.6,56.8,340.3,720,7.33,181.92,86,0,0,0,0,0
2024-01-15 09:00,9,1,0,1,28.8,61.6,441.8,1089,7.51,261.56,77,0,0,0,0,0
2024-01-15 10:00,10,1,0,1,28.8,61.8,577.9,1368,7.28,319.85,77,0,0,0,0,0
2024-01-15 11:00,11,1,0,1,28.4,65.9,634.9,1230,7.41,311.11,78,0,0,0,0,0
2024-01-15 12:00,12,1,0,1,28.5,64.4,707.7,621,7.34,248.53,77,0,0,0,0,0
2024-01-15 13:00,13,1,0,1,28.3,66.0,736.4,862,7.57,288.82,82,0,0,0,0,0
2024-01-15 14:00,14,1,0,1,27.4,65.7,677.2,1056,7.43,291.7,84,0,0,0,0,0
2024-01-15 15:00,15,1,0,1,26.5,73.0,539.1,1104,7.64,277.42,78,0,0,0,0,0
2024-01-15 16:00,16,1,0,1,25.4,75.7,469.5,1228,7.63,280.64,73,0,0,0,0,0
2024-01-15 17:00,17,1,0,1,23.4,73.2,323.4,495,8.4,144.9,87,0,0,0,0,0
2024-01-15 18:00,18,1,0,1,19.5,74.0,142.7,527,8.48,112.89,86,0,0,0,0,0
2024-01-15 19:00,19,1,0,1,19.7,68.2,0.0,142,8.46,34.34,91,0,0,0,0,0
2024-01-15 20:00,20,1,0,1,19.8,75.9,0.0,102,8.67,30.86,90,0,0,0,0,0
2024-01-15 21:00,21,1,0,1,19.7,74.4,0.0,13,8.49,21.69,95,0,0,0,0,0
2024-01-15 22:00,22,1,0,1,19.4,67.8,0.0,55,8.55,23.3,90,0,0,0,0,0
2024-01-15 23:00,23,1,0,1,20.6,67.6,0.0,33,8.51,11.03,94,0,0,0,0,0
2024-01-16 00:00,0,1,1,1,18.0,65.5,0.0,33,8.47,12.03,96,0,0,0,0,0
2024-01-16 01:00,1,1,1,1,18.0,58.2,0.0,12,8.71,8.47,96,0,0,0,0,0
2024-01-16 02:00,2,1,1,1,18.0,61.6,0.0,19,8.44,6.64,97,0,0,0,0,0
2024-01-16 03:00,3,1,1,1,18.0,59.4,0.0,36,8.26,6.98,100,0,0,0,0,0
2024-01-16 04:00,4,1,1,1,18.0,63.0,0.0,33,8.74,10.35,96,0,0,0,0,0
2024-01-16 05:00,5,1,1,1,24.8,56.6,0.0,18,8.67,13.71,100,0,0,0,0,0
2024-01-16 06:00,6,1,1,1,24.1,51.5,2.9,1,8.61,14.99,96,0,0,0,0,0
2024-01-16 07:00,7,1,1,1,27.3,57.5,158.0,214,7.45,81.23,93,0,0,0,0,0
2024-01-16 08:00,8,1,1,1,27.8,54.6,287.9,468,7.46,140.8,88,0,0,0,0,0
2024-01-16 09:00,9,1,1,1,27.7,58.2,471.1,1301,7.48,286.07,79,0,0,0,0,0
2024-01-16 10:00,10,1,1,1,28.6,60.9,574.3,1192,7.49,290.39,80,0,0,0,0,0
2024-01-16 11:00,11,1,1,1,28.9,61.0,670.1,1106,7.56,300.6,78,0,0,0,0,0
2024-01-16 12:00,12,1,1,1,28.3,63.9,711.7,629,7.6,244.93,77,0,0,0,0,0
2024-01-16 13:00,13,1,1,1,27.9,60.0,708.4,656,7.7,246.41,83,0,0,0,0,0
2024-01-16 14:00,14,1,1,1,27.1,63.7,631.4,1273,7.37,312.34,77,0,0,0,0,0
2024-01-16 15:00,15,1,1,1,26.3,69.2,588.3,1024,7.65,275.32,76,0,0,0,0,0
2024-01-16 16:00,16,1,1,1,25.1,75.9,448.6,1231,7.47,278.64,77,0,0,0,0,0
2024-01-16 17:00,17,1,1,1,23.8,68.8,288.8,370,8.76,121.24,91,0,0,0,0,0
2024-01-16 18:00,18,1,1,1,19.4,73.7,176.0,511,8.69,118.49,85,0,0,0,0,0
2024-01-16 19:00,19,1,1,1,19.3,75.4,17.9,140,8.75,41.34,88,0,0,0,0,0
2024-01-16 20:00,20,1,1,1,19.5,74.1,0.0,153,8.59,37.8,93,0,0,0,0,0
2024-01-16 21:00,21,1,1,1,20.4,69.8,0.0,55,8.18,18.19,99,0,0,0,0,0
2024-01-16 22:00,22,1,1,1,19.7,69.6,0.0,17,8.53,23.5,91,0,0,0,0,0
2024-01-16 23:00,23,1,1,1,20.8,67.7,0.0,20,8.38,13.3,92,0,0,0,0,0
2024-01-17 00:00,0,1,2,1,18.0,59.4,0.0,34,8.52,11.95,97,0,0,0,0,0
2024-01-17 01:00,1,1,2,1,18.0,64.9,0.0,31,8.33,9.44,99,0,0,0,0,0
2024-01-17 02:00,2,1,2,1,18.0,66.8,0.0,17,8.39,11.38,93,0,0,0,0,0
2024-01-17 03:00,3,1,2,1,18.0,55.5,0.0,0,8.39,5.0,100,0,0,0,0,0
2024-01-17 04:00,4,1,2,1,18.0,58.2,0.0,27,8.71,5.0,97,0,0,0,0,0
2024-01-17 05:00,5,1,2,1,23.6,57.2,0.0,26,8.54,10.7,95,0,0,0,0,0
2024-01-17 06:00,6,1,2,1,26.3,53.5,0.0,6,7.67,24.09,98,0,0,0,0,0
2024-01-17 07:00,7,1,2,1,27.1,57.3,183.9,232,7.66,93.44,88,0,0,0,0,0
2024-01-17 08:00,8,1,2,1,27.3,57.9,333.6,634,7.35,172.31,93,0,0,0,0,0
2024-01-17 09:00,9,1,2,1,28.7,65.3,438.8,1020,7.64,252.45,82,0,0,0,0,0
2024-01-17 10:00,10,1,2,1,28.0,60.6,548.8,1176,7.62,286.22,82,0,0,0,0,0
2024-01-17 11:00,11,1,2,1,29.7,67.2,631.0,1100,7.6,301.43,76,0,0,0,0,0
2024-01-17 12:00,12,1,2,1,28.9,64.5,683.0,718,7.31,253.36,78,0,0,0,0,0
2024-01-17 13:00,13,1,2,1,28.2,70.0,690.6,735,7.39,264.57,81,0,0,0,0,0
2024-01-17 14:00,14,1,2,1,27.6,65.4,653.0,1172,7.72,301.96,76,0,0,0,0,0
2024-01-17 15:00,15,1,2,1,26.0,70.9,589.6,1192,7.53,296.11,75,0,0,0,0,0
2024-01-17 16:00,16,1,2,1,25.3,72.3,481.4,1104,7.43,259.09,79,0,0,0,0,0
2024-01-17 17:00,17,1,2,1,24.7,72.6,331.6,452,8.38,149.66,86,0,0,0,0,0
2024-01-17 18:00,18,1,2,1,19.6,75.0,116.9,468,8.52,102.72,89,0,0,0,0,0
2024-01-17 19:00,19,1,2,1,19.5,68.9,0.0,58,8.73,21.57,92,0,0,0,0,0
2024-01-17 20:00,20,1,2,1,19.5,71.7,0.0,173,8.55,41.68,95,0,0,0,0,0
2024-01-17 21:00,21,1,2,1,20.3,74.4,0.0,35,8.59,29.28,94,0,0,0,0,0
2024-01-17 22:00,22,1,2,1,20.8,65.2,0.0,34,8.71,16.11,93,0,0,0,0,0
2024-01-17 23:00,23,1,2,1,20.9,63.4,0.0,11,8.47,7.09,94,0,0,0,0,0
2024-01-18 00:00,0,1,3,1,18.0,71.2,0.0,19,8.47,13.67,93,0,0,0,0,0
2024-01-18 01:00,1,1,3,1,18.0,66.0,0.0,27,8.53,10.13,95,0,0,0,0,0
2024-01-18 02:00,2,1,3,1,18.0,60.3,0.0,8,8.25,7.33,96,0,0,0,0,0
2024-01-18 03:00,3,1,3,1,18.0,57.0,0.0,0,8.52,5.66,91,0,0,0,0,0
2024-01-18 04:00,4,1,3,1,18.0,57.9,0.0,16,8.52,8.19,94,0,0,0,0,0
2024-01-18 05:00,5,1,3,1,23.7,59.1,0.0,27,8.66,13.29,96,0,0,0,0,0
2024-01-18 06:00,6,1,3,1,26.0,57.1,0.0,11,7.51,18.76,99,0,0,0,0,0
2024-01-18 07:00,7,1,3,1,26.2,60.9,199.5,251,7.54,96.54,85,0,0,0,0,0
2024-01-18 08:00,8,1,3,1,27.8,55.2,275.4,453,7.74,132.75,87,0,0,0,0,0
2024-01-18 09:00,9,1,3,1,29.0,55.8,429.5,1134,7.81,260.29,79,0,0,0,0,0
2024-01-18 10:00,10,1,3,1,28.7,65.4,582.7,1043,7.77,282.33,84,0,0,0,0,0
2024-01-18 11:00,11,1,3,1,28.8,68.4,642.3,1102,7.22,302.79,75,0,0,0,0,0
2024-01-18 12:00,12,1,3,1,28.1,62.7,699.6,792,7.59,260.77,85,0,0,0,0,0
2024-01-18 13:00,13,1,3,1,28.4,68.2,720.0,750,7.55,268.34,77,0,0,0,0,0
2024-01-18 14:00,14,1,3,1,27.2,65.8,638.2,1157,7.78,295.7,78,0,0,0,0,0
2024-01-18 15:00,15,1,3,1,26.1,74.7,544.8,1317,7.85,307.43,71,0,0,0,0,0
2024-01-18 16:00,16,1,3,1,25.9,71.2,470.9,1050,7.45,253.52,81,0,0,0,0,0
2024-01-18 17:00,17,1,3,1,24.5,70.3,341.0,283,8.25,124.62,91,0,0,0,0,0
2024-01-18 18:00,18,1,3,1,19.7,70.0,182.2,468,8.46,112.14,84,0,0,0,0,0
2024-01-18 19:00,19,1,3,1,19.2,76.6,0.0,84,8.61,30.44,88,0,0,0,0,0
2024-01-18 20:00,20,1,3,1,19.8,74.2,0.0,162,8.27,37.17,89,0,0,0,0,0
2024-01-18 21:00,21,1,3,1,19.9,73.6,0.0,52,8.41,27.22,93,0,0,0,0,0
2024-01-18 22:00,22,1,3,1,20.8,66.5,0.0,56,8.33,24.58,91,0,0,0,0,0
2024-01-18 23:00,23,1,3,1,20.8,70.0,0.0,51,8.41,18.16,95,0,0,0,0,0
2024-01-19 00:00,0,1,4,1,18.0,66.0,0.0,42,8.56,15.29,96,0,0,0,0,0
2024-01-19 01:00,1,1,4,1,18.0,62.3,0.0,42,8.77,9.89,100,0,0,0,0,0
2024-01-19 02:00,2,1,4,1,18.0,58.4,0.0,25,8.37,10.71,96,0,0,0,0,0
2024-01-19 03:00,3,1,4,1,18.0,60.8,0.0,34,8.64,8.95,98,0,0,0,0,0
2024-01-19 04:00,4,1,4,1,18.0,57.4,0.0,2,8.51,5.24,100,0,0,0,0,0
2024-01-19 05:00,5,1,4,1,23.6,54.2,0.0,0,8.45,5.0,96,0,0,0,0,0
2024-01-19 06:00,6,1,4,1,25.5,60.0,0.0,25,7.48,24.57,93,0,0,0,0,0
2024-01-19 07:00,7,1,4,1,25.6,61.5,202.4,98,7.44,72.76,87,0,0,0,0,0
2024-01-19 08:00,8,1,4,1,28.1,52.0,308.7,638,7.52,165.1,88,0,0,0,0,0
2024-01-19 09:00,9,1,4,1,27.5,60.8,456.0,1000,7.55,242.64,75,0,0,0,0,0
2024-01-19 10:00,10,1,4,1,28.9,56.6,604.7,1241,7.43,308.61,76,0,0,0,0,0
2024-01-19 11:00,11,1,4,1,29.7,62.3,655.1,1400,7.55,342.83,74,0,0,0,0,0
2024-01-19 12:00,12,1,4,1,28.8,68.9,675.4,602,7.29,244.45,77,0,0,0,0,0
2024-01-19 13:00,13,1,4,1,27.9,63.1,699.6,701,7.23,248.04,83,0,0,0,0,0
2024-01-19 14:00,14,1,4,1,27.3,65.5,633.7,1012,7.54,280.38,78,0,0,0,0,0
2024-01-19 15:00,15,1,4,1,26.0,70.0,577.8,1321,7.5,308.41,73,0,0,0,0,0
2024-01-19 16:00,16,1,4,1,24.7,67.1,436.4,1193,8.37,259.85,81,0,0,0,0,0
2024-01-19 17:00,17,1,4,1,24.5,73.2,351.3,234,8.32,118.17,89,0,0,0,0,0
2024-01-19 18:00,18,1,4,1,19.1,71.8,143.8,592,8.54,124.09,82,0,0,0,0,0
2024-01-19 19:00,19,1,4,1,19.4,73.6,0.0,171,8.63,42.32,86,0,0,0,0,0
2024-01-19 20:00,20,1,4,1,19.3,70.7,0.0,139,8.43,35.48,89,0,0,0,0,0
2024-01-19 21:00,21,1,4,1,19.6,74.2,0.0,41,8.75,25.57,87,0,0,0,0,0
2024-01-19 22:00,22,1,4,1,20.2,70.5,0.0,6,8.45,19.55,94,0,0,0,0,0
2024-01-19 23:00,23,1,4,1,20.5,65.3,0.0,4,8.29,8.09,95,0,0,0,0,0
2024-01-20 00:00,0,1,5,0,18.0,62.8,0.0,0,8.55,11.26,92,0,0,0,0,0
2024-01-20 01:00,1,1,5,0,18.0,59.6,0.0,0,8.28,7.51,98,0,0,0,0,0
2024-01-20 02:00,2,1,5,0,18.0,60.4,0.0,0,8.55,5.0,97,0,0,0,0,0
2024-01-20 03:00,3,1,5,0,18.0,52.8,0.0,0,8.48,5.0,100,0,0,0,0,0
2024-01-20 04:00,4,1,5,0,18.0,52.3,0.0,0,8.44,5.0,100,0,0,0,0,0
2024-01-20 05:00,5,1,5,0,24.2,55.6,0.0,0,8.48,14.32,98,0,0,0,0,0
2024-01-20 06:00,6,1,5,0,26.1,58.8,0.0,0,7.39,24.3,92,0,0,0,0,0
2024-01-20 07:00,7,1,5,0,25.6,57.0,165.7,0,7.58,55.63,97,0,0,0,0,0
2024-01-20 08:00,8,1,5,0,27.3,57.3,293.1,0,7.45,80.5,94,0,0,0,0,0
2024-01-20 09:00,9,1,5,0,28.7,62.0,494.7,176,7.61,146.75,88,0,0,0,0,0
2024-01-20 10:00,10,1,5,0,29.4,56.1,565.1,95,7.73,151.51,91,0,0,0,0,0
2024-01-20 11:00,11,1,5,0,28.8,64.5,628.9,105,7.37,167.16,82,0,0,0,0,0
2024-01-20 12:00,12,1,5,0,29.1,66.8,712.5,135,7.49,188.56,87,0,0,0,0,0
2024-01-20 13:00,13,1,5,0,28.5,73.1,657.1,46,7.69,170.97,85,0,0,0,0,0
2024-01-20 14:00,14,1,5,0,26.8,72.3,662.1,116,7.73,176.27,81,0,0,0,0,0
2024-01-20 15:00,15,1,5,0,26.8,76.4,565.1,90,7.38,154.92,85,0,0,0,0,0
2024-01-20 16:00,16,1,5,0,25.3,75.5,480.6,25,7.37,123.83,90,0,0,0,0,0
2024-01-20 17:00,17,1,5,0,23.5,72.8,324.7,118,8.57,94.97,91,0,0,0,0,0
2024-01-20 18:00,18,1,5,0,18.9,77.7,155.3,0,8.5,52.0,90,0,0,0,0,0
2024-01-20 19:00,19,1,5,0,19.3,72.5,0.0,0,8.42,19.94,89,0,0,0,0,0
2024-01-20 20:00,20,1,5,0,19.7,69.5,0.0,0,8.53,17.41,91,0,0,0,0,0
2024-01-20 21:00,21,1,5,0,20.8,68.5,0.0,0,8.82,15.17,91,0,0,0,0,0
2024-01-20 22:00,22,1,5,0,21.0,68.9,0.0,0,8.64,15.2,95,0,0,0,0,0
2024-01-20 23:00,23,1,5,0,21.5,64.2,0.0,0,8.51,8.98,94,0,0,0,0,0
2024-01-21 00:00,0,1,6,0,18.0,67.1,0.0,0,8.53,11.27,96,0,0,0,0,0
2024-01-21 01:00,1,1,6,0,18.0,63.7,0.0,0,8.62,8.43,99,0,0,0,0,0
2024-01-21 02:00,2,1,6,0,18.0,59.3,0.0,0,8.48,5.0,98,0,0,0,0,0
2024-01-21 03:00,3,1,6,0,18.0,55.8,0.0,0,8.48,5.0,100,0,0,0,0,0
2024-01-21 04:00,4,1,6,0,18.0,58.2,0.0,0,8.49,5.0,98,0,0,0,0,0
2024-01-21 05:00,5,1,6,0,23.5,56.7,0.0,0,8.61,8.58,100,0,0,0,0,0
2024-01-21 06:00,6,1,6,0,25.6,54.3,0.0,0,7.32,22.25,99,0,0,0,0,0
2024-01-21 07:00,7,1,6,0,26.4,54.3,155.0,0,7.34,53.3,95,0,0,0,0,0
2024-01-21 08:00,8,1,6,0,27.1,56.3,303.4,0,7.71,80.02,97,0,0,0,0,0
2024-01-21 09:00,9,1,6,0,28.2,55.5,457.8,76,7.49,123.79,93,0,0,0,0,0
2024-01-21 10:00,10,1,6,0,29.0,58.4,554.2,132,7.77,150.08,90,0,0,0,0,0
2024-01-21 11:00,11,1,6,0,29.1,63.1,653.7,165,7.09,182.73,88,0,0,0,0,0
2024-01-21 12:00,12,1,6,0,27.9,66.2,642.3,131,7.49,164.85,92,0,0,0,0,0
2024-01-21 13:00,13,1,6,0,28.2,67.7,701.3,28,7.69,169.98,82,0,0,0,0,0
2024-01-21 14:00,14,1,6,0,27.3,68.1,670.4,67,7.46,166.11,87,0,0,0,0,0
2024-01-21 15:00,15,1,6,0,26.8,66.7,572.6,162,7.49,160.45,87,0,0,0,0,0
2024-01-21 16:00,16,1,6,0,24.8,70.5,452.5,94,8.55,121.42,94,0,0,0,0,0
2024-01-21 17:00,17,1,6,0,23.0,75.4,378.1,163,8.46,107.73,91,0,0,0,0,0
2024-01-21 18:00,18,1,6,0,19.4,70.0,145.7,0,8.35,42.79,85,0,0,0,0,0
2024-01-21 19:00,19,1,6,0,19.1,72.0,0.0,0,8.42,17.0,94,0,0,0,0,0
2024-01-21 20:00,20,1,6,0,21.0,70.5,0.0,0,8.55,12.98,93,0,0,0,0,0
2024-01-21 21:00,21,1,6,0,20.9,66.5,0.0,0,8.58,17.01,95,0,0,0,0,0
2024-01-21 22:00,22,1,6,0,19.6,73.1,0.0,0,8.41,15.29,97,0,0,0,0,0
2024-01-21 23:00,23,1,6,0,20.6,71.4,0.0,0,8.49,9.82,95,0,0,0,0,0
2024-01-22 00:00,0,1,0,1,18.0,60.4,0.0,13,8.06,8.82,100,0,0,0,0,0
2024-01-22 01:00,1,1,0,1,18.0,67.8,0.0,18,8.59,13.21,93,0,0,0,0,0
2024-01-22 02:00,2,1,0,1,18.0,60.1,0.0,48,8.22,11.63,100,0,0,0,0,0
2024-01-22 03:00,3,1,0,1,18.0,54.6,0.0,15,8.32,5.0,96,0,0,0,0,0
2024-01-22 04:00,4,1,0,1,18.0,59.2,0.0,22,8.54,5.73,100,0,0,0,0,0
2024-01-22 05:00,5,1,0,1,24.9,58.1,0.0,3,8.41,16.83,96,0,0,0,0,0
2024-01-22 06:00,6,1,0,1,24.4,60.6,0.0,27,8.27,19.36,94,0,0,0,0,0
2024-01-22 07:00,7,1,0,1,27.5,55.5,153.2,147,7.31,73.54,91,0,0,0,0,0
2024-01-22 08:00,8,1,0,1,27.6,59.6,290.4,737,7.56,179.34,84,0,0,0,0,0
2024-01-22 09:00,9,1,0,1,27.3,62.5,445.9,1068,7.41,253.58,82,0,0,0,0,0
2024-01-22 10:00,10,1,0,1,28.1,61.6,591.2,987,7.73,269.43,75,0,0,0,0,0
2024-01-22 11:00,11,1,0,1,29.1,63.9,673.6,992,7.49,286.73,72,0,0,0,0,0
2024-01-22 12:00,12,1,0,1,28.9,60.0,689.9,646,7.41,247.24,82,0,0,0,0,0
2024-01-22 13:00,13,1,0,1,28.5,68.4,715.6,802,7.41,277.78,77,0,0,0,0,0
2024-01-22 14:00,14,1,0,1,27.7,67.4,619.7,1192,7.38,304.05,79,0,0,0,0,0
2024-01-22 15:00,15,1,0,1,25.9,73.3,574.5,1313,7.4,308.09,73,0,0,0,0,0
2024-01-22 16:00,16,1,0,1,24.4,73.7,467.1,1296,8.55,278.53,81,0,0,0,0,0
2024-01-22 17:00,17,1,0,1,24.2,75.0,322.0,589,8.58,163.8,86,0,0,0,0,0
2024-01-22 18:00,18,1,0,1,19.2,72.7,184.5,530,8.44,121.31,85,0,0,0,0,0
2024-01-22 19:00,19,1,0,1,20.1,68.6,0.0,128,8.66,31.48,89,0,0,0,0,0
2024-01-22 20:00,20,1,0,1,20.7,74.8,0.0,90,8.39,30.85,94,0,0,0,0,0
2024-01-22 21:00,21,1,0,1,20.4,70.3,0.0,27,8.65,18.41,95,0,0,0,0,0
2024-01-22 22:00,22,1,0,1,21.2,68.2,0.0,52,8.55,21.08,95,0,0,0,0,0
2024-01-22 23:00,23,1,0,1,19.6,67.7,0.0,34,8.45,14.77,95,0,0,0,0,0
2024-01-23 00:00,0,1,1,1,18.0,65.9,0.0,16,8.66,12.13,100,0,0,0,0,0
2024-01-23 01:00,1,1,1,1,18.0,59.8,0.0,17,8.59,8.65,99,0,0,0,0,0
2024-01-23 02:00,2,1,1,1,18.0,64.9,0.0,30,8.61,13.78,98,0,0,0,0,0
2024-01-23 03:00,3,1,1,1,18.0,59.9,0.0,1,8.49,5.0,99,0,0,0,0,0
2024-01-23 04:00,4,1,1,1,18.0,53.3,0.0,45,8.43,8.95,95,0,0,0,0,0
2024-01-23 05:00,5,1,1,1,24.4,58.7,0.0,29,8.37,10.56,94,0,0,0,0,0
2024-01-23 06:00,6,1,1,1,24.7,52.2,0.0,45,8.56,20.11,96,0,0,0,0,0
2024-01-23 07:00,7,1,1,1,26.5,57.7,177.3,125,7.56,70.95,91,0,0,0,0,0
2024-01-23 08:00,8,1,1,1,27.3,59.1,332.2,478,7.37,156.13,89,0,0,0,0,0
2024-01-23 09:00,9,1,1,1,29.0,62.3,493.5,1170,7.58,278.09,77,0,0,0,0,0
2024-01-23 10:00,10,1,1,1,28.6,63.3,571.7,1151,7.21,292.19,77,0,0,0,0,0
2024-01-23 11:00,11,1,1,1,28.5,62.5,671.5,1330,7.71,331.18,75,0,0,0,0,0
2024-01-23 12:00,12,1,1,1,28.6,66.1,674.8,888,7.6,274.28,78,0,0,0,0,0
2024-01-23 13:00,13,1,1,1,28.6,64.5,681.2,832,7.72,268.91,82,0,0,0,0,0
2024-01-23 14:00,14,1,1,1,27.2,68.3,639.5,1097,7.52,291.41,77,0,0,0,0,0
2024-01-23 15:00,15,1,1,1,26.9,74.3,578.8,1141,7.65,291.48,73,0,0,0,0,0
2024-01-23 16:00,16,1,1,1,25.4,65.4,475.1,1400,7.48,297.78,79,0,0,0,0,0
2024-01-23 17:00,17,1,1,1,25.0,69.2,295.8,257,7.77,116.14,87,0,0,0,0,0
2024-01-23 18:00,18,1,1,1,19.3,77.3,127.1,257,8.42,78.19,88,0,0,0,0,0
2024-01-23 19:00,19,1,1,1,20.6,77.7,0.0,84,8.44,33.57,87,0,0,0,0,0
2024-01-23 20:00,20,1,1,1,20.6,73.2,0.0,112,8.59,35.83,87,0,0,0,0,0
2024-01-23 21:00,21,1,1,1,20.2,66.3,0.0,59,8.7,16.45,95,0,0,0,0,0
2024-01-23 22:00,22,1,1,1,20.4,73.2,0.0,43,8.46,25.17,93,0,0,0,0,0
2024-01-23 23:00,23,1,1,1,20.7,68.2,0.0,31,8.48,15.05,91,0,0,0,0,0
2024-01-24 00:00,0,1,2,1,18.0,62.6,0.0,22,8.4,7.51,97,0,0,0,0,0
2024-01-24 01:00,1,1,2,1,18.0,64.6,0.0,4,8.11,9.28,92,0,0,0,0,0
2024-01-24 02:00,2,1,2,1,18.0,58.1,0.0,38,8.65,7.5,100,0,0,0,0,0
2024-01-24 03:00,3,1,2,1,18.0,57.3,0.0,14,8.39,5.0,99,0,0,0,0,0
2024-01-24 04:00,4,1,2,1,18.0,59.7,0.0,7,8.57,5.56,93,0,0,0,0,0
2024-01-24 05:00,5,1,2,1,24.6,61.1,0.0,40,8.41,21.29,94,0,0,0,0,0
2024-01-24 06:00,6,1,2,1,25.9,55.2,0.0,40,7.59,25.91,93,0,0,0,0,0
2024-01-24 07:00,7,1,2,1,27.6,57.4,187.1,283,7.46,102.07,89,0,0,0,0,0
2024-01-24 08:00,8,1,2,1,27.5,58.7,261.9,601,7.43,157.55,83,0,0,0,0,0
2024-01-24 09:00,9,1,2,1,28.4,56.1,461.8,1372,7.38,293.37,79,0,0,0,0,0
2024-01-24 10:00,10,1,2,1,29.1,62.2,576.1,1101,7.56,291.26,75,0,0,0,0,0
2024-01-24 11:00,11,1,2,1,29.4,64.1,647.1,928,7.28,281.98,74,0,0,0,0,0
2024-01-24 12:00,12,1,2,1,29.2,66.2,708.3,644,7.54,253.79,82,0,0,0,0,0
2024-01-24 13:00,13,1,2,1,27.8,67.9,686.8,777,7.6,262.67,80,0,0,0,0,0
2024-01-24 14:00,14,1,2,1,28.3,59.5,632.6,1307,7.68,312.38,79,0,0,0,0,0
2024-01-24 15:00,15,1,2,1,26.5,68.5,605.2,1046,7.48,276.13,81,0,0,0,0,0
2024-01-24 16:00,16,1,2,1,24.1,74.1,423.2,1140,8.56,253.67,79,0,0,0,0,0
2024-01-24 17:00,17,1,2,1,24.4,72.6,306.7,510,8.45,150.16,84,0,0,0,0,0
2024-01-24 18:00,18,1,2,1,19.5,77.0,162.6,327,8.37,93.33,87,0,0,0,0,0
2024-01-24 19:00,19,1,2,1,18.6,75.7,6.6,198,8.69,48.83,91,0,0,0,0,0
2024-01-24 20:00,20,1,2,1,18.8,72.2,0.0,72,8.37,28.4,91,0,0,0,0,0
2024-01-24 21:00,21,1,2,1,19.7,71.2,0.0,48,8.59,18.29,94,0,0,0,0,0
2024-01-24 22:00,22,1,2,1,18.9,76.6,0.0,37,8.52,26.53,88,0,0,0,0,0
2024-01-24 23:00,23,1,2,1,21.0,66.2,0.0,18,8.54,9.17,90,0,0,0,0,0
2024-01-25 00:00,0,1,3,1,18.0,64.9,0.0,2,8.42,11.47,100,0,0,0,0,0
2024-01-25 01:00,1,1,3,1,18.0,61.6,0.0,15,8.43,5.57,100,0,0,0,0,0
2024-01-25 02:00,2,1,3,1,18.0,65.1,0.0,39,8.53,11.19,94,0,0,0,0,0
2024-01-25 03:00,3,1,3,1,18.0,59.9,0.0,20,8.44,6.66,94,0,0,0,0,0
2024-01-25 04:00,4,1,3,1,18.0,57.7,0.0,24,8.46,5.18,97,0,0,0,0,0
2024-01-25 05:00,5,1,3,1,24.2,53.1,0.0,7,8.28,9.57,96,0,0,0,0,0
2024-01-25 06:00,6,1,3,1,25.5,55.4,0.0,28,7.7,22.69,93,0,0,0,0,0
2024-01-25 07:00,7,1,3,1,26.8,59.9,187.6,273,7.55,101.14,95,0,0,0,0,0
2024-01-25 08:00,8,1,3,1,27.8,56.7,315.3,585,7.54,160.7,86,0,0,0,0,0
2024-01-25 09:00,9,1,3,1,29.6,62.3,482.1,1017,7.5,260.81,79,0,0,0,0,0
2024-01-25 10:00,10,1,3,1,28.7,58.8,577.7,1145,7.62,290.17,77,0,0,0,0,0
2024-01-25 11:00,11,1,3,1,29.9,60.2,661.8,1193,7.47,318.16,75,0,0,0,0,0
2024-01-25 12:00,12,1,3,1,28.2,65.9,692.4,903,7.45,281.5,82,0,0,0,0,0
2024-01-25 13:00,13,1,3,1,27.9,58.6,680.4,872,7.35,260.19,87,0,0,0,0,0
2024-01-25 14:00,14,1,3,1,27.6,62.3,662.3,1219,7.36,315.31,81,0,0,0,0,0
2024-01-25 15:00,15,1,3,1,26.6,79.7,569.4,1117,7.48,290.67,76,0,0,0,0,0
2024-01-25 16:00,16,1,3,1,27.2,69.4,480.3,1018,7.3,256.38,82,0,0,0,0,0
2024-01-25 17:00,17,1,3,1,23.8,72.2,349.9,592,8.45,168.47,86,0,0,0,0,0
2024-01-25 18:00,18,1,3,1,19.3,66.7,157.3,578,8.81,113.09,88,0,0,0,0,0
2024-01-25 19:00,19,1,3,1,18.1,67.2,0.0,74,8.66,22.89,98,0,0,0,0,0
2024-01-25 20:00,20,1,3,1,20.3,73.5,0.0,195,8.53,45.13,89,0,0,0,0,0
2024-01-25 21:00,21,1,3,1,19.2,73.4,0.0,44,8.81,23.16,89,0,0,0,0,0
2024-01-25 22:00,22,1,3,1,21.0,72.2,0.0,59,8.5,18.26,93,0,0,0,0,0
2024-01-25 23:00,23,1,3,1,21.3,66.4,0.0,52,8.54,13.61,94,0,0,0,0,0
2024-01-26 00:00,0,1,4,1,18.0,63.7,0.0,42,8.31,7.5,96,0,0,0,0,0
2024-01-26 01:00,1,1,4,1,18.0,63.8,0.0,23,8.5,9.92,91,0,0,0,0,0
2024-01-26 02:00,2,1,4,1,18.0,61.3,0.0,44,8.73,16.08,91,0,0,0,0,0
2024-01-26 03:00,3,1,4,1,18.0,59.6,0.0,26,8.44,8.48,95,0,0,0,0,0
2024-01-26 04:00,4,1,4,1,18.0,56.0,0.0,45,8.57,5.77,95,0,0,0,0,0
2024-01-26 05:00,5,1,4,1,23.5,58.2,0.0,13,8.52,11.77,100,0,0,0,0,0
2024-01-26 06:00,6,1,4,1,25.4,58.2,1.6,25,7.53,24.13,93,0,0,0,0,0
2024-01-26 07:00,7,1,4,1,27.9,59.2,160.8,145,7.5,78.72,93,0,0,0,0,0
2024-01-26 08:00,8,1,4,1,26.7,57.3,316.6,488,7.49,145.57,87,0,0,0,0,0
2024-01-26 09:00,9,1,4,1,28.7,58.3,477.5,1279,7.56,286.16,79,0,0,0,0,0
2024-01-26 10:00,10,1,4,1,29.3,59.0,562.2,1267,7.66,306.74,73,0,0,0,0,0
2024-01-26 11:00,11,1,4,1,28.9,59.3,674.3,1298,7.37,332.63,76,0,0,0,0,0
2024-01-26 12:00,12,1,4,1,28.2,58.8,700.4,804,7.37,263.45,80,0,0,0,0,0
2024-01-26 13:00,13,1,4,1,28.5,64.1,722.3,796,7.3,269.11,81,0,0,0,0,0
2024-01-26 14:00,14,1,4,1,27.3,70.1,650.5,1129,7.53,300.22,69,0,0,0,0,0
2024-01-26 15:00,15,1,4,1,26.4,68.0,604.9,1286,7.37,308.81,77,0,0,0,0,0
2024-01-26 16:00,16,1,4,1,25.8,74.4,511.8,1109,7.71,274.27,76,0,0,0,0,0
2024-01-26 17:00,17,1,4,1,23.5,70.2,341.5,348,8.6,131.56,87,0,0,0,0,0
2024-01-26 18:00,18,1,4,1,21.1,71.7,146.1,523,8.56,112.81,92,0,0,0,0,0
2024-01-26 19:00,19,1,4,1,19.8,79.4,0.0,100,8.56,37.4,86,0,0,0,0,0
2024-01-26 20:00,20,1,4,1,20.4,73.9,0.0,124,8.45,36.48,92,0,0,0,0,0
2024-01-26 21:00,21,1,4,1,20.6,69.5,0.0,10,8.62,13.04,90,0,0,0,0,0
2024-01-26 22:00,22,1,4,1,20.3,66.8,0.0,34,8.2,17.76,92,0,0,0,0,0
2024-01-26 23:00,23,1,4,1,21.5,65.1,0.0,7,8.57,7.46,98,0,0,0,0,0
2024-01-27 00:00,0,1,5,0,18.0,72.8,0.0,0,8.32,15.14,88,0,0,0,0,0
2024-01-27 01:00,1,1,5,0,18.0,60.6,0.0,0,8.51,7.94,99,0,0,0,0,0
2024-01-27 02:00,2,1,5,0,18.0,62.2,0.0,0,8.32,9.91,100,0,0,0,0,0
2024-01-27 03:00,3,1,5,0,18.0,54.9,0.0,0,8.36,5.0,100,0,0,0,0,0
2024-01-27 04:00,4,1,5,0,18.0,58.9,0.0,0,8.47,6.52,97,0,0,0,0,0
2024-01-27 05:00,5,1,5,0,24.6,56.9,0.0,0,8.37,9.91,100,0,0,0,0,0
2024-01-27 06:00,6,1,5,0,24.8,55.0,3.8,0,8.46,13.64,100,0,0,0,0,0
2024-01-27 07:00,7,1,5,0,26.6,60.5,143.6,0,7.53,52.98,94,0,0,0,0,0
2024-01-27 08:00,8,1,5,0,27.8,56.5,290.4,0,7.46,81.91,92,0,0,0,0,0
2024-01-27 09:00,9,1,5,0,28.0,58.3,448.2,38,7.62,118.46,88,0,0,0,0,0
2024-01-27 10:00,10,1,5,0,29.4,61.8,558.1,28,7.5,138.12,88,0,0,0,0,0
2024-01-27 11:00,11,1,5,0,29.4,63.4,662.0,152,7.67,177.07,81,0,0,0,0,0
2024-01-27 12:00,12,1,5,0,28.5,62.9,689.0,37,7.51,167.23,88,0,0,0,0,0
2024-01-27 13:00,13,1,5,0,28.0,63.3,726.7,143,7.33,185.97,87,0,0,0,0,0
2024-01-27 14:00,14,1,5,0,27.4,70.3,691.6,174,7.5,185.41,84,0,0,0,0,0
2024-01-27 15:00,15,1,5,0,26.0,73.2,609.8,164,7.5,162.45,89,0,0,0,0,0
2024-01-27 16:00,16,1,5,0,25.1,78.5,438.2,31,7.33,116.09,91,0,0,0,0,0
2024-01-27 17:00,17,1,5,0,24.1,67.0,340.0,82,8.55,93.71,95,0,0,0,0,0
2024-01-27 18:00,18,1,5,0,19.4,75.7,153.1,0,8.44,47.02,89,0,0,0,0,0
2024-01-27 19:00,19,1,5,0,20.1,70.8,0.0,0,8.34,15.67,92,0,0,0,0,0
2024-01-27 20:00,20,1,5,0,18.1,74.3,0.0,0,8.47,13.5,88,0,0,0,0,0
2024-01-27 21:00,21,1,5,0,20.7,71.9,0.0,0,8.55,11.7,90,0,0,0,0,0
2024-01-27 22:00,22,1,5,0,20.3,65.6,0.0,0,8.53,14.05,100,0,0,0,0,0
2024-01-27 23:00,23,1,5,0,21.5,66.8,0.0,0,8.43,9.01,98,0,0,0,0,0
2024-01-28 00:00,0,1,6,0,18.0,62.4,0.0,0,8.2,10.03,99,0,0,0,0,0
2024-01-28 01:00,1,1,6,0,18.0,64.1,0.0,0,8.62,6.73,97,0,0,0,0,0
2024-01-28 02:00,2,1,6,0,18.0,60.1,0.0,0,8.11,5.0,100,0,0,0,0,0
2024-01-28 03:00,3,1,6,0,18.0,59.5,0.0,0,8.59,5.0,100,0,0,0,0,0
2024-01-28 04:00,4,1,6,0,18.0,54.4,0.0,0,8.29,5.0,100,0,0,0,0,0
2024-01-28 05:00,5,1,6,0,22.7,62.0,0.0,0,8.44,11.36,97,0,0,0,0,0
2024-01-28 06:00,6,1,6,0,25.5,55.1,5.8,0,7.24,16.2,95,0,0,0,0,0
2024-01-28 07:00,7,1,6,0,27.6,56.5,184.7,0,7.6,62.26,92,0,0,0,0,0
2024-01-28 08:00,8,1,6,0,27.1,59.9,349.8,0,7.16,89.39,95,0,0,0,0,0
2024-01-28 09:00,9,1,6,0,28.3,58.2,436.4,32,7.58,119.72,92,0,0,0,0,0
2024-01-28 10:00,10,1,6,0,28.7,57.8,626.1,126,7.45,160.3,96,0,0,0,0,0
2024-01-28 11:00,11,1,6,0,28.7,68.0,669.1,126,7.15,178.0,87,0,0,0,0,0
2024-01-28 12:00,12,1,6,0,28.7,64.8,707.7,160,7.28,185.8,77,0,0,0,0,0
2024-01-28 13:00,13,1,6,0,28.5,68.3,689.6,165,7.46,190.22,88,0,0,0,0,0
2024-01-28 14:00,14,1,6,0,27.7,69.0,634.5,44,7.42,161.18,85,0,0,0,0,0
2024-01-28 15:00,15,1,6,0,26.5,71.5,560.0,121,7.31,157.88,86,0,0,0,0,0
2024-01-28 16:00,16,1,6,0,24.9,75.5,409.4,69,8.73,115.42,87,0,0,0,0,0
2024-01-28 17:00,17,1,6,0,24.7,68.4,331.7,30,8.6,91.13,93,0,0,0,0,0
2024-01-28 18:00,18,1,6,0,18.5,75.7,159.9,0,8.51,54.18,92,0,0,0,0,0
2024-01-28 19:00,19,1,6,0,19.3,72.2,0.0,0,8.45,17.57,87,0,0,0,0,0
2024-01-28 20:00,20,1,6,0,19.3,73.4,0.0,0,8.76,20.77,90,0,0,0,0,0
2024-01-28 21:00,21,1,6,0,20.4,68.4,0.0,0,8.63,13.71,96,0,0,0,0,0
2024-01-28 22:00,22,1,6,0,21.8,66.0,0.0,0,8.45,12.8,87,0,0,0,0,0
2024-01-28 23:00,23,1,6,0,21.6,69.4,0.0,0,8.24,14.52,97,0,0,0,0,0
2024-01-29 00:00,0,1,0,1,18.0,65.2,0.0,42,8.25,9.08,94,0,0,0,0,0
2024-01-29 01:00,1,1,0,1,18.0,61.8,0.0,23,8.54,6.89,92,0,0,0,0,0
2024-01-29 02:00,2,1,0,1,18.0,63.1,0.0,11,8.52,5.0,100,0,0,0,0,0
2024-01-29 03:00,3,1,0,1,18.0,63.2,0.0,8,7.97,10.23,95,0,0,0,0,0
2024-01-29 04:00,4,1,0,1,18.0,57.0,0.0,25,8.41,5.0,98,0,0,0,0,0
2024-01-29 05:00,5,1,0,1,24.9,55.7,0.0,25,8.39,17.26,99,0,0,0,0,0
2024-01-29 06:00,6,1,0,1,25.1,56.7,0.0,0,7.59,13.18,99,0,0,0,0,0
2024-01-29 07:00,7,1,0,1,27.9,58.4,156.5,158,7.63,81.06,92,0,0,0,0,0
2024-01-29 08:00,8,1,0,1,27.8,59.4,316.8,528,7.46,153.33,85,0,0,0,0,0
2024-01-29 09:00,9,1,0,1,28.7,58.4,443.5,998,7.52,244.16,84,0,0,0,0,0
2024-01-29 10:00,10,1,0,1,28.7,60.2,564.6,1302,7.79,312.05,77,0,0,0,0,0
2024-01-29 11:00,11,1,0,1,29.1,64.4,653.4,960,7.5,279.65,82,0,0,0,0,0
2024-01-29 12:00,12,1,0,1,28.0,61.9,691.0,696,7.64,247.22,82,0,0,0,0,0
2024-01-29 13:00,13,1,0,1,28.2,73.0,680.3,932,7.53,287.25,78,0,0,0,0,0
2024-01-29 14:00,14,1,0,1,27.0,65.1,660.7,998,7.54,283.23,80,0,0,0,0,0
2024-01-29 15:00,15,1,0,1,27.5,79.1,559.0,1017,7.26,275.86,73,0,0,0,0,0
2024-01-29 16:00,16,1,0,1,25.2,71.2,526.2,1030,7.6,259.66,84,0,0,0,0,0
2024-01-29 17:00,17,1,0,1,23.9,68.9,278.5,560,8.55,149.64,85,0,0,0,0,0
2024-01-29 18:00,18,1,0,1,18.0,70.6,181.2,372,8.53,99.47,88,0,0,0,0,0
2024-01-29 19:00,19,1,0,1,20.7,67.4,0.0,59,8.54,21.15,93,0,0,0,0,0
2024-01-29 20:00,20,1,0,1,18.8,76.3,0.0,104,8.6,35.15,85,0,0,0,0,0
2024-01-29 21:00,21,1,0,1,20.0,70.5,0.0,32,8.7,19.08,92,0,0,0,0,0
2024-01-29 22:00,22,1,0,1,20.9,66.1,0.0,23,8.36,10.84,98,0,0,0,0,0
2024-01-29 23:00,23,1,0,1,20.0,63.4,0.0,27,8.64,7.86,94,0,0,0,0,0
2024-01-30 00:00,0,1,1,1,18.0,63.8,0.0,31,8.3,16.09,98,0,0,0,0,0
2024-01-30 01:00,1,1,1,1,18.0,63.2,0.0,21,8.35,6.27,100,0,0,0,0,0
2024-01-30 02:00,2,1,1,1,18.0,58.5,0.0,23,8.61,5.0,100,0,0,0,0,0
2024-01-30 03:00,3,1,1,1,18.0,62.9,0.0,16,8.74,9.62,89,0,0,0,0,0
2024-01-30 04:00,4,1,1,1,18.0,61.3,0.0,17,8.47,5.0,94,0,0,0,0,0
2024-01-30 05:00,5,1,1,1,25.1,57.6,0.0,40,7.57,18.07,91,0,0,0,0,0
2024-01-30 06:00,6,1,1,1,25.7,60.8,0.0,6,7.52,23.8,96,0,0,0,0,0
2024-01-30 07:00,7,1,1,1,27.1,58.0,135.2,255,7.37,83.29,84,0,0,0,0,0
2024-01-30 08:00,8,1,1,1,28.5,61.8,334.1,634,7.26,182.57,83,0,0,0,0,0
2024-01-30 09:00,9,1,1,1,28.2,63.1,456.1,1236,7.41,276.17,77,0,0,0,0,0
2024-01-30 10:00,10,1,1,1,28.8,63.4,561.8,1305,7.52,316.3,73,0,0,0,0,0
2024-01-30 11:00,11,1,1,1,28.2,72.6,650.2,1315,7.63,333.11,75,0,0,0,0,0
2024-01-30 12:00,12,1,1,1,28.8,58.5,708.6,651,7.54,246.81,87,0,0,0,0,0
2024-01-30 13:00,13,1,1,1,29.1,64.0,696.8,836,7.74,273.34,81,0,0,0,0,0
2024-01-30 14:00,14,1,1,1,27.3,69.9,665.3,1019,7.32,289.06,80,0,0,0,0,0
2024-01-30 15:00,15,1,1,1,25.9,66.2,587.3,1063,7.36,273.78,80,0,0,0,0,0
2024-01-30 16:00,16,1,1,1,24.3,69.4,487.0,1389,8.47,292.34,84,0,0,0,0,0
2024-01-30 17:00,17,1,1,1,24.5,75.4,331.4,500,8.48,158.23,86,0,0,0,0,0
2024-01-30 18:00,18,1,1,1,19.9,67.1,137.4,375,8.41,85.87,97,0,0,0,0,0
2024-01-30 19:00,19,1,1,1,19.2,70.6,0.0,72,8.52,29.78,96,0,0,0,0,0
2024-01-30 20:00,20,1,1,1,21.2,70.9,0.0,55,8.69,22.46,95,0,0,0,0,0
2024-01-30 21:00,21,1,1,1,19.4,72.9,0.0,20,8.56,23.09,95,0,0,0,0,0
2024-01-30 22:00,22,1,1,1,22.1,70.8,0.0,44,8.85,22.63,95,0,0,0,0,0
2024-01-30 23:00,23,1,1,1,21.3,63.7,0.0,50,8.34,12.47,97,0,0,0,0,0
2024-01-31 00:00,0,1,2,1,18.0,62.7,0.0,17,8.61,9.68,96,0,0,0,0,0
2024-01-31 01:00,1,1,2,1,18.0,63.6,0.0,42,8.74,10.8,91,0,0,0,0,0
2024-01-31 02:00,2,1,2,1,18.0,60.9,0.0,27,8.56,9.32,100,0,0,0,0,0
2024-01-31 03:00,3,1,2,1,18.0,61.5,0.0,10,8.53,5.0,98,0,0,0,0,0
2024-01-31 04:00,4,1,2,1,18.0,61.3,0.0,23,8.32,10.52,94,0,0,0,0,0
2024-01-31 05:00,5,1,2,1,24.3,55.0,0.0,21,8.56,13.1,98,0,0,0,0,0
2024-01-31 06:00,6,1,2,1,25.2,54.7,3.0,19,7.53,20.13,100,0,0,0,0,0
2024-01-31 07:00,7,1,2,1,26.0,57.4,162.5,227,7.77,81.3,91,0,0,0,0,0
2024-01-31 08:00,8,1,2,1,27.6,56.6,344.4,751,7.49,187.58,92,0,0,0,0,0
2024-01-31 09:00,9,1,2,1,28.1,63.2,435.5,926,7.38,235.33,80,0,0,0,0,0
2024-01-31 10:00,10,1,2,1,28.3,56.3,577.9,963,7.63,256.16,87,0,0,0,0,0
2024-01-31 11:00,11,1,2,1,29.4,58.9,616.1,1308,7.48,320.77,79,0,0,0,0,0
2024-01-31 12:00,12,1,2,1,28.6,70.9,660.3,623,7.7,246.13,76,0,0,0,0,0
2024-01-31 13:00,13,1,2,1,28.3,69.1,714.5,703,7.09,259.2,79,0,0,0,0,0
2024-01-31 14:00,14,1,2,1,27.3,65.7,643.5,1105,7.65,301.21,75,0,0,0,0,0
2024-01-31 15:00,15,1,2,1,27.8,69.1,538.9,1130,7.37,278.71,75,0,0,0,0,0
2024-01-31 16:00,16,1,2,1,26.1,71.8,488.2,1219,7.49,280.9,74,0,0,0,0,0
2024-01-31 17:00,17,1,2,1,23.7,75.9,351.0,365,8.5,136.16,88,0,0,0,0,0
2024-01-31 18:00,18,1,2,1,19.2,77.0,148.7,271,8.64,84.89,89,0,0,0,0,0
2024-01-31 19:00,19,1,2,1,19.8,74.2,0.0,100,8.71,36.46,92,0,0,0,0,0
2024-01-31 20:00,20,1,2,1,19.7,65.3,0.0,104,8.61,23.59,95,0,0,0,0,0
2024-01-31 21:00,21,1,2,1,19.6,71.5,0.0,16,8.52,18.63,96,0,0,0,0,0
2024-01-31 22:00,22,1,2,1,21.1,70.5,0.0,9,8.38,17.83,93,0,0,0,0,0
2024-01-31 23:00,23,1,2,1,20.5,64.0,0.0,54,8.56,12.05,96,0,0,0,0,0
2024-02-01 00:00,0,2,3,1,18.0,65.1,0.0,10,8.6,5.36,97,0,0,0,0,0
2024-02-01 01:00,1,2,3,1,18.0,64.2,0.0,41,8.47,9.37,92,0,0,0,0,0
2024-02-01 02:00,2,2,3,1,18.0,56.2,0.0,10,8.63,5.0,97,0,0,0,0,0
2024-02-01 03:00,3,2,3,1,18.0,56.7,0.0,18,8.62,5.16,99,0,0,0,0,0
2024-02-01 04:00,4,2,3,1,18.0,58.7,0.0,31,8.6,9.73,95,0,0,0,0,0
2024-02-01 05:00,5,2,3,1,26.3,54.3,0.0,42,7.65,18.99,91,0,0,0,0,0
2024-02-01 06:00,6,2,3,1,26.0,58.2,12.4,17,7.52,26.86,94,0,0,0,0,0
2024-02-01 07:00,7,2,3,1,27.3,53.1,169.7,293,7.64,91.69,91,0,0,0,0,0
2024-02-01 08:00,8,2,3,1,28.6,53.8,350.1,534,7.69,165.4,89,0,0,0,0,0
2024-02-01 09:00,9,2,3,1,29.3,54.5,490.5,1114,7.2,268.4,78,0,0,0,0,0
2024-02-01 10:00,10,2,3,1,30.2,63.4,645.0,1018,7.48,293.36,74,0,0,0,0,0
2024-02-01 11:00,11,2,3,1,30.2,66.2,704.1,1326,7.64,345.98,70,0,0,0,0,0
2024-02-01 12:00,12,2,3,1,29.8,65.8,753.3,669,7.76,270.86,76,0,0,0,0,0
2024-02-01 13:00,13,2,3,1,30.4,61.3,764.0,684,7.52,266.7,81,0,0,0,0,0
2024-02-01 14:00,14,2,3,1,28.0,67.5,693.9,1291,7.51,333.04,73,0,0,0,0,0
2024-02-01 15:00,15,2,3,1,27.5,65.7,627.9,1245,7.31,312.89,73,0,0,0,0,0
2024-02-01 16:00,16,2,3,1,25.8,69.3,523.4,1005,7.37,252.07,77,0,0,0,0,0
2024-02-01 17:00,17,2,3,1,23.6,68.3,341.4,474,8.48,143.12,91,0,0,0,0,0
2024-02-01 18:00,18,2,3,1,19.2,65.8,176.9,294,8.64,81.56,94,0,0,0,0,0
2024-02-01 19:00,19,2,3,1,21.1,64.8,0.0,81,8.34,16.76,98,0,0,0,0,0
2024-02-01 20:00,20,2,3,1,20.5,69.3,0.0,78,8.6,24.62,91,0,0,0,0,0
2024-02-01 21:00,21,2,3,1,21.0,67.2,0.0,9,8.45,15.14,94,0,0,0,0,0
2024-02-01 22:00,22,2,3,1,21.6,58.9,0.0,33,8.33,11.21,97,0,0,0,0,0
2024-02-01 23:00,23,2,3,1,22.3,57.9,0.0,7,8.61,8.06,94,0,0,0,0,0
2024-02-02 00:00,0,2,4,1,18.0,66.0,0.0,4,8.77,12.87,96,0,0,0,0,0
2024-02-02 01:00,1,2,4,1,18.0,54.7,0.0,33,8.36,7.41,98,0,0,0,0,0
2024-02-02 02:00,2,2,4,1,18.0,59.5,0.0,4,8.59,5.0,95,0,0,0,0,0
2024-02-02 03:00,3,2,4,1,18.0,58.1,0.0,37,8.88,5.0,98,0,0,0,0,0
2024-02-02 04:00,4,2,4,1,18.0,57.5,0.0,29,8.47,8.67,97,0,0,0,0,0
2024-02-02 05:00,5,2,4,1,25.1,56.0,0.0,42,7.4,18.02,99,0,0,0,0,0
2024-02-02 06:00,6,2,4,1,25.7,52.5,13.9,20,7.35,15.91,100,0,0,0,0,0
2024-02-02 07:00,7,2,4,1,27.9,56.1,171.4,173,7.56,82.49,87,0,0,0,0,0
2024-02-02 08:00,8,2,4,1,28.5,57.1,370.8,721,7.71,196.53,84,0,0,0,0,0
2024-02-02 09:00,9,2,4,1,27.5,58.1,475.5,1181,7.48,268.08,81,0,0,0,0,0
2024-02-02 10:00,10,2,4,1,30.5,55.0,605.1,1015,7.51,280.06,77,0,0,0,0,0
2024-02-02 11:00,11,2,4,1,30.6,59.0,644.2,1325,7.37,329.48,78,0,0,0,0,0
2024-02-02 12:00,12,2,4,1,29.5,66.0,707.7,659,7.56,250.16,81,0,0,0,0,0
2024-02-02 13:00,13,2,4,1,28.7,66.0,735.6,772,7.38,273.77,82,0,0,0,0,0
2024-02-02 14:00,14,2,4,1,29.1,72.6,676.7,1319,7.59,337.68,76,0,0,0,0,0
2024-02-02 15:00,15,2,4,1,27.5,64.9,584.8,1329,7.4,313.43,74,0,0,0,0,0
2024-02-02 16:00,16,2,4,1,26.6,70.3,466.0,1033,7.45,251.45,79,0,0,0,0,0
2024-02-02 17:00,17,2,4,1,24.8,69.8,316.6,365,8.48,128.21,94,0,0,0,0,0
2024-02-02 18:00,18,2,4,1,20.6,73.3,160.8,246,8.53,82.34,87,0,0,0,0,0
2024-02-02 19:00,19,2,4,1,21.0,70.9,0.0,107,8.36,32.4,90,0,0,0,0,0
2024-02-02 20:00,20,2,4,1,21.4,60.8,0.0,94,8.43,18.19,95,0,0,0,0,0
2024-02-02 21:00,21,2,4,1,21.3,71.6,0.0,57,8.69,26.93,90,0,0,0,0,0
2024-02-02 22:00,22,2,4,1,21.1,64.4,0.0,48,8.49,15.22,93,0,0,0,0,0
2024-02-02 23:00,23,2,4,1,20.7,60.7,0.0,58,8.36,11.14,98,0,0,0,0,0
2024-02-03 00:00,0,2,5,0,18.0,58.8,0.0,0,8.65,5.0,100,0,0,0,0,0
2024-02-03 01:00,1,2,5,0,18.0,53.3,0.0,0,8.29,5.0,100,0,0,0,0,0
2024-02-03 02:00,2,2,5,0,18.0,57.1,0.0,0,8.66,7.25,93,0,0,0,0,0
2024-02-03 03:00,3,2,5,0,18.0,59.5,0.0,0,8.49,9.11,100,0,0,0,0,0
2024-02-03 04:00,4,2,5,0,18.0,47.6,0.0,0,8.43,5.0,96,0,0,0,0,0
2024-02-03 05:00,5,2,5,0,26.1,59.3,0.0,0,7.37,18.57,96,0,0,0,0,0
2024-02-03 06:00,6,2,5,0,26.8,62.8,6.6,0,7.35,25.43,88,0,0,0,0,0
2024-02-03 07:00,7,2,5,0,26.9,51.4,161.0,0,7.58,51.54,93,0,0,0,0,0
2024-02-03 08:00,8,2,5,0,28.4,49.2,355.9,0,7.14,95.48,93,0,0,0,0,0
2024-02-03 09:00,9,2,5,0,29.8,57.2,493.4,104,7.75,137.36,94,0,0,0,0,0
2024-02-03 10:00,10,2,5,0,30.3,57.5,625.8,85,7.32,165.3,89,0,0,0,0,0
2024-02-03 11:00,11,2,5,0,30.5,63.5,698.0,23,7.5,172.71,88,0,0,0,0,0
2024-02-03 12:00,12,2,5,0,30.5,57.1,768.5,149,7.4,203.29,92,0,0,0,0,0
2024-02-03 13:00,13,2,5,0,29.2,61.2,769.1,105,7.36,186.8,87,0,0,0,0,0
2024-02-03 14:00,14,2,5,0,28.2,61.7,689.5,113,7.43,167.87,90,0,0,0,0,0
2024-02-03 15:00,15,2,5,0,26.3,67.6,587.6,108,7.42,154.12,88,0,0,0,0,0
2024-02-03 16:00,16,2,5,0,26.3,66.3,474.8,133,7.44,133.0,87,0,0,0,0,0
2024-02-03 17:00,17,2,5,0,25.6,68.0,313.1,55,7.46,88.6,94,0,0,0,0,0
2024-02-03 18:00,18,2,5,0,20.3,71.3,173.3,0,8.52,51.02,93,0,0,0,0,0
2024-02-03 19:00,19,2,5,0,20.3,67.4,19.1,0,8.37,18.37,95,0,0,0,0,0
2024-02-03 20:00,20,2,5,0,21.4,70.8,0.0,0,8.65,15.35,93,0,0,0,0,0
2024-02-03 21:00,21,2,5,0,21.9,69.8,0.0,0,8.55,11.22,96,0,0,0,0,0
2024-02-03 22:00,22,2,5,0,22.1,65.1,0.0,0,8.4,11.81,93,0,0,0,0,0
2024-02-03 23:00,23,2,5,0,21.5,61.5,0.0,0,8.63,5.0,98,0,0,0,0,0
2024-02-04 00:00,0,2,6,0,18.0,66.6,0.0,0,8.26,6.19,91,0,0,0,0,0
2024-02-04 01:00,1,2,6,0,18.0,60.6,0.0,0,8.37,5.0,99,0,0,0,0,0
2024-02-04 02:00,2,2,6,0,18.0,56.1,0.0,0,8.44,7.78,100,0,0,0,0,0
2024-02-04 03:00,3,2,6,0,18.0,55.5,0.0,0,8.35,5.0,94,0,0,0,0,0
2024-02-04 04:00,4,2,6,0,18.0,54.7,0.0,0,8.61,5.0,98,0,0,0,0,0
2024-02-04 05:00,5,2,6,0,25.5,56.7,0.0,0,7.79,10.61,97,0,0,0,0,0
2024-02-04 06:00,6,2,6,0,26.7,52.5,6.1,0,7.76,18.95,95,0,0,0,0,0
2024-02-04 07:00,7,2,6,0,28.5,53.9,176.7,0,7.25,62.22,92,0,0,0,0,0
2024-02-04 08:00,8,2,6,0,29.2,58.9,342.3,0,7.31,103.68,85,0,0,0,0,0
2024-02-04 09:00,9,2,6,0,28.9,59.4,492.5,72,7.3,129.82,84,0,0,0,0,0
2024-02-04 10:00,10,2,6,0,29.9,66.0,653.4,167,7.51,183.93,86,0,0,0,0,0
2024-02-04 11:00,11,2,6,0,30.1,57.7,703.7,27,7.79,169.1,89,0,0,0,0,0
2024-02-04 12:00,12,2,6,0,31.0,66.0,767.8,157,7.5,213.67,85,0,0,0,0,0
2024-02-04 13:00,13,2,6,0,29.7,65.2,739.8,20,7.37,176.81,85,0,0,0,0,0
2024-02-04 14:00,14,2,6,0,27.7,65.9,743.1,149,7.49,190.25,91,0,0,0,0,0
2024-02-04 15:00,15,2,6,0,27.3,66.8,607.3,42,7.5,151.44,89,0,0,0,0,0
2024-02-04 16:00,16,2,6,0,26.7,73.8,512.9,122,7.7,151.26,88,0,0,0,0,0
2024-02-04 17:00,17,2,6,0,26.3,69.1,294.0,111,7.69,102.35,90,0,0,0,0,0
2024-02-04 18:00,18,2,6,0,20.5,66.5,156.9,0,8.55,39.9,92,0,0,0,0,0
2024-02-04 19:00,19,2,6,0,21.6,65.0,24.5,0,8.36,13.74,94,0,0,0,0,0
2024-02-04 20:00,20,2,6,0,21.2,64.4,0.0,0,8.62,10.48,92,0,0,0,0,0
2024-02-04 21:00,21,2,6,0,20.5,70.6,0.0,0,8.56,18.63,88,0,0,0,0,0
2024-02-04 22:00,22,2,6,0,21.3,65.9,0.0,0,8.79,16.5,93,0,0,0,0,0
2024-02-04 23:00,23,2,6,0,21.9,64.8,0.0,0,8.36,11.16,89,0,0,0,0,0
2024-02-05 00:00,0,2,0,1,18.0,59.2,0.0,32,8.68,11.18,97,0,0,0,0,0
2024-02-05 01:00,1,2,0,1,18.0,57.1,0.0,47,8.72,8.21,96,0,0,0,0,0
2024-02-05 02:00,2,2,0,1,18.0,51.7,0.0,14,8.31,5.0,100,0,0,0,0,0
2024-02-05 03:00,3,2,0,1,18.0,52.5,0.0,28,8.35,5.19,95,0,0,0,0,0
2024-02-05 04:00,4,2,0,1,18.0,54.7,0.0,5,8.31,6.26,100,0,0,0,0,0
2024-02-05 05:00,5,2,0,1,23.8,57.6,0.0,5,8.2,13.25,97,0,0,0,0,0
2024-02-05 06:00,6,2,0,1,27.3,51.5,0.0,7,7.6,22.75,93,0,0,0,0,0
2024-02-05 07:00,7,2,0,1,27.8,58.3,181.3,186,7.51,88.89,91,0,0,0,0,0
2024-02-05 08:00,8,2,0,1,28.3,53.1,358.9,768,7.41,194.74,77,0,0,0,0,0
2024-02-05 09:00,9,2,0,1,28.3,54.8,492.6,963,7.55,240.35,87,0,0,0,0,0
2024-02-05 10:00,10,2,0,1,29.4,60.2,631.0,1228,7.33,307.45,80,0,0,0,0,0
2024-02-05 11:00,11,2,0,1,29.8,56.4,680.7,993,7.78,290.57,78,0,0,0,0,0
2024-02-05 12:00,12,2,0,1,29.7,63.8,741.2,801,7.4,282.57,77,0,0,0,0,0
2024-02-05 13:00,13,2,0,1,29.1,66.0,733.2,851,7.51,288.26,78,0,0,0,0,0
2024-02-05 14:00,14,2,0,1,27.3,66.1,704.4,1394,7.44,343.57,77,0,0,0,0,0
2024-02-05 15:00,15,2,0,1,28.4,68.1,632.4,1098,7.54,301.38,83,0,0,0,0,0
2024-02-05 16:00,16,2,0,1,26.1,67.7,471.5,1398,7.51,290.87,71,0,0,0,0,0
2024-02-05 17:00,17,2,0,1,26.2,66.4,389.7,398,7.5,152.88,89,0,0,0,0,0
2024-02-05 18:00,18,2,0,1,19.7,70.7,213.2,507,8.61,122.01,89,0,0,0,0,0
2024-02-05 19:00,19,2,0,1,20.3,66.7,0.0,178,8.36,36.0,91,0,0,0,0,0
2024-02-05 20:00,20,2,0,1,20.8,69.0,0.0,114,8.36,32.93,96,0,0,0,0,0
2024-02-05 21:00,21,2,0,1,21.8,69.0,0.0,5,8.56,18.56,96,0,0,0,0,0
2024-02-05 22:00,22,2,0,1,21.1,73.4,0.0,55,8.5,26.94,94,0,0,0,0,0
2024-02-05 23:00,23,2,0,1,21.9,63.1,0.0,19,8.49,10.69,94,0,0,0,0,0
2024-02-06 00:00,0,2,1,1,18.0,62.7,0.0,44,8.48,13.75,95,0,0,0,0,0
2024-02-06 01:00,1,2,1,1,18.0,65.0,0.0,18,8.45,14.91,92,0,0,0,0,0
2024-02-06 02:00,2,2,1,1,18.0,61.1,0.0,24,8.5,8.14,96,0,0,0,0,0
2024-02-06 03:00,3,2,1,1,18.0,52.4,0.0,15,8.61,5.0,98,0,0,0,0,0
2024-02-06 04:00,4,2,1,1,18.0,56.1,0.0,22,8.8,7.46,99,0,0,0,0,0
2024-02-06 05:00,5,2,1,1,24.9,52.1,0.0,14,8.43,8.22,100,0,0,0,0,0
2024-02-06 06:00,6,2,1,1,25.7,55.1,24.9,1,7.23,23.53,97,0,0,0,0,0
2024-02-06 07:00,7,2,1,1,27.9,53.2,208.9,105,7.68,88.54,97,0,0,0,0,0
2024-02-06 08:00,8,2,1,1,28.7,55.0,354.6,738,7.24,193.51,83,0,0,0,0,0
2024-02-06 09:00,9,2,1,1,28.9,52.5,507.6,1043,7.36,259.31,79,0,0,0,0,0
2024-02-06 10:00,10,2,1,1,30.5,60.6,643.5,1008,7.63,287.75,73,0,0,0,0,0
2024-02-06 11:00,11,2,1,1,30.4,58.9,720.1,1289,7.31,339.0,73,0,0,0,0,0
2024-02-06 12:00,12,2,1,1,28.7,67.9,753.9,895,7.56,295.98,79,0,0,0,0,0
2024-02-06 13:00,13,2,1,1,29.6,63.5,748.8,840,7.69,284.81,79,0,0,0,0,0
2024-02-06 14:00,14,2,1,1,27.4,66.4,729.0,1318,7.56,340.66,75,0,0,0,0,0
2024-02-06 15:00,15,2,1,1,27.9,69.5,582.9,1282,7.47,311.38,76,0,0,0,0,0
2024-02-06 16:00,16,2,1,1,25.7,68.2,496.9,1170,7.24,267.17,78,0,0,0,0,0
2024-02-06 17:00,17,2,1,1,24.2,66.0,351.8,468,8.5,144.13,90,0,0,0,0,0
2024-02-06 18:00,18,2,1,1,19.4,75.3,192.1,569,8.92,134.54,85,0,0,0,0,0
2024-02-06 19:00,19,2,1,1,20.2,69.0,18.8,174,8.68,38.91,95,0,0,0,0,0
2024-02-06 20:00,20,2,1,1,20.3,65.8,0.0,158,8.38,32.96,92,0,0,0,0,0
2024-02-06 21:00,21,2,1,1,19.8,64.8,0.0,19,8.68,15.94,94,0,0,0,0,0
2024-02-06 22:00,22,2,1,1,21.2,67.9,0.0,22,8.56,17.48,98,0,0,0,0,0
2024-02-06 23:00,23,2,1,1,21.8,64.2,0.0,21,8.63,11.48,97,0,0,0,0,0
2024-02-07 00:00,0,2,2,1,18.0,61.1,0.0,5,11.91,11.03,97,0,1,0,0,0
2024-02-07 01:00,1,2,2,1,18.0,59.6,0.0,8,12.56,8.25,98,0,1,0,0,0
2024-02-07 02:00,2,2,2,1,18.0,58.3,0.0,18,12.19,6.14,96,0,1,0,0,0
2024-02-07 03:00,3,2,2,1,18.0,59.1,0.0,9,12.4,12.42,93,0,1,0,0,0
2024-02-07 04:00,4,2,2,1,18.0,56.4,0.0,3,12.3,5.0,95,0,1,0,0,0
2024-02-07 05:00,5,2,2,1,25.2,50.4,0.0,23,10.64,19.82,100,0,1,0,0,0
2024-02-07 06:00,6,2,2,1,26.9,54.0,9.4,34,11.32,46.6,90,0,1,0,0,0
2024-02-07 07:00,7,2,2,1,27.5,53.2,199.3,75,10.33,97.23,96,0,1,0,0,0
2024-02-07 08:00,8,2,2,1,28.8,54.0,314.1,542,11.79,228.02,85,0,1,0,0,0
2024-02-07 09:00,9,2,2,1,29.3,52.7,450.2,1069,9.96,375.33,80,0,1,0,0,0
2024-02-07 10:00,10,2,2,1,30.6,55.5,630.5,1246,10.23,464.41,72,0,1,0,0,0
2024-02-07 11:00,11,2,2,1,29.9,57.9,687.7,1101,11.33,443.03,75,0,1,0,0,0
2024-02-07 12:00,12,2,2,1,29.4,61.9,737.0,769,11.13,405.12,88,0,1,0,0,0
2024-02-07 13:00,13,2,2,1,29.8,61.4,731.7,656,10.64,336.89,84,0,1,0,0,0
2024-02-07 14:00,14,2,2,1,28.8,67.2,669.1,1077,11.81,416.42,72,0,1,0,0,0
2024-02-07 15:00,15,2,2,1,27.9,67.7,619.4,1076,11.3,388.06,80,0,1,0,0,0
2024-02-07 16:00,16,2,2,1,26.1,70.4,496.1,1114,11.55,378.61,80,0,1,0,0,0
2024-02-07 17:00,17,2,2,1,25.4,68.0,330.1,269,10.17,169.78,88,0,1,0,0,0
2024-02-07 18:00,18,2,2,1,19.8,69.4,164.6,286,11.14,125.47,90,0,1,0,0,0
2024-02-07 19:00,19,2,2,1,20.2,68.0,8.4,68,11.27,40.04,98,0,1,0,0,0
2024-02-07 20:00,20,2,2,1,21.5,64.7,0.0,51,11.15,28.36,94,0,1,0,0,0
2024-02-07 21:00,21,2,2,1,21.5,67.6,0.0,46,11.41,28.35,90,0,1,0,0,0
2024-02-07 22:00,22,2,2,1,21.4,67.0,0.0,38,12.8,27.3,100,0,1,0,0,0
2024-02-07 23:00,23,2,2,1,20.6,59.4,0.0,23,12.94,11.29,97,0,1,0,0,0
2024-02-08 00:00,0,2,3,1,18.0,57.0,0.0,0,12.07,7.74,98,0,1,0,0,0
2024-02-08 01:00,1,2,3,1,18.0,61.9,0.0,39,13.13,15.79,94,0,1,0,0,0
2024-02-08 02:00,2,2,3,1,18.0,58.4,0.0,29,11.94,11.72,98,0,1,0,0,0
2024-02-08 03:00,3,2,3,1,18.0,56.0,0.0,26,13.15,8.64,100,0,1,0,0,0
2024-02-08 04:00,4,2,3,1,18.0,56.9,0.0,42,13.63,8.09,100,0,1,0,0,0
2024-02-08 05:00,5,2,3,1,23.9,60.9,0.0,48,11.15,25.31,94,0,1,0,0,0
2024-02-08 06:00,6,2,3,1,25.7,54.2,0.0,46,12.19,33.53,94,0,1,0,0,0
2024-02-08 07:00,7,2,3,1,26.5,55.6,181.9,72,9.95,97.73,89,0,1,0,0,0
2024-02-08 08:00,8,2,3,1,28.9,55.5,345.0,756,11.95,283.17,87,0,1,0,0,0
2024-02-08 09:00,9,2,3,1,29.5,59.1,486.6,935,9.91,339.69,81,0,1,0,0,0
2024-02-08 10:00,10,2,3,1,29.7,55.5,621.6,1066,12.1,409.87,77,0,1,0,0,0
2024-02-08 11:00,11,2,3,1,29.9,59.7,694.9,1195,12.0,426.05,67,0,1,0,0,0
2024-02-08 12:00,12,2,3,1,30.2,62.4,785.6,735,10.56,408.37,81,0,1,0,0,0
2024-02-08 13:00,13,2,3,1,28.5,72.2,732.5,792,11.49,361.51,73,0,1,0,0,0
2024-02-08 14:00,14,2,3,1,28.4,65.8,727.0,1330,11.7,515.85,76,0,1,0,0,0
2024-02-08 15:00,15,2,3,1,27.4,66.7,643.7,1261,10.29,424.02,77,0,1,0,0,0
2024-02-08 16:00,16,2,3,1,25.6,68.7,519.6,988,12.0,386.88,75,0,1,0,0,0
2024-02-08 17:00,17,2,3,1,24.8,67.5,343.7,211,13.19,166.14,95,0,1,0,0,0
2024-02-08 18:00,18,2,3,1,20.1,67.3,191.5,568,11.37,176.5,90,0,1,0,0,0
2024-02-08 19:00,19,2,3,1,21.1,71.8,0.0,121,11.74,44.09,93,0,1,0,0,0
2024-02-08 20:00,20,2,3,1,21.1,66.1,0.0,152,13.03,50.22,91,0,1,0,0,0
2024-02-08 21:00,21,2,3,1,20.8,65.7,0.0,58,12.46,33.41,93,0,1,0,0,0
2024-02-08 22:00,22,2,3,1,21.1,70.9,0.0,45,11.48,33.58,97,0,1,0,0,0
2024-02-08 23:00,23,2,3,1,20.7,61.2,0.0,10,13.55,8.35,99,0,1,0,0,0
2024-02-09 00:00,0,2,4,1,18.0,56.9,0.0,15,8.42,5.0,96,0,0,0,0,0
2024-02-09 01:00,1,2,4,1,18.0,61.3,0.0,35,8.46,14.36,99,0,0,0,0,0
2024-02-09 02:00,2,2,4,1,18.0,64.6,0.0,1,8.63,10.36,98,0,0,0,0,0
2024-02-09 03:00,3,2,4,1,18.0,61.3,0.0,38,8.3,10.61,100,0,0,0,0,0
2024-02-09 04:00,4,2,4,1,18.0,56.4,0.0,14,8.28,5.0,99,0,0,0,0,0
2024-02-09 05:00,5,2,4,1,25.7,52.7,0.0,19,7.85,5.74,96,0,0,0,0,0
2024-02-09 06:00,6,2,4,1,25.6,49.1,1.2,9,7.51,21.26,100,0,0,0,0,0
2024-02-09 07:00,7,2,4,1,26.1,58.7,167.2,173,7.3,73.4,96,0,0,0,0,0
2024-02-09 08:00,8,2,4,1,29.1,53.2,364.3,608,7.39,173.51,84,0,0,0,0,0
2024-02-09 09:00,9,2,4,1,29.7,57.0,484.8,1060,7.53,261.93,74,0,0,0,0,0
2024-02-09 10:00,10,2,4,1,30.4,58.3,599.6,1280,7.56,316.19,70,0,0,0,0,0
2024-02-09 11:00,11,2,4,1,30.5,64.2,693.2,1174,7.4,327.25,69,0,0,0,0,0
2024-02-09 12:00,12,2,4,1,30.0,61.2,704.8,693,7.6,258.86,84,0,0,0,0,0
2024-02-09 13:00,13,2,4,1,29.3,62.4,749.5,838,7.57,281.03,78,0,0,0,0,0
2024-02-09 14:00,14,2,4,1,27.4,60.1,678.1,1400,7.44,331.37,73,0,0,0,0,0
2024-02-09 15:00,15,2,4,1,27.9,67.1,613.3,973,7.35,275.67,82,0,0,0,0,0
2024-02-09 16:00,16,2,4,1,25.6,68.9,505.7,1317,7.48,293.22,78,0,0,0,0,0
2024-02-09 17:00,17,2,4,1,25.2,70.0,344.9,412,7.47,140.74,89,0,0,0,0,0
2024-02-09 18:00,18,2,4,1,19.3,68.1,186.4,365,8.39,94.61,92,0,0,0,0,0
2024-02-09 19:00,19,2,4,1,20.1,67.1,3.2,167,8.58,35.54,92,0,0,0,0,0
2024-02-09 20:00,20,2,4,1,21.0,65.8,0.0,71,8.58,16.21,95,0,0,0,0,0
2024-02-09 21:00,21,2,4,1,21.7,75.7,0.0,41,8.44,23.56,95,0,0,0,0,0
2024-02-09 22:00,22,2,4,1,21.7,63.6,0.0,52,8.67,14.96,91,0,0,0,0,0
2024-02-09 23:00,23,2,4,1,22.6,64.1,0.0,27,8.64,12.57,92,0,0,0,0,0
2024-02-10 00:00,0,2,5,0,18.0,63.9,0.0,0,8.6,8.64,96,0,0,0,0,0
2024-02-10 01:00,1,2,5,0,18.0,60.3,0.0,0,8.65,12.51,98,0,0,0,0,0
2024-02-10 02:00,2,2,5,0,18.0,61.7,0.0,0,8.42,5.0,99,0,0,0,0,0
2024-02-10 03:00,3,2,5,0,18.0,53.1,0.0,0,8.55,5.0,97,0,0,0,0,0
2024-02-10 04:00,4,2,5,0,18.0,55.8,0.0,0,8.72,5.0,94,0,0,0,0,0
2024-02-10 05:00,5,2,5,0,25.6,55.9,0.0,0,7.57,14.01,100,0,0,0,0,0
2024-02-10 06:00,6,2,5,0,26.1,54.0,14.7,0,7.22,21.74,99,0,0,0,0,0
2024-02-10 07:00,7,2,5,0,28.0,59.1,159.7,0,7.36,61.42,96,0,0,0,0,0
2024-02-10 08:00,8,2,5,0,28.1,55.1,321.6,0,7.44,92.58,90,0,0,0,0,0
2024-02-10 09:00,9,2,5,0,28.2,56.7,476.8,111,7.71,133.37,89,0,0,0,0,0
2024-02-10 10:00,10,2,5,0,28.8,57.9,606.2,76,7.4,152.51,93,0,0,0,0,0
2024-02-10 11:00,11,2,5,0,29.1,58.3,722.4,117,7.44,177.39,91,0,0,0,0,0
2024-02-10 12:00,12,2,5,0,30.4,57.4,731.9,102,7.17,186.17,85,0,0,0,0,0
2024-02-10 13:00,13,2,5,0,28.9,63.8,706.4,119,7.83,186.28,93,0,0,0,0,0
2024-02-10 14:00,14,2,5,0,29.0,60.2,708.8,142,7.27,184.32,91,0,0,0,0,0
2024-02-10 15:00,15,2,5,0,26.6,65.7,655.5,110,7.46,165.78,92,0,0,0,0,0
2024-02-10 16:00,16,2,5,0,26.5,70.6,501.1,158,7.48,140.21,84,0,0,0,0,0
2024-02-10 17:00,17,2,5,0,26.1,69.9,381.4,36,7.75,108.16,91,0,0,0,0,0
2024-02-10 18:00,18,2,5,0,20.7,75.3,177.2,0,8.68,53.66,91,0,0,0,0,0
2024-02-10 19:00,19,2,5,0,20.4,69.7,24.3,0,8.54,23.7,93,0,0,0,0,0
2024-02-10 20:00,20,2,5,0,20.9,69.2,0.0,0,8.56,16.88,96,0,0,0,0,0
2024-02-10 21:00,21,2,5,0,20.9,69.0,0.0,0,8.77,11.42,94,0,0,0,0,0
2024-02-10 22:00,22,2,5,0,21.9,62.7,0.0,0,8.47,9.6,98,0,0,0,0,0
2024-02-10 23:00,23,2,5,0,22.1,64.4,0.0,0,8.66,6.03,91,0,0,0,0,0
2024-02-11 00:00,0,2,6,0,18.0,62.1,0.0,0,8.43,5.0,100,0,0,0,0,0
2024-02-11 01:00,1,2,6,0,18.0,55.6,0.0,0,8.52,5.27,100,0,0,0,0,0
2024-02-11 02:00,2,2,6,0,18.0,53.9,0.0,0,8.49,5.07,100,0,0,0,0,0
2024-02-11 03:00,3,2,6,0,18.0,56.2,0.0,0,8.65,5.0,100,0,0,0,0,0
2024-02-11 04:00,4,2,6,0,18.0,58.5,0.0,0,8.48,7.34,95,0,0,0,0,0
2024-02-11 05:00,5,2,6,0,26.5,60.6,0.0,0,7.3,18.68,92,0,0,0,0,0
2024-02-11 06:00,6,2,6,0,26.6,50.4,6.5,0,7.57,19.16,100,0,0,0,0,0
2024-02-11 07:00,7,2,6,0,27.3,56.7,142.8,0,7.36,56.84,93,0,0,0,0,0
2024-02-11 08:00,8,2,6,0,27.8,51.4,339.2,0,7.47,94.71,95,0,0,0,0,0
2024-02-11 09:00,9,2,6,0,29.4,57.2,477.4,141,7.48,136.97,91,0,0,0,0,0
2024-02-11 10:00,10,2,6,0,30.4,55.4,617.7,79,7.74,156.29,93,0,0,0,0,0
2024-02-11 11:00,11,2,6,0,30.3,55.2,713.2,53,7.69,174.21,88,0,0,0,0,0
2024-02-11 12:00,12,2,6,0,30.1,62.5,733.0,92,7.27,189.37,90,0,0,0,0,0
2024-02-11 13:00,13,2,6,0,29.3,67.5,739.0,124,7.81,194.59,83,0,0,0,0,0
2024-02-11 14:00,14,2,6,0,29.3,65.7,681.8,132,7.42,185.85,91,0,0,0,0,0
2024-02-11 15:00,15,2,6,0,27.3,65.6,573.4,131,7.86,154.88,86,0,0,0,0,0
2024-02-11 16:00,16,2,6,0,25.9,68.9,509.2,166,7.59,149.72,87,0,0,0,0,0
2024-02-11 17:00,17,2,6,0,25.6,69.3,338.1,74,7.47,96.77,91,0,0,0,0,0
2024-02-11 18:00,18,2,6,0,20.9,67.4,170.6,0,8.28,49.22,97,0,0,0,0,0
2024-02-11 19:00,19,2,6,0,21.0,70.7,34.0,0,8.6,19.48,93,0,0,0,0,0
2024-02-11 20:00,20,2,6,0,20.9,74.7,0.0,0,8.51,20.48,88,0,0,0,0,0
2024-02-11 21:00,21,2,6,0,20.8,69.2,0.0,0,8.5,16.28,100,0,0,0,0,0
2024-02-11 22:00,22,2,6,0,21.4,69.5,0.0,0,8.44,18.0,87,0,0,0,0,0
2024-02-11 23:00,23,2,6,0,21.8,67.8,0.0,0,8.58,8.03,96,0,0,0,0,0
2024-02-12 00:00,0,2,0,1,18.0,65.6,0.0,28,8.39,10.7,95,0,0,0,1,0
2024-02-12 01:00,1,2,0,1,18.0,58.1,0.0,18,8.47,5.0,100,0,0,0,1,0
2024-02-12 02:00,2,2,0,1,18.0,51.6,0.0,3,8.47,5.0,100,0,0,0,1,0
2024-02-12 03:00,3,2,0,1,18.0,55.4,0.0,8,8.52,5.0,100,0,0,0,1,0
2024-02-12 04:00,4,2,0,1,18.0,52.8,0.0,15,8.7,7.49,97,0,0,0,1,0
2024-02-12 05:00,5,2,0,1,23.5,57.7,0.0,6,8.46,9.64,95,0,0,0,1,0
2024-02-12 06:00,6,2,0,1,25.4,56.1,14.5,9,7.74,26.68,92,0,0,0,1,0
2024-02-12 07:00,7,2,0,1,26.8,53.2,168.6,5,7.72,54.76,92,0,0,0,1,0
2024-02-12 08:00,8,2,0,1,29.3,56.6,325.8,45,7.46,106.11,89,0,0,0,1,0
2024-02-12 09:00,9,2,0,1,29.8,65.0,461.6,63,7.33,136.26,86,0,0,0,1,0
2024-02-12 10:00,10,2,0,1,30.3,56.9,593.8,119,7.46,168.33,91,0,0,0,1,0
2024-02-12 11:00,11,2,0,1,30.1,57.0,673.9,55,7.62,171.35,92,0,0,0,1,0
2024-02-12 12:00,12,2,0,1,29.6,62.6,762.6,58,7.69,188.8,86,0,0,0,1,0
2024-02-12 13:00,13,2,0,1,29.2,65.5,747.5,87,7.71,192.91,87,0,0,0,1,0
2024-02-12 14:00,14,2,0,1,28.9,65.9,698.9,78,7.33,178.8,90,0,0,0,1,0
2024-02-12 15:00,15,2,0,1,27.9,69.4,620.0,71,7.6,164.62,85,0,0,0,1,0
2024-02-12 16:00,16,2,0,1,26.2,65.4,488.3,0,7.45,119.84,87,0,0,0,1,0
2024-02-12 17:00,17,2,0,1,25.6,70.1,365.0,15,7.19,98.22,91,0,0,0,1,0
2024-02-12 18:00,18,2,0,1,20.5,65.3,141.9,3,8.4,37.96,98,0,0,0,1,0
2024-02-12 19:00,19,2,0,1,21.1,64.5,0.0,19,8.82,9.75,95,0,0,0,1,0
2024-02-12 20:00,20,2,0,1,21.4,70.5,0.0,21,8.55,19.64,94,0,0,0,1,0
2024-02-12 21:00,21,2,0,1,21.1,62.1,0.0,19,8.54,10.85,95,0,0,0,1,0
2024-02-12 22:00,22,2,0,1,22.1,66.6,0.0,27,8.74,18.31,93,0,0,0,1,0
2024-02-12 23:00,23,2,0,1,21.1,66.4,0.0,11,8.58,10.13,98,0,0,0,1,0
2024-02-13 00:00,0,2,1,1,18.0,58.5,0.0,28,8.43,8.06,97,0,0,0,0,0
2024-02-13 01:00,1,2,1,1,18.0,62.6,0.0,42,8.44,8.76,91,0,0,0,0,0
2024-02-13 02:00,2,2,1,1,18.0,60.7,0.0,47,8.58,10.23,100,0,0,0,0,0
2024-02-13 03:00,3,2,1,1,18.0,54.1,0.0,26,8.67,5.0,100,0,0,0,0,0
2024-02-13 04:00,4,2,1,1,18.0,56.1,0.0,47,8.82,9.44,100,0,0,0,0,0
2024-02-13 05:00,5,2,1,1,25.5,50.6,0.0,32,7.64,14.08,93,0,0,0,0,0
2024-02-13 06:00,6,2,1,1,26.1,52.5,0.0,24,7.64,23.67,97,0,0,0,0,0
2024-02-13 07:00,7,2,1,1,27.5,51.2,180.9,227,7.45,84.88,94,0,0,0,0,0
2024-02-13 08:00,8,2,1,1,29.7,50.1,333.5,426,7.2,149.35,89,0,0,0,0,0
2024-02-13 09:00,9,2,1,1,30.4,60.5,484.4,1184,7.54,280.67,78,0,0,0,0,0
2024-02-13 10:00,10,2,1,1,29.9,57.1,581.9,1008,7.51,272.01,84,0,0,0,0,0
2024-02-13 11:00,11,2,1,1,29.2,60.5,673.5,1279,7.55,325.43,75,0,0,0,0,0
2024-02-13 12:00,12,2,1,1,30.1,58.8,725.8,814,7.75,278.74,78,0,0,0,0,0
2024-02-13 13:00,13,2,1,1,29.1,61.5,747.2,639,7.44,252.91,84,0,0,0,0,0
2024-02-13 14:00,14,2,1,1,28.9,63.5,683.7,1350,7.21,342.37,69,0,0,0,0,0
2024-02-13 15:00,15,2,1,1,27.5,68.8,611.7,1025,7.3,280.24,77,0,0,0,0,0
2024-02-13 16:00,16,2,1,1,26.4,66.0,497.8,1159,7.7,268.0,81,0,0,0,0,0
2024-02-13 17:00,17,2,1,1,24.1,68.0,357.2,245,8.22,120.02,93,0,0,0,0,0
2024-02-13 18:00,18,2,1,1,20.4,67.2,155.3,543,8.42,107.48,85,0,0,0,0,0
2024-02-13 19:00,19,2,1,1,20.4,68.9,18.1,179,8.45,40.39,93,0,0,0,0,0
2024-02-13 20:00,20,2,1,1,21.2,73.4,0.0,165,8.73,36.87,89,0,0,0,0,0
2024-02-13 21:00,21,2,1,1,22.2,69.9,0.0,25,8.4,20.05,98,0,0,0,0,0
2024-02-13 22:00,22,2,1,1,21.1,64.2,0.0,25,8.59,17.54,94,0,0,0,0,0
2024-02-13 23:00,23,2,1,1,21.8,63.7,0.0,10,8.5,9.85,98,0,0,0,0,0
2024-02-14 00:00,0,2,2,1,18.0,65.2,0.0,16,8.33,10.91,99,0,0,0,0,0
2024-02-14 01:00,1,2,2,1,18.0,56.1,0.0,29,8.56,5.0,96,0,0,0,0,0
2024-02-14 02:00,2,2,2,1,18.0,55.8,0.0,46,8.7,8.84,100,0,0,0,0,0
2024-02-14 03:00,3,2,2,1,18.0,54.0,0.0,33,8.46,6.19,96,0,0,0,0,0
2024-02-14 04:00,4,2,2,1,18.0,56.3,0.0,40,8.22,12.62,94,0,0,0,0,0
2024-02-14 05:00,5,2,2,1,25.1,51.9,0.0,41,7.08,15.72,94,0,0,0,0,0
2024-02-14 06:00,6,2,2,1,26.3,48.8,0.0,45,7.4,23.58,94,0,0,0,0,0
2024-02-14 07:00,7,2,2,1,28.3,51.2,155.7,264,7.6,91.75,92,0,0,0,0,0
2024-02-14 08:00,8,2,2,1,29.1,50.3,338.1,623,7.72,166.94,82,0,0,0,0,0
2024-02-14 09:00,9,2,2,1,30.2,58.5,486.5,1040,7.71,269.35,77,0,0,0,0,0
2024-02-14 10:00,10,2,2,1,29.5,57.0,631.2,1241,7.2,309.67,77,0,0,0,0,0
2024-02-14 11:00,11,2,2,1,30.6,64.2,707.2,1180,7.35,329.46,78,0,0,0,0,0
2024-02-14 12:00,12,2,2,1,30.1,63.6,781.5,939,7.46,309.06,79,0,0,0,0,0
2024-02-14 13:00,13,2,2,1,29.6,63.4,748.3,768,7.17,275.92,81,0,0,0,0,0
2024-02-14 14:00,14,2,2,1,28.6,63.6,712.7,1318,7.74,339.65,75,0,0,0,0,0
2024-02-14 15:00,15,2,2,1,27.3,69.4,639.6,1128,7.41,300.51,77,0,0,0,0,0
2024-02-14 16:00,16,2,2,1,26.1,63.8,488.8,1006,7.39,246.99,84,0,0,0,0,0
2024-02-14 17:00,17,2,2,1,25.0,71.1,349.2,486,8.46,157.58,86,0,0,0,0,0
2024-02-14 18:00,18,2,2,1,20.7,72.8,200.8,334,8.49,98.64,93,0,0,0,0,0
2024-02-14 19:00,19,2,2,1,20.4,66.3,0.0,175,8.74,35.06,92,0,0,0,0,0
2024-02-14 20:00,20,2,2,1,20.8,67.8,0.0,185,8.39,38.75,93,0,0,0,0,0
2024-02-14 21:00,21,2,2,1,20.5,66.9,0.0,2,8.48,13.38,89,0,0,0,0,0
2024-02-14 22:00,22,2,2,1,21.9,67.0,0.0,19,8.72,18.13,95,0,0,0,0,0
2024-02-14 23:00,23,2,2,1,21.8,63.3,0.0,43,8.69,8.71,91,0,0,0,0,0
2024-02-15 00:00,0,2,3,1,18.0,56.5,0.0,3,8.58,5.0,100,0,0,0,0,0
2024-02-15 01:00,1,2,3,1,18.0,62.8,0.0,41,8.22,10.53,95,0,0,0,0,0
2024-02-15 02:00,2,2,3,1,18.0,53.4,0.0,26,8.42,5.0,97,0,0,0,0,0
2024-02-15 03:00,3,2,3,1,18.0,53.7,0.0,32,8.68,5.0,96,0,0,0,0,0
2024-02-15 04:00,4,2,3,1,18.0,54.9,0.0,45,8.35,5.5,100,0,0,0,0,0
2024-02-15 05:00,5,2,3,1,25.1,57.4,0.0,5,7.54,13.56,93,0,0,0,0,0
2024-02-15 06:00,6,2,3,1,26.4,51.5,0.0,6,7.34,25.17,100,0,0,0,0,0
2024-02-15 07:00,7,2,3,1,26.7,52.6,172.0,75,7.56,61.43,89,0,0,0,0,0
2024-02-15 08:00,8,2,3,1,29.6,59.6,339.9,685,7.69,183.5,80,0,0,0,0,0
2024-02-15 09:00,9,2,3,1,29.4,57.6,477.2,1023,7.53,253.43,79,0,0,0,0,0
2024-02-15 10:00,10,2,3,1,30.4,59.0,603.8,1158,7.27,299.72,75,0,0,0,0,0
2024-02-15 11:00,11,2,3,1,29.6,63.3,693.6,1229,7.58,327.22,77,0,0,0,0,0
2024-02-15 12:00,12,2,3,1,30.1,65.1,748.9,750,7.66,276.14,77,0,0,0,0,0
2024-02-15 13:00,13,2,3,1,29.6,63.9,722.4,738,7.43,266.08,80,0,0,0,0,0
2024-02-15 14:00,14,2,3,1,27.6,67.1,672.4,1285,7.47,327.02,77,0,0,0,0,0
2024-02-15 15:00,15,2,3,1,26.9,67.5,591.8,1283,7.5,307.21,81,0,0,0,0,0
2024-02-15 16:00,16,2,3,1,26.6,68.4,498.0,1319,7.64,297.31,73,0,0,0,0,0
2024-02-15 17:00,17,2,3,1,25.7,70.6,337.0,205,7.53,121.93,93,0,0,0,0,0
2024-02-15 18:00,18,2,3,1,20.3,73.3,182.3,530,8.27,122.14,90,0,0,0,0,0
2024-02-15 19:00,19,2,3,1,20.3,68.8,0.0,94,8.43,24.62,93,0,0,0,0,0
2024-02-15 20:00,20,2,3,1,20.9,65.7,0.0,100,8.44,26.92,99,0,0,0,0,0
2024-02-15 21:00,21,2,3,1,20.8,70.0,0.0,28,8.61,19.61,95,0,0,0,0,0
2024-02-15 22:00,22,2,3,1,21.9,64.6,0.0,49,8.45,16.89,97,0,0,0,0,0
2024-02-15 23:00,23,2,3,1,21.2,61.7,0.0,9,8.52,5.22,100,0,0,0,0,0
2024-02-16 00:00,0,2,4,1,18.0,59.3,0.0,4,8.45,6.79,99,0,0,0,0,0
2024-02-16 01:00,1,2,4,1,18.0,62.6,0.0,42,8.58,13.31,96,0,0,0,0,0
2024-02-16 02:00,2,2,4,1,18.0,56.2,0.0,27,8.66,5.0,98,0,0,0,0,0
2024-02-16 03:00,3,2,4,1,18.0,53.4,0.0,31,8.26,6.55,99,0,0,0,0,0
2024-02-16 04:00,4,2,4,1,18.0,54.3,0.0,7,8.5,5.0,95,0,0,0,0,0
2024-02-16 05:00,5,2,4,1,25.4,55.8,0.0,47,7.41,17.75,98,0,0,0,0,0
2024-02-16 06:00,6,2,4,1,25.9,56.3,4.6,26,7.39,25.99,99,0,0,0,0,0
2024-02-16 07:00,7,2,4,1,28.0,53.1,172.8,206,7.57,84.25,91,0,0,0,0,0
2024-02-16 08:00,8,2,4,1,28.8,49.5,380.1,600,7.42,178.78,86,0,0,0,0,0
2024-02-16 09:00,9,2,4,1,28.4,56.9,502.6,1033,7.28,261.28,80,0,0,0,0,0
2024-02-16 10:00,10,2,4,1,30.0,57.9,621.4,1273,7.39,319.24,78,0,0,0,0,0
2024-02-16 11:00,11,2,4,1,30.8,56.8,702.1,1165,7.78,323.21,75,0,0,0,0,0
2024-02-16 12:00,12,2,4,1,30.3,58.9,696.7,652,7.48,253.34,80,0,0,0,0,0
2024-02-16 13:00,13,2,4,1,29.4,68.5,753.6,818,7.47,292.05,80,0,0,0,0,0
2024-02-16 14:00,14,2,4,1,29.8,63.5,682.8,1015,7.66,298.21,78,0,0,0,0,0
2024-02-16 15:00,15,2,4,1,26.9,65.7,651.7,1333,7.38,323.38,78,0,0,0,0,0
2024-02-16 16:00,16,2,4,1,25.9,67.2,513.0,1377,7.38,301.77,81,0,0,0,0,0
2024-02-16 17:00,17,2,4,1,26.3,69.2,326.7,595,7.55,168.18,86,0,0,0,0,0
2024-02-16 18:00,18,2,4,1,20.0,69.0,172.8,505,8.38,111.56,92,0,0,0,0,0
2024-02-16 19:00,19,2,4,1,20.7,69.4,5.0,147,8.3,33.43,84,0,0,0,0,0
2024-02-16 20:00,20,2,4,1,21.1,66.4,0.0,139,8.47,27.64,96,0,0,0,0,0
2024-02-16 21:00,21,2,4,1,22.5,65.6,0.0,36,8.32,16.24,97,0,0,0,0,0
2024-02-16 22:00,22,2,4,1,22.0,65.1,0.0,2,8.48,17.08,95,0,0,0,0,0
2024-02-16 23:00,23,2,4,1,21.5,64.4,0.0,24,8.65,12.21,100,0,0,0,0,0
2024-02-17 00:00,0,2,5,0,18.0,63.3,0.0,0,8.29,9.57,95,0,0,0,0,0
2024-02-17 01:00,1,2,5,0,18.0,58.6,0.0,0,8.56,7.25,96,0,0,0,0,0
2024-02-17 02:00,2,2,5,0,18.0,56.5,0.0,0,8.53,5.0,99,0,0,0,0,0
2024-02-17 03:00,3,2,5,0,18.0,53.8,0.0,0,8.81,5.0,97,0,0,0,0,0
2024-02-17 04:00,4,2,5,0,18.0,50.9,0.0,0,8.49,5.0,94,0,0,0,0,0
2024-02-17 05:00,5,2,5,0,25.2,55.1,0.0,0,7.51,13.23,98,0,0,0,0,0
2024-02-17 06:00,6,2,5,0,26.5,57.4,4.3,0,7.6,28.15,99,0,0,0,0,0
2024-02-17 07:00,7,2,5,0,27.9,58.2,142.6,0,7.52,56.37,93,0,0,0,0,0
2024-02-17 08:00,8,2,5,0,28.2,54.7,374.0,0,7.44,96.32,94,0,0,0,0,0
2024-02-17 09:00,9,2,5,0,28.7,58.2,465.3,127,7.72,128.87,88,0,0,0,0,0
2024-02-17 10:00,10,2,5,0,30.3,56.6,632.5,21,7.47,152.28,90,0,0,0,0,0
2024-02-17 11:00,11,2,5,0,30.3,67.5,695.2,35,7.47,175.72,88,0,0,0,0,0
2024-02-17 12:00,12,2,5,0,30.3,62.1,749.1,173,7.23,204.91,88,0,0,0,0,0
2024-02-17 13:00,13,2,5,0,28.5,60.9,723.0,87,7.6,175.31,91,0,0,0,0,0
2024-02-17 14:00,14,2,5,0,28.9,67.4,714.3,177,7.32,193.12,81,0,0,0,0,0
2024-02-17 15:00,15,2,5,0,27.2,63.8,625.0,74,7.67,155.74,91,0,0,0,0,0
2024-02-17 16:00,16,2,5,0,26.6,67.6,475.5,72,7.59,127.63,92,0,0,0,0,0
2024-02-17 17:00,17,2,5,0,24.9,67.7,325.4,121,8.67,100.97,91,0,0,0,0,0
2024-02-17 18:00,18,2,5,0,19.5,65.1,161.7,0,8.3,42.1,100,0,0,0,0,0
2024-02-17 19:00,19,2,5,0,20.4,69.8,12.7,0,8.91,14.2,91,0,0,0,0,0
2024-02-17 20:00,20,2,5,0,21.2,68.7,0.0,0,8.63,14.41,94,0,0,0,0,0
2024-02-17 21:00,21,2,5,0,21.3,71.3,0.0,0,8.25,17.5,90,0,0,0,0,0
2024-02-17 22:00,22,2,5,0,20.0,68.3,0.0,0,8.46,17.38,95,0,0,0,0,0
2024-02-17 23:00,23,2,5,0,21.8,60.6,0.0,0,8.47,7.67,100,0,0,0,0,0
2024-02-18 00:00,0,2,6,0,18.0,63.9,0.0,0,8.26,9.62,93,0,0,0,0,0
2024-02-18 01:00,1,2,6,0,18.0,61.9,0.0,0,8.42,6.94,96,0,0,0,0,0
2024-02-18 02:00,2,2,6,0,18.0,57.3,0.0,0,8.61,5.23,97,0,0,0,0,0
2024-02-18 03:00,3,2,6,0,18.0,48.9,0.0,0,8.34,5.0,100,0,0,0,0,0
2024-02-18 04:00,4,2,6,0,18.0,53.0,0.0,0,8.52,5.0,96,0,0,0,0,0
2024-02-18 05:00,5,2,6,0,25.6,57.9,0.0,0,7.33,10.96,94,0,0,0,0,0
2024-02-18 06:00,6,2,6,0,26.1,54.2,10.1,0,7.48,21.39,98,0,0,0,0,0
2024-02-18 07:00,7,2,6,0,27.1,58.9,157.5,0,7.54,55.67,98,0,0,0,0,0
2024-02-18 08:00,8,2,6,0,28.3,59.4,365.0,0,7.51,95.34,92,0,0,0,0,0
2024-02-18 09:00,9,2,6,0,29.0,57.6,500.1,84,7.65,133.79,91,0,0,0,0,0
2024-02-18 10:00,10,2,6,0,30.2,57.6,595.3,43,7.45,154.77,91,0,0,0,0,0
2024-02-18 11:00,11,2,6,0,30.4,57.8,699.2,36,7.38,177.19,90,0,0,0,0,0
2024-02-18 12:00,12,2,6,0,29.2,64.9,743.7,118,7.31,196.21,87,0,0,0,0,0
2024-02-18 13:00,13,2,6,0,30.2,66.5,753.2,164,7.33,205.47,84,0,0,0,0,0
2024-02-18 14:00,14,2,6,0,27.9,60.8,705.8,25,7.66,161.62,92,0,0,0,0,0
2024-02-18 15:00,15,2,6,0,27.2,65.2,629.0,142,7.4,166.44,92,0,0,0,0,0
2024-02-18 16:00,16,2,6,0,25.5,67.2,459.1,108,7.77,118.24,85,0,0,0,0,0
2024-02-18 17:00,17,2,6,0,25.7,76.3,340.4,163,7.34,117.28,89,0,0,0,0,0
2024-02-18 18:00,18,2,6,0,20.5,72.0,158.8,0,8.56,45.13,92,0,0,0,0,0
2024-02-18 19:00,19,2,6,0,21.6,68.3,10.0,0,8.5,13.96,96,0,0,0,0,0
2024-02-18 20:00,20,2,6,0,21.4,70.7,0.0,0,8.73,15.65,90,0,0,0,0,0
2024-02-18 21:00,21,2,6,0,20.1,66.3,0.0,0,8.42,11.7,94,0,0,0,0,0
2024-02-18 22:00,22,2,6,0,21.3,60.7,0.0,0,8.35,9.2,99,0,0,0,0,0
2024-02-18 23:00,23,2,6,0,20.9,67.7,0.0,0,8.7,8.49,96,0,0,0,0,0
2024-02-19 00:00,0,2,0,1,18.0,61.1,0.0,3,8.53,5.0,95,0,0,0,0,0
2024-02-19 01:00,1,2,0,1,18.0,62.3,0.0,12,8.63,7.17,95,0,0,0,0,0
2024-02-19 02:00,2,2,0,1,18.0,58.1,0.0,31,8.58,5.0,98,0,0,0,0,0
2024-02-19 03:00,3,2,0,1,18.0,58.1,0.0,30,8.63,5.0,98,0,0,0,0,0
2024-02-19 04:00,4,2,0,1,18.0,57.9,0.0,7,8.48,8.07,95,0,0,0,0,0
2024-02-19 05:00,5,2,0,1,24.7,55.7,0.0,27,8.35,13.51,98,0,0,0,0,0
2024-02-19 06:00,6,2,0,1,25.8,55.4,2.4,40,7.53,25.46,94,0,0,0,0,0
2024-02-19 07:00,7,2,0,1,28.2,52.7,150.0,167,7.39,76.26,92,0,0,0,0,0
2024-02-19 08:00,8,2,0,1,29.1,51.0,384.2,757,7.49,195.88,85,0,0,0,0,0
2024-02-19 09:00,9,2,0,1,29.2,55.7,495.8,919,7.65,244.33,80,0,0,0,0,0
2024-02-19 10:00,10,2,0,1,29.2,54.9,624.4,1142,7.59,298.58,81,0,0,0,0,0
2024-02-19 11:00,11,2,0,1,30.8,56.4,683.7,1092,7.13,308.79,79,0,0,0,0,0
2024-02-19 12:00,12,2,0,1,30.0,60.3,736.5,789,7.5,274.26,81,0,0,0,0,0
2024-02-19 13:00,13,2,0,1,29.0,65.7,742.5,933,7.49,301.9,76,0,0,0,0,0
2024-02-19 14:00,14,2,0,1,28.6,66.4,695.6,1290,7.6,328.16,76,0,0,0,0,0
2024-02-19 15:00,15,2,0,1,26.5,68.0,632.2,1360,7.57,317.78,77,0,0,0,0,0
2024-02-19 16:00,16,2,0,1,25.7,68.1,480.2,1092,7.33,256.32,81,0,0,0,0,0
2024-02-19 17:00,17,2,0,1,24.2,71.8,340.4,428,8.43,138.42,87,0,0,0,0,0
2024-02-19 18:00,18,2,0,1,20.3,68.6,162.4,550,8.29,114.09,86,0,0,0,0,0
2024-02-19 19:00,19,2,0,1,20.3,67.8,45.2,193,8.33,47.25,93,0,0,0,0,0
2024-02-19 20:00,20,2,0,1,20.3,67.4,0.0,137,8.69,34.63,99,0,0,0,0,0
2024-02-19 21:00,21,2,0,1,20.6,69.3,0.0,12,8.8,17.48,100,0,0,0,0,0
2024-02-19 22:00,22,2,0,1,20.7,62.8,0.0,57,8.6,18.18,96,0,0,0,0,0
2024-02-19 23:00,23,2,0,1,21.9,64.0,0.0,52,8.35,13.54,98,0,0,0,0,0
2024-02-20 00:00,0,2,1,1,18.0,62.9,0.0,39,8.52,10.37,94,0,0,0,0,0
2024-02-20 01:00,1,2,1,1,18.0,63.2,0.0,10,8.5,5.36,93,0,0,0,0,0
2024-02-20 02:00,2,2,1,1,18.0,49.8,0.0,31,8.47,7.07,100,0,0,0,0,0
2024-02-20 03:00,3,2,1,1,18.0,57.7,0.0,2,8.76,5.38,95,0,0,0,0,0
2024-02-20 04:00,4,2,1,1,18.0,51.8,0.0,26,8.55,5.0,100,0,0,0,0,0
2024-02-20 05:00,5,2,1,1,25.6,52.3,0.0,35,7.25,18.7,95,0,0,0,0,0
2024-02-20 06:00,6,2,1,1,25.5,56.4,12.6,40,7.5,25.32,98,0,0,0,0,0
2024-02-20 07:00,7,2,1,1,27.0,53.6,180.0,277,7.59,91.49,95,0,0,0,0,0
2024-02-20 08:00,8,2,1,1,28.9,57.4,345.4,546,7.56,169.77,88,0,0,0,0,0
2024-02-20 09:00,9,2,1,1,29.9,49.3,505.4,1400,7.66,307.25,75,0,0,0,0,0
2024-02-20 10:00,10,2,1,1,29.8,55.7,605.5,1014,7.22,285.05,77,0,0,0,0,0
2024-02-20 11:00,11,2,1,1,29.8,61.2,725.9,1307,7.78,338.72,74,0,0,0,0,0
2024-02-20 12:00,12,2,1,1,30.1,64.1,741.4,949,7.42,301.77,79,0,0,0,0,0
2024-02-20 13:00,13,2,1,1,28.9,62.2,726.6,940,7.68,294.65,80,0,0,0,0,0
2024-02-20 14:00,14,2,1,1,28.9,65.2,722.0,1040,7.51,310.42,78,0,0,0,0,0
2024-02-20 15:00,15,2,1,1,27.5,67.5,618.7,1226,7.53,310.06,75,0,0,0,0,0
2024-02-20 16:00,16,2,1,1,25.6,62.9,488.3,1018,7.4,245.22,88,0,0,0,0,0
2024-02-20 17:00,17,2,1,1,24.7,67.1,336.5,374,8.51,138.76,84,0,0,0,0,0
2024-02-20 18:00,18,2,1,1,20.1,70.3,181.9,241,8.39,84.7,88,0,0,0,0,0
2024-02-20 19:00,19,2,1,1,20.9,75.0,0.0,199,8.35,45.17,88,0,0,0,0,0
2024-02-20 20:00,20,2,1,1,21.0,70.7,0.0,157,8.38,35.56,92,0,0,0,0,0
2024-02-20 21:00,21,2,1,1,20.5,70.9,0.0,5,8.84,14.23,92,0,0,0,0,0
2024-02-20 22:00,22,2,1,1,22.6,67.7,0.0,31,8.2,19.57,97,0,0,0,0,0
2024-02-20 23:00,23,2,1,1,22.3,59.0,0.0,28,8.4,10.94,98,0,0,0,0,0
2024-02-21 00:00,0,2,2,1,18.0,65.1,0.0,3,8.75,9.82,100,0,0,0,0,0
2024-02-21 01:00,1,2,2,1,18.0,60.0,0.0,45,8.7,11.42,97,0,0,0,0,0
2024-02-21 02:00,2,2,2,1,18.0,59.5,0.0,9,8.21,7.52,95,0,0,0,0,0
2024-02-21 03:00,3,2,2,1,18.0,55.9,0.0,11,8.64,5.07,97,0,0,0,0,0
2024-02-21 04:00,4,2,2,1,18.0,53.3,0.0,41,8.66,8.43,100,0,0,0,0,0
2024-02-21 05:00,5,2,2,1,24.3,59.6,0.0,22,8.48,10.99,94,0,0,0,0,0
2024-02-21 06:00,6,2,2,1,26.1,51.5,0.0,33,7.67,25.09,97,0,0,0,0,0
2024-02-21 07:00,7,2,2,1,26.9,59.0,169.3,129,7.61,80.53,91,0,0,0,0,0
2024-02-21 08:00,8,2,2,1,27.7,56.8,360.8,751,7.51,189.31,80,0,0,0,0,0
2024-02-21 09:00,9,2,2,1,29.4,53.8,477.5,983,7.28,249.5,85,0,0,0,0,0
2024-02-21 10:00,10,2,2,1,30.6,58.2,632.8,1289,7.52,322.11,81,0,0,0,0,0
2024-02-21 11:00,11,2,2,1,30.0,62.9,699.7,1170,7.33,326.43,74,0,0,0,0,0
2024-02-21 12:00,12,2,2,1,29.9,61.8,706.7,714,7.52,261.64,82,0,0,0,0,0
2024-02-21 13:00,13,2,2,1,29.6,59.3,726.6,724,7.66,264.4,77,0,0,0,0,0
2024-02-21 14:00,14,2,2,1,28.6,57.6,702.6,1349,7.44,330.32,73,0,0,0,0,0
2024-02-21 15:00,15,2,2,1,26.6,64.4,596.5,1321,7.48,312.82,78,0,0,0,0,0
2024-02-21 16:00,16,2,2,1,26.2,64.6,543.3,1338,7.54,301.9,76,0,0,0,0,0
2024-02-21 17:00,17,2,2,1,24.0,72.4,307.0,274,8.26,115.67,88,0,0,0,0,0
2024-02-21 18:00,18,2,2,1,20.5,66.7,174.1,218,8.92,69.24,92,0,0,0,0,0
2024-02-21 19:00,19,2,2,1,21.4,69.4,0.0,176,8.52,37.45,94,0,0,0,0,0
2024-02-21 20:00,20,2,2,1,21.1,70.4,0.0,190,8.58,41.89,90,0,0,0,0,0
2024-02-21 21:00,21,2,2,1,21.9,65.4,0.0,19,8.63,14.16,95,0,0,0,0,0
2024-02-21 22:00,22,2,2,1,22.2,64.0,0.0,51,8.2,17.72,93,0,0,0,0,0
2024-02-21 23:00,23,2,2,1,22.2,63.3,0.0,34,8.63,12.36,100,0,0,0,0,0
2024-02-22 00:00,0,2,3,1,18.0,61.1,0.0,0,8.43,8.21,100,0,0,0,0,0
2024-02-22 01:00,1,2,3,1,18.0,58.5,0.0,22,8.59,5.0,94,0,0,0,0,0
2024-02-22 02:00,2,2,3,1,18.0,57.9,0.0,4,8.4,8.7,99,0,0,0,0,0
2024-02-22 03:00,3,2,3,1,18.0,56.4,0.0,34,8.54,5.0,99,0,0,0,0,0
2024-02-22 04:00,4,2,3,1,18.0,50.1,0.0,35,8.6,5.0,96,0,0,0,0,0
2024-02-22 05:00,5,2,3,1,25.4,51.3,0.0,2,7.57,14.94,92,0,0,0,0,0
2024-02-22 06:00,6,2,3,1,26.7,56.6,0.0,2,7.64,25.0,95,0,0,0,0,0
2024-02-22 07:00,7,2,3,1,27.1,52.7,148.1,264,7.45,85.48,94,0,0,0,0,0
2024-02-22 08:00,8,2,3,1,28.0,54.5,350.4,557,7.62,160.66,83,0,0,0,0,0
2024-02-22 09:00,9,2,3,1,29.6,55.4,506.1,1262,7.6,295.59,79,0,0,0,0,0
2024-02-22 10:00,10,2,3,1,28.6,59.8,606.1,1248,7.44,305.1,77,0,0,0,0,0
2024-02-22 11:00,11,2,3,1,30.7,53.6,667.8,1143,7.46,307.49,82,0,0,0,0,0
2024-02-22 12:00,12,2,3,1,30.0,56.1,740.7,939,7.36,293.25,78,0,0,0,0,0
2024-02-22 13:00,13,2,3,1,29.9,61.8,729.2,747,7.16,268.54,78,0,0,0,0,0
2024-02-22 14:00,14,2,3,1,28.2,56.3,681.6,950,7.35,279.5,76,0,0,0,0,0
2024-02-22 15:00,15,2,3,1,27.3,67.6,631.9,1248,7.47,308.67,77,0,0,0,0,0
2024-02-22 16:00,16,2,3,1,27.0,65.6,452.4,1188,7.69,274.75,75,0,0,0,0,0
2024-02-22 17:00,17,2,3,1,25.1,76.3,387.9,422,7.45,163.83,89,0,0,0,0,0
2024-02-22 18:00,18,2,3,1,21.5,65.3,183.8,200,8.45,75.62,94,0,0,0,0,0
2024-02-22 19:00,19,2,3,1,19.8,71.6,0.0,153,8.29,35.18,90,0,0,0,0,0
2024-02-22 20:00,20,2,3,1,20.7,67.4,0.0,195,8.19,42.57,94,0,0,0,0,0
2024-02-22 21:00,21,2,3,1,21.1,68.2,0.0,30,8.53,18.74,94,0,0,0,0,0
2024-02-22 22:00,22,2,3,1,22.1,64.0,0.0,29,8.56,11.15,99,0,0,0,0,0
2024-02-22 23:00,23,2,3,1,22.3,53.7,0.0,6,8.49,5.0,99,0,0,0,0,0
2024-02-23 00:00,0,2,4,1,18.0,62.8,0.0,9,8.54,8.28,96,0,0,0,0,0
2024-02-23 01:00,1,2,4,1,18.0,57.5,0.0,10,8.61,5.0,95,0,0,0,0,0
2024-02-23 02:00,2,2,4,1,18.0,59.8,0.0,45,8.45,11.21,98,0,0,0,0,0
2024-02-23 03:00,3,2,4,1,18.0,54.2,0.0,15,8.54,5.0,98,0,0,0,0,0
2024-02-23 04:00,4,2,4,1,18.0,52.8,0.0,9,8.23,5.0,98,0,0,0,0,0
2024-02-23 05:00,5,2,4,1,25.0,52.2,0.0,48,8.5,16.16,95,0,0,0,0,0
2024-02-23 06:00,6,2,4,1,25.9,57.9,11.9,38,7.54,29.98,97,0,0,0,0,0
2024-02-23 07:00,7,2,4,1,28.3,51.4,186.1,105,7.37,76.11,95,0,0,0,0,0
2024-02-23 08:00,8,2,4,1,28.0,59.0,331.6,750,7.6,194.03,83,0,0,0,0,0
2024-02-23 09:00,9,2,4,1,29.2,53.5,477.8,928,7.36,238.37,82,0,0,0,0,0
2024-02-23 10:00,10,2,4,1,28.8,59.0,600.5,1030,7.26,271.32,77,0,0,0,0,0
2024-02-23 11:00,11,2,4,1,30.2,61.1,685.3,1302,7.75,333.62,71,0,0,0,0,0
2024-02-23 12:00,12,2,4,1,29.5,61.4,723.6,844,7.76,277.37,79,0,0,0,0,0
2024-02-23 13:00,13,2,4,1,29.0,67.3,745.9,742,7.33,272.4,82,0,0,0,0,0
2024-02-23 14:00,14,2,4,1,29.3,68.4,688.4,1245,7.47,330.65,76,0,0,0,0,0
2024-02-23 15:00,15,2,4,1,27.5,71.6,602.2,1335,7.05,320.31,74,0,0,0,0,0
2024-02-23 16:00,16,2,4,1,26.2,65.8,510.0,1268,7.62,289.42,83,0,0,0,0,0
2024-02-23 17:00,17,2,4,1,24.8,71.1,337.6,535,8.68,154.86,88,0,0,0,0,0
2024-02-23 18:00,18,2,4,1,20.9,75.0,183.4,521,8.47,118.79,85,0,0,0,0,0
2024-02-23 19:00,19,2,4,1,20.7,64.5,0.0,184,8.67,36.38,96,0,0,0,0,0
2024-02-23 20:00,20,2,4,1,21.6,68.3,0.0,72,8.43,21.44,97,0,0,0,0,0
2024-02-23 21:00,21,2,4,1,19.7,66.3,0.0,24,8.53,16.57,90,0,0,0,0,0
2024-02-23 22:00,22,2,4,1,22.0,68.8,0.0,57,8.28,24.65,94,0,0,0,0,0
2024-02-23 23:00,23,2,4,1,21.9,65.3,0.0,19,8.31,8.71,96,0,0,0,0,0
2024-02-24 00:00,0,2,5,0,18.0,59.8,0.0,0,8.42,6.39,98,0,0,0,0,0
2024-02-24 01:00,1,2,5,0,18.0,64.3,0.0,0,8.41,12.48,91,0,0,0,0,0
2024-02-24 02:00,2,2,5,0,18.0,58.0,0.0,0,8.62,5.0,97,0,0,0,0,0
2024-02-24 03:00,3,2,5,0,18.0,52.8,0.0,0,8.41,5.0,99,0,0,0,0,0
2024-02-24 04:00,4,2,5,0,18.0,56.4,0.0,0,8.72,5.0,96,0,0,0,0,0
2024-02-24 05:00,5,2,5,0,25.0,52.3,0.0,0,7.53,6.82,100,0,0,0,0,0
2024-02-24 06:00,6,2,5,0,26.8,55.6,34.6,0,7.44,33.39,95,0,0,0,0,0
2024-02-24 07:00,7,2,5,0,25.7,55.7,211.6,0,7.55,57.23,98,0,0,0,0,0
2024-02-24 08:00,8,2,5,0,27.8,56.8,352.3,0,7.47,90.6,94,0,0,0,0,0
2024-02-24 09:00,9,2,5,0,29.7,57.9,459.8,175,7.42,146.15,87,0,0,0,0,0
2024-02-24 10:00,10,2,5,0,30.2,53.9,618.3,175,7.22,174.99,89,0,0,0,0,0
2024-02-24 11:00,11,2,5,0,30.4,63.1,707.5,66,7.63,183.58,81,0,0,0,0,0
2024-02-24 12:00,12,2,5,0,30.3,58.3,733.1,106,7.56,183.4,87,0,0,0,0,0
2024-02-24 13:00,13,2,5,0,28.6,60.1,773.9,127,7.7,194.87,87,0,0,0,0,0
2024-02-24 14:00,14,2,5,0,27.6,71.6,662.2,69,7.46,169.57,92,0,0,0,0,0
2024-02-24 15:00,15,2,5,0,28.3,61.8,597.8,101,7.85,158.49,88,0,0,0,0,0
2024-02-24 16:00,16,2,5,0,26.5,68.2,477.1,47,7.65,127.64,93,0,0,0,0,0
2024-02-24 17:00,17,2,5,0,24.8,59.6,352.1,69,8.43,94.1,94,0,0,0,0,0
2024-02-24 18:00,18,2,5,0,20.1,67.7,194.8,0,8.52,49.92,93,0,0,0,0,0
2024-02-24 19:00,19,2,5,0,21.1,65.4,0.0,0,8.15,12.42,93,0,0,0,0,0
2024-02-24 20:00,20,2,5,0,21.4,71.7,0.0,0,8.32,22.19,94,0,0,0,0,0
2024-02-24 21:00,21,2,5,0,21.5,65.8,0.0,0,8.82,12.21,93,0,0,0,0,0
2024-02-24 22:00,22,2,5,0,22.6,65.7,0.0,0,8.49,22.6,99,0,0,0,0,0
2024-02-24 23:00,23,2,5,0,23.5,61.2,0.0,0,8.6,10.78,96,0,0,0,0,0
2024-02-25 00:00,0,2,6,0,18.0,60.8,0.0,0,8.43,10.16,98,0,0,0,0,0
2024-02-25 01:00,1,2,6,0,18.0,59.2,0.0,0,8.58,5.0,100,0,0,0,0,0
2024-02-25 02:00,2,2,6,0,18.0,60.3,0.0,0,8.5,5.0,94,0,0,0,0,0
2024-02-25 03:00,3,2,6,0,18.0,54.7,0.0,0,8.42,6.07,100,0,0,0,0,0
2024-02-25 04:00,4,2,6,0,18.0,58.1,0.0,0,8.41,6.88,99,0,0,0,0,0
2024-02-25 05:00,5,2,6,0,25.3,56.7,0.0,0,7.39,14.98,96,0,0,0,0,0
2024-02-25 06:00,6,2,6,0,25.8,52.0,9.6,0,7.54,15.99,98,0,0,0,0,0
2024-02-25 07:00,7,2,6,0,27.2,52.0,168.3,0,7.39,57.95,94,0,0,0,0,0
2024-02-25 08:00,8,2,6,0,28.1,55.2,356.2,0,7.47,94.04,96,0,0,0,0,0
2024-02-25 09:00,9,2,6,0,28.5,54.0,479.0,173,7.34,137.96,84,0,0,0,0,0
2024-02-25 10:00,10,2,6,0,29.2,57.3,606.3,49,7.33,146.54,89,0,0,0,0,0
2024-02-25 11:00,11,2,6,0,29.6,60.8,696.0,72,7.49,176.72,86,0,0,0,0,0
2024-02-25 12:00,12,2,6,0,30.1,62.4,758.3,167,7.74,200.42,89,0,0,0,0,0
2024-02-25 13:00,13,2,6,0,28.3,64.9,758.8,153,7.46,193.96,84,0,0,0,0,0
2024-02-25 14:00,14,2,6,0,28.7,76.1,686.8,168,7.58,193.55,87,0,0,0,0,0
2024-02-25 15:00,15,2,6,0,28.2,73.0,626.3,147,7.2,178.04,88,0,0,0,0,0
2024-02-25 16:00,16,2,6,0,26.7,69.1,525.8,127,7.59,146.65,91,0,0,0,0,0
2024-02-25 17:00,17,2,6,0,25.0,73.7,337.4,90,7.37,101.94,84,0,0,0,0,0
2024-02-25 18:00,18,2,6,0,20.4,66.7,174.4,0,8.25,46.86,95,0,0,0,0,0
2024-02-25 19:00,19,2,6,0,20.9,65.4,0.0,0,8.29,13.59,98,0,0,0,0,0
2024-02-25 20:00,20,2,6,0,21.3,68.1,0.0,0,8.29,10.84,92,0,0,0,0,0
2024-02-25 21:00,21,2,6,0,20.8,68.0,0.0,0,8.38,13.82,92,0,0,0,0,0
2024-02-25 22:00,22,2,6,0,21.1,62.8,0.0,0,8.56,13.33,95,0,0,0,0,0
2024-02-25 23:00,23,2,6,0,22.7,62.1,0.0,0,8.2,9.85,95,0,0,0,0,0
2024-02-26 00:00,0,2,0,1,18.0,60.5,0.0,44,8.59,10.73,96,0,0,0,0,0
2024-02-26 01:00,1,2,0,1,18.0,58.3,0.0,8,8.29,5.0,100,0,0,0,0,0
2024-02-26 02:00,2,2,0,1,18.0,59.0,0.0,24,8.33,5.5,100,0,0,0,0,0
2024-02-26 03:00,3,2,0,1,18.0,61.0,0.0,7,8.49,5.14,100,0,0,0,0,0
2024-02-26 04:00,4,2,0,1,18.0,50.1,0.0,9,8.4,5.0,100,0,0,0,0,0
2024-02-26 05:00,5,2,0,1,26.2,50.3,0.0,6,7.66,13.23,92,0,0,0,0,0
2024-02-26 06:00,6,2,0,1,28.3,53.0,0.0,36,7.52,32.24,97,0,0,0,0,0
2024-02-26 07:00,7,2,0,1,27.7,50.5,187.0,285,7.45,94.2,87,0,0,0,0,0
2024-02-26 08:00,8,2,0,1,28.5,53.9,355.3,592,7.43,173.73,85,0,0,0,0,0
2024-02-26 09:00,9,2,0,1,29.5,57.1,472.7,1365,7.53,302.95,74,0,0,0,0,0
2024-02-26 10:00,10,2,0,1,29.4,56.7,612.4,1280,7.58,314.26,82,0,0,0,0,0
2024-02-26 11:00,11,2,0,1,30.3,61.0,719.5,1381,7.4,353.52,72,0,0,0,0,0
2024-02-26 12:00,12,2,0,1,30.3,61.1,761.4,762,7.19,278.53,78,0,0,0,0,0
2024-02-26 13:00,13,2,0,1,29.7,68.9,761.5,664,7.41,272.13,83,0,0,0,0,0
2024-02-26 14:00,14,2,0,1,28.6,70.1,713.8,1304,7.45,341.21,73,0,0,0,0,0
2024-02-26 15:00,15,2,0,1,26.2,67.0,631.5,1347,7.68,323.13,78,0,0,0,0,0
2024-02-26 16:00,16,2,0,1,25.1,65.6,499.7,1053,7.61,248.68,84,0,0,0,0,0
2024-02-26 17:00,17,2,0,1,24.7,69.9,377.1,208,8.66,120.55,92,0,0,0,0,0
2024-02-26 18:00,18,2,0,1,21.0,69.6,165.1,531,8.57,112.53,90,0,0,0,0,0
2024-02-26 19:00,19,2,0,1,20.2,66.0,0.0,146,8.43,36.59,96,0,0,0,0,0
2024-02-26 20:00,20,2,0,1,19.9,76.5,0.0,90,8.48,30.76,91,0,0,0,0,0
2024-02-26 21:00,21,2,0,1,20.1,71.1,0.0,5,8.26,16.18,100,0,0,0,0,0
2024-02-26 22:00,22,2,0,1,21.8,63.2,0.0,32,8.62,16.38,93,0,0,0,0,0
2024-02-26 23:00,23,2,0,1,21.7,59.7,0.0,33,8.16,12.42,100,0,0,0,0,0
2024-02-27 00:00,0,2,1,1,18.0,61.0,0.0,25,8.72,8.72,99,0,0,0,0,0
2024-02-27 01:00,1,2,1,1,18.0,58.2,0.0,49,8.19,9.8,100,0,0,0,0,0
2024-02-27 02:00,2,2,1,1,18.0,57.8,0.0,44,8.28,13.11,95,0,0,0,0,0
2024-02-27 03:00,3,2,1,1,18.0,56.1,0.0,18,8.62,8.61,98,0,0,0,0,0
2024-02-27 04:00,4,2,1,1,18.0,53.3,0.0,20,8.24,6.6,100,0,0,0,0,0
2024-02-27 05:00,5,2,1,1,22.7,55.8,0.0,22,8.28,5.0,98,0,0,0,0,0
2024-02-27 06:00,6,2,1,1,25.6,51.0,0.0,25,7.46,21.81,100,0,0,0,0,0
2024-02-27 07:00,7,2,1,1,28.3,59.5,181.2,158,7.41,88.05,86,0,0,0,0,0
2024-02-27 08:00,8,2,1,1,28.2,56.4,323.9,719,7.28,183.13,85,0,0,0,0,0
2024-02-27 09:00,9,2,1,1,30.0,59.1,490.5,1019,7.67,263.64,81,0,0,0,0,0
2024-02-27 10:00,10,2,1,1,30.0,53.0,628.9,992,7.64,276.08,79,0,0,0,0,0
2024-02-27 11:00,11,2,1,1,29.2,54.5,694.4,1214,7.58,319.32,76,0,0,0,0,0
2024-02-27 12:00,12,2,1,1,31.3,61.4,763.3,753,7.54,283.23,78,0,0,0,0,0
2024-02-27 13:00,13,2,1,1,28.9,63.4,723.1,656,7.63,250.3,83,0,0,0,0,0
2024-02-27 14:00,14,2,1,1,27.5,70.4,714.2,1124,7.44,318.97,76,0,0,0,0,0
2024-02-27 15:00,15,2,1,1,28.1,68.2,678.6,1144,7.47,307.34,70,0,0,0,0,0
2024-02-27 16:00,16,2,1,1,26.7,70.3,508.9,1105,7.74,268.87,76,0,0,0,0,0
2024-02-27 17:00,17,2,1,1,24.0,71.6,305.9,259,8.24,117.59,92,0,0,0,0,0
2024-02-27 18:00,18,2,1,1,19.4,74.7,209.6,551,8.5,127.21,90,0,0,0,0,0
2024-02-27 19:00,19,2,1,1,20.0,65.3,0.0,74,8.49,18.58,95,0,0,0,0,0
2024-02-27 20:00,20,2,1,1,21.5,71.5,0.0,88,8.7,28.67,94,0,0,0,0,0
2024-02-27 21:00,21,2,1,1,21.9,63.2,0.0,23,8.57,13.65,98,0,0,0,0,0
2024-02-27 22:00,22,2,1,1,22.5,66.0,0.0,33,8.39,23.84,98,0,0,0,0,0
2024-02-27 23:00,23,2,1,1,21.7,64.2,0.0,42,8.68,13.58,94,0,0,0,0,0
2024-02-28 00:00,0,2,2,1,18.0,61.7,0.0,4,8.45,12.04,100,0,0,0,0,0
2024-02-28 01:00,1,2,2,1,18.0,60.5,0.0,40,8.61,7.04,100,0,0,0,0,0
2024-02-28 02:00,2,2,2,1,18.0,58.1,0.0,7,8.7,5.99,92,0,0,0,0,0
2024-02-28 03:00,3,2,2,1,18.0,59.6,0.0,38,8.5,11.59,95,0,0,0,0,0
2024-02-28 04:00,4,2,2,1,18.0,50.5,0.0,0,8.45,5.0,100,0,0,0,0,0
2024-02-28 05:00,5,2,2,1,24.2,52.5,0.0,17,8.5,8.25,100,0,0,0,0,0
2024-02-28 06:00,6,2,2,1,25.7,52.8,0.0,40,7.46,20.23,94,0,0,0,0,0
2024-02-28 07:00,7,2,2,1,27.1,58.9,221.9,172,7.25,88.53,91,0,0,0,0,0
2024-02-28 08:00,8,2,2,1,28.7,54.7,322.2,633,7.39,173.02,86,0,0,0,0,0
2024-02-28 09:00,9,2,2,1,29.6,60.5,516.9,975,7.87,258.45,77,0,0,0,0,0
2024-02-28 10:00,10,2,2,1,31.1,60.7,609.3,999,7.36,291.6,74,0,0,0,0,0
2024-02-28 11:00,11,2,2,1,30.2,60.0,688.3,1182,7.59,314.61,79,0,0,0,0,0
2024-02-28 12:00,12,2,2,1,28.3,53.0,736.5,704,7.55,251.39,86,0,0,0,0,0
2024-02-28 13:00,13,2,2,1,29.1,63.8,749.3,850,7.32,283.79,80,0,0,0,0,0
2024-02-28 14:00,14,2,2,1,29.5,57.9,709.0,1049,7.51,299.36,76,0,0,0,0,0
2024-02-28 15:00,15,2,2,1,28.2,74.1,608.4,1187,7.3,305.53,75,0,0,0,0,0
2024-02-28 16:00,16,2,2,1,26.7,71.6,498.9,1319,7.4,299.76,74,0,0,0,0,0
2024-02-28 17:00,17,2,2,1,25.6,72.8,343.3,557,7.43,166.99,86,0,0,0,0,0
2024-02-28 18:00,18,2,2,1,20.2,73.5,160.6,375,8.22,97.74,87,0,0,0,0,0
2024-02-28 19:00,19,2,2,1,21.1,65.5,0.0,163,8.51,33.57,95,0,0,0,0,0
2024-02-28 20:00,20,2,2,1,21.2,72.4,0.0,150,8.54,40.33,88,0,0,0,0,0
2024-02-28 21:00,21,2,2,1,20.9,63.6,0.0,4,8.59,12.13,89,0,0,0,0,0
2024-02-28 22:00,22,2,2,1,22.5,62.8,0.0,21,8.75,14.72,97,0,0,0,0,0
2024-02-28 23:00,23,2,2,1,22.2,65.6,0.0,41,8.63,13.65,96,0,0,0,0,0
2024-02-29 00:00,0,2,3,1,18.0,66.8,0.0,49,8.27,12.86,95,0,0,0,0,0
2024-02-29 01:00,1,2,3,1,18.0,57.4,0.0,0,8.58,5.37,100,0,0,0,0,0
2024-02-29 02:00,2,2,3,1,18.0,60.4,0.0,2,8.46,9.54,95,0,0,0,0,0
2024-02-29 03:00,3,2,3,1,18.0,56.7,0.0,34,8.6,6.88,98,0,0,0,0,0
2024-02-29 04:00,4,2,3,1,18.0,59.7,0.0,13,8.45,7.69,100,0,0,0,0,0
2024-02-29 05:00,5,2,3,1,24.9,53.7,0.0,38,8.61,12.03,95,0,0,0,0,0
2024-02-29 06:00,6,2,3,1,26.2,55.4,22.2,33,7.32,31.32,97,0,0,0,0,0
2024-02-29 07:00,7,2,3,1,28.0,54.9,190.2,130,7.48,79.4,90,0,0,0,0,0
2024-02-29 08:00,8,2,3,1,29.1,55.9,347.0,516,7.45,160.48,90,0,0,0,0,0
2024-02-29 09:00,9,2,3,1,29.9,57.0,527.4,987,7.49,263.3,76,0,0,0,0,0
2024-02-29 10:00,10,2,3,1,29.2,62.8,624.6,1356,7.33,327.7,67,0,0,0,0,0
2024-02-29 11:00,11,2,3,1,29.2,56.8,679.0,1260,7.52,322.35,76,0,0,0,0,0
2024-02-29 12:00,12,2,3,1,30.3,62.2,749.2,808,7.44,284.45,76,0,0,0,0,0
2024-02-29 13:00,13,2,3,1,30.7,57.8,736.1,708,7.2,265.29,81,0,0,0,0,0
2024-02-29 14:00,14,2,3,1,28.7,61.8,699.2,1297,7.53,334.27,74,0,0,0,0,0
2024-02-29 15:00,15,2,3,1,28.0,71.8,622.7,1324,7.4,326.12,74,0,0,0,0,0
2024-02-29 16:00,16,2,3,1,27.3,70.4,471.1,1233,7.64,284.05,73,0,0,0,0,0
2024-02-29 17:00,17,2,3,1,25.0,70.4,388.2,362,8.3,146.49,88,0,0,0,0,0
2024-02-29 18:00,18,2,3,1,20.3,71.7,182.0,465,8.47,111.01,81,0,0,0,0,0
2024-02-29 19:00,19,2,3,1,20.2,70.7,0.0,158,8.53,35.39,90,0,0,0,0,0
2024-02-29 20:00,20,2,3,1,22.3,66.6,0.0,50,8.52,22.35,95,0,0,0,0,0
2024-02-29 21:00,21,2,3,1,22.3,65.0,0.0,39,8.5,20.63,91,0,0,0,0,0
2024-02-29 22:00,22,2,3,1,22.9,68.6,0.0,24,8.47,24.27,97,0,0,0,0,0
2024-02-29 23:00,23,2,3,1,22.6,64.0,0.0,18,8.71,9.4,96,0,0,0,0,0
2024-03-01 00:00,0,3,4,1,18.0,51.9,0.0,13,8.51,5.0,100,0,0,0,0,0
2024-03-01 01:00,1,3,4,1,18.1,50.9,0.0,9,8.53,5.25,98,0,0,0,0,0
2024-03-01 02:00,2,3,4,1,18.9,48.3,0.0,47,8.3,5.0,96,0,0,0,0,0
2024-03-01 03:00,3,3,4,1,18.4,41.6,0.0,1,8.46,5.0,100,0,0,0,0,0
2024-03-01 04:00,4,3,4,1,18.9,41.2,0.0,6,8.57,5.0,100,0,0,0,0,0
2024-03-01 05:00,5,3,4,1,28.3,40.4,0.0,10,7.62,21.71,99,0,0,0,0,0
2024-03-01 06:00,6,3,4,1,30.3,39.5,8.8,43,7.3,38.8,84,0,0,0,0,0
2024-03-01 07:00,7,3,4,1,30.7,41.5,212.1,130,7.76,90.8,81,0,0,0,0,0
2024-03-01 08:00,8,3,4,1,31.3,40.4,393.6,733,7.52,206.71,80,0,0,0,0,0
2024-03-01 09:00,9,3,4,1,31.7,42.9,546.9,983,7.39,269.98,78,0,0,0,0,0
2024-03-01 10:00,10,3,4,1,32.8,41.9,686.4,1043,7.35,307.13,79,0,0,0,0,0
2024-03-01 11:00,11,3,4,1,33.1,48.4,787.5,1211,7.58,341.5,72,0,0,0,0,0
2024-03-01 12:00,12,3,4,1,33.2,52.0,858.6,925,7.45,326.98,75,0,0,0,0,0
2024-03-01 13:00,13,3,4,1,32.1,52.3,867.4,847,7.49,312.46,77,0,0,0,0,0
2024-03-01 14:00,14,3,4,1,31.5,49.8,788.2,1132,7.42,326.3,80,0,0,0,0,0
2024-03-01 15:00,15,3,4,1,30.1,55.6,729.6,1247,7.3,333.42,76,0,0,0,0,0
2024-03-01 16:00,16,3,4,1,29.7,57.2,518.2,1045,7.68,263.88,80,0,0,0,0,0
2024-03-01 17:00,17,3,4,1,27.8,59.6,436.1,224,7.68,139.44,85,0,0,0,0,0
2024-03-01 18:00,18,3,4,1,22.6,57.0,220.7,420,8.41,103.8,100,0,0,0,0,0
2024-03-01 19:00,19,3,4,1,23.2,57.2,0.0,184,8.46,36.24,95,0,0,0,0,0
2024-03-01 20:00,20,3,4,1,23.5,52.6,0.0,146,8.26,23.08,94,0,0,0,0,0
2024-03-01 21:00,21,3,4,1,24.1,54.4,0.0,12,8.56,11.27,99,0,0,0,0,0
2024-03-01 22:00,22,3,4,1,23.6,60.6,0.0,26,8.44,17.03,94,0,0,0,0,0
2024-03-01 23:00,23,3,4,1,25.7,55.6,0.0,56,7.65,20.45,95,0,0,0,0,0
2024-03-02 00:00,0,3,5,0,18.2,44.7,0.0,0,8.46,5.0,96,0,0,0,0,0
2024-03-02 01:00,1,3,5,0,18.1,48.8,0.0,0,8.7,5.0,100,0,0,0,0,0
2024-03-02 02:00,2,3,5,0,18.0,41.7,0.0,0,8.52,5.0,99,0,0,0,0,0
2024-03-02 03:00,3,3,5,0,18.1,45.9,0.0,0,8.35,5.0,100,0,0,0,0,0
2024-03-02 04:00,4,3,5,0,19.1,41.7,0.0,0,8.27,5.0,98,0,0,0,0,0
2024-03-02 05:00,5,3,5,0,28.5,41.8,0.0,0,7.49,21.97,92,0,0,0,0,0
2024-03-02 06:00,6,3,5,0,29.3,39.2,0.0,0,7.42,27.34,96,0,0,0,0,0
2024-03-02 07:00,7,3,5,0,31.0,42.3,203.8,0,7.42,73.28,84,0,0,0,0,0
2024-03-02 08:00,8,3,5,0,32.0,39.7,401.5,0,7.39,112.16,87,0,0,0,0,0
2024-03-02 09:00,9,3,5,0,31.9,43.7,548.5,153,7.53,160.57,87,0,0,0,0,0
2024-03-02 10:00,10,3,5,0,33.0,45.2,704.3,160,7.49,191.67,80,0,0,0,0,0
2024-03-02 11:00,11,3,5,0,32.9,46.7,790.1,79,7.49,197.32,88,0,0,0,0,0
2024-03-02 12:00,12,3,5,0,33.2,48.7,812.2,107,7.4,211.42,84,0,0,0,0,0
2024-03-02 13:00,13,3,5,0,31.6,53.1,821.0,141,7.44,212.2,85,0,0,0,0,0
2024-03-02 14:00,14,3,5,0,31.7,56.6,822.4,77,7.32,208.92,84,0,0,0,0,0
2024-03-02 15:00,15,3,5,0,30.5,58.0,714.6,94,7.57,183.73,85,0,0,0,0,0
2024-03-02 16:00,16,3,5,0,29.5,60.3,607.4,105,7.37,162.27,89,0,0,0,0,0
2024-03-02 17:00,17,3,5,0,29.0,58.9,406.2,20,7.54,110.62,88,0,0,0,0,0
2024-03-02 18:00,18,3,5,0,23.0,54.8,200.9,0,8.26,44.73,100,0,0,0,0,0
2024-03-02 19:00,19,3,5,0,23.2,61.7,6.6,0,8.46,16.84,99,0,0,0,0,0
2024-03-02 20:00,20,3,5,0,23.8,60.1,0.0,0,8.56,15.8,91,0,0,0,0,0
2024-03-02 21:00,21,3,5,0,24.7,56.7,0.0,0,8.69,14.53,100,0,0,0,0,0
2024-03-02 22:00,22,3,5,0,24.9,54.6,0.0,0,8.53,16.48,100,0,0,0,0,0
2024-03-02 23:00,23,3,5,0,25.1,54.0,0.0,0,7.57,11.64,97,0,0,0,0,0
2024-03-03 00:00,0,3,6,0,18.0,49.8,0.0,0,8.43,5.0,100,0,0,0,0,0
2024-03-03 01:00,1,3,6,0,18.2,46.3,0.0,0,8.39,5.0,97,0,0,0,0,0
2024-03-03 02:00,2,3,6,0,18.7,49.6,0.0,0,8.55,5.0,100,0,0,0,0,0
2024-03-03 03:00,3,3,6,0,19.3,47.2,0.0,0,8.46,5.0,92,0,0,0,0,0
2024-03-03 04:00,4,3,6,0,19.3,46.0,0.0,0,8.51,5.0,99,0,0,0,0,0
2024-03-03 05:00,5,3,6,0,27.3,40.2,0.0,0,7.33,16.0,93,0,0,0,0,0
2024-03-03 06:00,6,3,6,0,28.6,42.4,15.1,0,7.15,33.59,92,0,0,0,0,0
2024-03-03 07:00,7,3,6,0,31.5,34.4,195.8,0,7.37,75.49,85,0,0,0,0,0
2024-03-03 08:00,8,3,6,0,31.5,43.0,394.7,0,7.58,109.41,92,0,0,0,0,0
2024-03-03 09:00,9,3,6,0,33.5,46.4,598.5,90,7.25,165.67,82,0,0,0,0,0
2024-03-03 10:00,10,3,6,0,34.2,41.4,718.3,87,7.73,191.63,84,0,0,0,0,0
2024-03-03 11:00,11,3,6,0,32.7,50.8,797.7,170,7.56,209.07,85,0,0,0,0,0
2024-03-03 12:00,12,3,6,0,31.8,51.3,835.8,69,7.38,204.19,93,0,0,0,0,0
2024-03-03 13:00,13,3,6,0,33.4,52.5,850.3,142,7.42,222.98,85,0,0,0,0,0
2024-03-03 14:00,14,3,6,0,30.9,45.7,820.1,72,7.49,193.7,89,0,0,0,0,0
2024-03-03 15:00,15,3,6,0,29.7,53.8,677.1,171,7.5,179.75,94,0,0,0,0,0
2024-03-03 16:00,16,3,6,0,30.3,64.4,556.8,68,7.5,150.25,82,0,0,0,0,0
2024-03-03 17:00,17,3,6,0,28.7,57.3,416.9,85,7.45,118.8,91,0,0,0,0,0
2024-03-03 18:00,18,3,6,0,24.2,58.5,197.4,0,8.61,51.81,100,0,0,0,0,0
2024-03-03 19:00,19,3,6,0,22.9,62.0,25.3,0,8.39,17.88,98,0,0,0,0,0
2024-03-03 20:00,20,3,6,0,24.0,52.5,0.0,0,8.57,8.36,99,0,0,0,0,0
2024-03-03 21:00,21,3,6,0,25.0,57.1,0.0,0,7.34,17.08,98,0,0,0,0,0
2024-03-03 22:00,22,3,6,0,24.0,50.5,0.0,0,8.54,10.73,100,0,0,0,0,0
2024-03-03 23:00,23,3,6,0,24.1,47.4,0.0,0,8.33,6.06,98,0,0,0,0,0
2024-03-04 00:00,0,3,0,1,18.0,44.6,0.0,31,8.39,5.0,96,0,0,0,0,0
2024-03-04 01:00,1,3,0,1,18.7,50.8,0.0,45,8.53,5.3,99,0,0,0,0,0
2024-03-04 02:00,2,3,0,1,18.8,42.6,0.0,37,8.53,5.0,100,0,0,0,0,0
2024-03-04 03:00,3,3,0,1,18.0,47.1,0.0,37,8.63,5.0,100,0,0,0,0,0
2024-03-04 04:00,4,3,0,1,19.2,42.4,0.0,0,8.5,5.0,98,0,0,0,0,0
2024-03-04 05:00,5,3,0,1,28.6,44.2,0.0,18,7.44,19.13,95,0,0,0,0,0
2024-03-04 06:00,6,3,0,1,28.9,46.4,0.0,20,7.58,29.44,91,0,0,0,0,0
2024-03-04 07:00,7,3,0,1,32.2,44.2,168.7,179,7.86,96.1,85,0,0,0,0,0
2024-03-04 08:00,8,3,0,1,31.0,39.7,373.3,565,7.56,174.52,85,0,0,0,0,0
2024-03-04 09:00,9,3,0,1,32.1,47.4,591.1,1326,7.39,320.4,76,0,0,0,0,0
2024-03-04 10:00,10,3,0,1,32.0,48.2,718.8,1183,7.49,330.15,71,0,0,0,0,0
2024-03-04 11:00,11,3,0,1,32.5,48.5,778.4,1282,7.6,346.96,76,0,0,0,0,0
2024-03-04 12:00,12,3,0,1,32.2,52.4,831.4,705,7.69,291.1,75,0,0,0,0,0
2024-03-04 13:00,13,3,0,1,31.4,50.6,830.4,842,7.54,300.71,79,0,0,0,0,0
2024-03-04 14:00,14,3,0,1,31.7,56.4,817.7,1050,7.52,327.23,78,0,0,0,0,0
2024-03-04 15:00,15,3,0,1,30.5,57.2,684.2,1036,7.62,292.66,76,0,0,0,0,0
2024-03-04 16:00,16,3,0,1,29.6,55.2,558.8,1089,7.61,274.53,80,0,0,0,0,0
2024-03-04 17:00,17,3,0,1,28.2,56.7,395.2,326,7.33,142.11,88,0,0,0,0,0
2024-03-04 18:00,18,3,0,1,23.7,61.2,196.6,444,8.35,108.96,87,0,0,0,0,0
2024-03-04 19:00,19,3,0,1,22.9,63.9,0.0,123,8.35,33.71,95,0,0,0,0,0
2024-03-04 20:00,20,3,0,1,23.5,57.9,0.0,76,8.58,29.13,95,0,0,0,0,0
2024-03-04 21:00,21,3,0,1,25.4,53.6,0.0,57,7.55,25.18,95,0,0,0,0,0
2024-03-04 22:00,22,3,0,1,25.5,51.1,0.0,38,7.72,19.37,100,0,0,0,0,0
2024-03-04 23:00,23,3,0,1,25.2,52.8,0.0,3,7.5,9.78,94,0,0,0,0,0
2024-03-05 00:00,0,3,1,1,18.0,51.3,0.0,31,8.7,6.01,100,0,0,0,0,0
2024-03-05 01:00,1,3,1,1,18.2,48.1,0.0,30,8.63,5.0,100,0,0,0,0,0
2024-03-05 02:00,2,3,1,1,18.9,47.4,0.0,2,8.79,5.0,98,0,0,0,0,0
2024-03-05 03:00,3,3,1,1,19.5,43.6,0.0,13,8.54,5.0,98,0,0,0,0,0
2024-03-05 04:00,4,3,1,1,18.6,48.9,0.0,32,8.72,7.19,100,0,0,0,0,0
2024-03-05 05:00,5,3,1,1,28.7,48.8,0.0,49,7.67,25.64,86,0,0,0,0,0
2024-03-05 06:00,6,3,1,1,28.2,40.4,16.4,2,7.35,28.71,97,0,0,0,0,0
2024-03-05 07:00,7,3,1,1,30.5,41.4,221.9,233,7.91,103.98,84,0,0,0,0,0
2024-03-05 08:00,8,3,1,1,31.0,44.1,394.5,730,7.13,204.29,84,0,0,0,0,0
2024-03-05 09:00,9,3,1,1,32.8,41.4,554.1,1248,7.48,306.36,75,0,0,0,0,0
2024-03-05 10:00,10,3,1,1,32.7,49.3,700.2,1134,7.6,319.74,76,0,0,0,0,0
2024-03-05 11:00,11,3,1,1,33.6,49.9,759.3,1145,7.27,335.29,73,0,0,0,0,0
2024-03-05 12:00,12,3,1,1,33.2,47.6,825.7,703,7.7,290.36,81,0,0,0,0,0
2024-03-05 13:00,13,3,1,1,31.9,50.3,854.0,832,7.47,306.98,79,0,0,0,0,0
2024-03-05 14:00,14,3,1,1,30.9,54.5,789.0,1347,7.55,360.2,69,0,0,0,0,0
2024-03-05 15:00,15,3,1,1,30.4,53.4,704.8,1119,7.35,310.72,80,0,0,0,0,0
2024-03-05 16:00,16,3,1,1,29.6,61.3,567.0,1217,7.56,304.79,76,0,0,0,0,0
2024-03-05 17:00,17,3,1,1,28.8,57.9,452.7,563,7.51,187.06,87,0,0,0,0,0
2024-03-05 18:00,18,3,1,1,23.6,57.6,227.8,472,8.29,115.51,96,0,0,0,0,0
2024-03-05 19:00,19,3,1,1,23.2,61.9,0.2,82,8.52,23.64,100,0,0,0,0,0
2024-03-05 20:00,20,3,1,1,24.7,59.5,0.0,132,8.73,35.74,92,0,0,0,0,0
2024-03-05 21:00,21,3,1,1,23.3,53.4,0.0,29,8.48,18.12,94,0,0,0,0,0
2024-03-05 22:00,22,3,1,1,24.2,54.3,0.0,58,8.35,23.94,100,0,0,0,0,0
2024-03-05 23:00,23,3,1,1,25.1,53.0,0.0,58,7.54,16.56,98,0,0,0,0,0
2024-03-06 00:00,0,3,2,1,18.6,53.4,0.0,45,8.68,5.0,97,0,0,0,0,0
2024-03-06 01:00,1,3,2,1,18.5,43.6,0.0,6,8.52,5.0,100,0,0,0,0,0
2024-03-06 02:00,2,3,2,1,18.6,43.1,0.0,29,8.51,5.0,100,0,0,0,0,0
2024-03-06 03:00,3,3,2,1,18.2,43.7,0.0,42,8.51,7.4,100,0,0,0,0,0
2024-03-06 04:00,4,3,2,1,19.4,46.3,0.0,16,8.62,5.0,98,0,0,0,0,0
2024-03-06 05:00,5,3,2,1,27.0,38.9,0.0,21,7.36,17.38,98,0,0,0,0,0
2024-03-06 06:00,6,3,2,1,29.7,44.0,0.0,0,7.54,30.84,92,0,0,0,0,0
2024-03-06 07:00,7,3,2,1,29.6,42.4,196.1,253,7.25,96.31,92,0,0,0,0,0
2024-03-06 08:00,8,3,2,1,31.6,40.6,403.7,644,7.39,197.28,84,0,0,0,0,0
2024-03-06 09:00,9,3,2,1,32.0,46.1,567.7,1308,7.38,312.07,72,0,0,0,0,0
2024-03-06 10:00,10,3,2,1,32.7,47.1,702.2,1263,7.39,337.09,76,0,0,0,0,0
2024-03-06 11:00,11,3,2,1,33.3,46.3,780.2,1392,7.42,369.73,70,0,0,0,0,0
2024-03-06 12:00,12,3,2,1,32.1,47.4,827.3,906,7.76,308.5,74,0,0,0,0,0
2024-03-06 13:00,13,3,2,1,32.3,51.7,851.0,629,7.53,280.38,79,0,0,0,0,0
2024-03-06 14:00,14,3,2,1,31.2,55.7,822.4,1288,7.57,362.88,72,0,0,0,0,0
2024-03-06 15:00,15,3,2,1,29.4,57.5,694.7,1372,7.57,338.81,77,0,0,0,0,0
2024-03-06 16:00,16,3,2,1,28.9,60.4,552.0,1351,7.62,317.78,71,0,0,0,0,0
2024-03-06 17:00,17,3,2,1,27.9,58.9,379.6,464,7.21,160.8,90,0,0,0,0,0
2024-03-06 18:00,18,3,2,1,23.2,51.9,222.9,573,8.34,122.94,97,0,0,0,0,0
2024-03-06 19:00,19,3,2,1,23.4,58.5,0.0,160,8.42,30.1,96,0,0,0,0,0
2024-03-06 20:00,20,3,2,1,23.5,60.1,0.0,178,8.59,35.25,90,0,0,0,0,0
2024-03-06 21:00,21,3,2,1,23.8,55.5,0.0,49,8.68,25.11,100,0,0,0,0,0
2024-03-06 22:00,22,3,2,1,24.9,51.3,0.0,5,8.76,18.43,99,0,0,0,0,0
2024-03-06 23:00,23,3,2,1,24.2,52.1,0.0,5,8.42,8.19,100,0,0,0,0,0
2024-03-07 00:00,0,3,3,1,18.3,46.7,0.0,44,8.75,8.43,100,0,0,0,0,0
2024-03-07 01:00,1,3,3,1,18.8,50.1,0.0,11,8.23,5.0,100,0,0,0,0,0
2024-03-07 02:00,2,3,3,1,19.8,44.1,0.0,5,8.52,5.0,100,0,0,0,0,0
2024-03-07 03:00,3,3,3,1,18.0,44.8,0.0,15,8.51,5.0,99,0,0,0,0,0
2024-03-07 04:00,4,3,3,1,19.3,43.9,0.0,31,8.41,5.0,100,0,0,0,0,0
2024-03-07 05:00,5,3,3,1,28.2,43.9,0.0,31,7.61,20.51,98,0,0,0,0,0
2024-03-07 06:00,6,3,3,1,29.2,36.8,0.0,11,7.55,29.4,96,0,0,0,0,0
2024-03-07 07:00,7,3,3,1,29.8,39.6,208.1,252,7.24,99.25,90,0,0,0,0,0
2024-03-07 08:00,8,3,3,1,32.6,45.0,406.3,679,7.63,208.11,80,0,0,0,0,0
2024-03-07 09:00,9,3,3,1,33.0,42.4,581.1,931,7.04,274.87,77,0,0,0,0,0
2024-03-07 10:00,10,3,3,1,33.5,49.1,677.9,1198,7.77,325.06,68,0,0,0,0,0
2024-03-07 11:00,11,3,3,1,32.7,51.2,828.0,1276,7.51,359.21,71,0,0,0,0,0
2024-03-07 12:00,12,3,3,1,32.4,47.4,855.8,723,7.32,291.22,76,0,0,0,0,0
2024-03-07 13:00,13,3,3,1,32.4,56.3,850.2,853,7.22,308.83,68,0,0,0,0,0
2024-03-07 14:00,14,3,3,1,32.3,55.6,809.2,1279,7.35,357.73,72,0,0,0,0,0
2024-03-07 15:00,15,3,3,1,30.7,54.9,719.6,1179,7.53,326.3,74,0,0,0,0,0
2024-03-07 16:00,16,3,3,1,29.3,61.0,600.0,1278,7.61,315.42,74,0,0,0,0,0
2024-03-07 17:00,17,3,3,1,26.8,57.8,402.3,442,7.27,152.11,87,0,0,0,0,0
2024-03-07 18:00,18,3,3,1,24.2,59.8,210.1,504,8.61,123.42,91,0,0,0,0,0
2024-03-07 19:00,19,3,3,1,23.3,52.0,0.0,113,8.58,18.89,99,0,0,0,0,0
2024-03-07 20:00,20,3,3,1,23.6,52.5,0.0,127,8.42,22.48,94,0,0,0,0,0
2024-03-07 21:00,21,3,3,1,23.2,53.8,0.0,30,8.66,11.47,100,0,0,0,0,0
2024-03-07 22:00,22,3,3,1,25.3,53.3,0.0,14,7.52,21.35,99,0,0,0,0,0
2024-03-07 23:00,23,3,3,1,25.5,50.8,0.0,32,7.73,17.79,100,0,0,0,0,0
2024-03-08 00:00,0,3,4,1,18.0,54.6,0.0,25,8.5,7.99,94,0,0,0,0,0
2024-03-08 01:00,1,3,4,1,18.0,47.9,0.0,40,8.43,5.0,100,0,0,0,0,0
2024-03-08 02:00,2,3,4,1,18.9,50.4,0.0,8,8.38,5.0,98,0,0,0,0,0
2024-03-08 03:00,3,3,4,1,18.0,42.1,0.0,34,8.79,5.0,100,0,0,0,0,0
2024-03-08 04:00,4,3,4,1,18.5,44.4,0.0,13,8.27,5.0,100,0,0,0,0,0
2024-03-08 05:00,5,3,4,1,29.2,42.3,0.0,9,7.5,20.04,88,0,0,0,0,0
2024-03-08 06:00,6,3,4,1,29.8,41.1,0.0,48,7.17,38.54,92,0,0,0,0,0
2024-03-08 07:00,7,3,4,1,29.2,44.0,203.7,168,7.7,88.74,91,0,0,0,0,0
2024-03-08 08:00,8,3,4,1,31.7,43.9,402.5,551,7.49,184.81,84,0,0,0,0,0
2024-03-08 09:00,9,3,4,1,31.6,41.3,583.7,1125,7.39,288.58,69,0,0,0,0,0
2024-03-08 10:00,10,3,4,1,33.2,47.8,743.9,1325,7.37,354.07,71,0,0,0,0,0
2024-03-08 11:00,11,3,4,1,31.5,44.4,784.9,1400,7.79,363.13,73,0,0,0,0,0
2024-03-08 12:00,12,3,4,1,32.1,44.6,828.5,943,7.52,311.21,79,0,0,0,0,0
2024-03-08 13:00,13,3,4,1,32.4,51.6,831.0,735,7.44,288.79,86,0,0,0,0,0
2024-03-08 14:00,14,3,4,1,31.1,53.8,788.4,1398,7.41,359.26,71,0,0,0,0,0
2024-03-08 15:00,15,3,4,1,30.5,56.7,697.2,1026,7.64,300.25,77,0,0,0,0,0
2024-03-08 16:00,16,3,4,1,29.7,49.1,593.3,1260,7.81,304.88,77,0,0,0,0,0
2024-03-08 17:00,17,3,4,1,28.1,57.9,380.8,477,7.8,162.14,84,0,0,0,0,0
2024-03-08 18:00,18,3,4,1,23.4,59.3,187.6,495,8.53,117.84,90,0,0,0,0,0
2024-03-08 19:00,19,3,4,1,22.7,56.6,33.7,133,8.56,32.44,100,0,0,0,0,0
2024-03-08 20:00,20,3,4,1,23.2,61.8,0.0,120,8.55,29.89,95,0,0,0,0,0
2024-03-08 21:00,21,3,4,1,24.3,58.4,0.0,29,8.6,19.75,97,0,0,0,0,0
2024-03-08 22:00,22,3,4,1,25.4,52.0,0.0,55,7.39,19.81,97,0,0,0,0,0
2024-03-08 23:00,23,3,4,1,25.0,55.0,0.0,5,7.82,15.74,99,0,0,0,0,0
2024-03-09 00:00,0,3,5,0,18.3,52.0,0.0,0,8.36,5.0,100,0,0,0,0,0
2024-03-09 01:00,1,3,5,0,18.1,41.0,0.0,0,8.5,5.0,97,0,0,0,0,0
2024-03-09 02:00,2,3,5,0,19.0,51.9,0.0,0,8.71,5.0,98,0,0,0,0,0
2024-03-09 03:00,3,3,5,0,18.5,46.5,0.0,0,8.64,5.0,100,0,0,0,0,0
2024-03-09 04:00,4,3,5,0,19.8,39.2,0.0,0,8.5,5.0,99,0,0,0,0,0
2024-03-09 05:00,5,3,5,0,27.5,37.8,0.0,0,7.19,15.2,98,0,0,0,0,0
2024-03-09 06:00,6,3,5,0,28.8,46.9,28.3,0,7.21,27.88,88,0,0,0,0,0
2024-03-09 07:00,7,3,5,0,31.0,45.0,243.8,0,7.55,85.8,87,0,0,0,0,0
2024-03-09 08:00,8,3,5,0,30.3,47.0,353.1,0,7.49,97.33,89,0,0,0,0,0
2024-03-09 09:00,9,3,5,0,32.5,41.2,555.7,110,7.38,157.0,86,0,0,0,0,0
2024-03-09 10:00,10,3,5,0,32.8,47.3,716.9,178,7.49,202.88,86,0,0,0,0,0
2024-03-09 11:00,11,3,5,0,34.6,46.0,806.1,111,7.55,215.8,80,0,0,0,0,0
2024-03-09 12:00,12,3,5,0,32.9,52.2,807.5,39,7.65,198.9,85,0,0,0,0,0
2024-03-09 13:00,13,3,5,0,32.9,49.1,858.5,164,7.35,218.97,85,0,0,0,0,0
2024-03-09 14:00,14,3,5,0,31.9,54.9,818.1,37,7.56,199.65,87,0,0,0,0,0
2024-03-09 15:00,15,3,5,0,30.8,56.0,686.4,66,7.67,168.16,86,0,0,0,0,0
2024-03-09 16:00,16,3,5,0,29.8,54.1,568.2,154,7.41,158.25,89,0,0,0,0,0
2024-03-09 17:00,17,3,5,0,29.3,65.2,411.2,48,7.43,129.8,85,0,0,0,0,0
2024-03-09 18:00,18,3,5,0,22.1,55.7,191.8,0,8.25,38.77,98,0,0,0,0,0
2024-03-09 19:00,19,3,5,0,24.4,59.6,0.0,0,8.24,18.6,94,0,0,0,0,0
2024-03-09 20:00,20,3,5,0,23.3,57.7,0.0,0,8.56,11.94,95,0,0,0,0,0
2024-03-09 21:00,21,3,5,0,24.4,54.1,0.0,0,8.71,14.06,100,0,0,0,0,0
2024-03-09 22:00,22,3,5,0,25.0,55.6,0.0,0,8.46,18.87,96,0,0,0,0,0
2024-03-09 23:00,23,3,5,0,24.6,48.1,0.0,0,8.6,5.0,96,0,0,0,0,0
2024-03-10 00:00,0,3,6,0,18.2,50.8,0.0,0,8.49,5.0,95,0,0,0,0,0
2024-03-10 01:00,1,3,6,0,18.1,44.8,0.0,0,8.65,5.0,95,0,0,0,0,0
2024-03-10 02:00,2,3,6,0,18.5,42.8,0.0,0,8.65,5.0,100,0,0,0,0,0
2024-03-10 03:00,3,3,6,0,18.1,41.4,0.0,0,8.47,5.0,96,0,0,0,0,0
2024-03-10 04:00,4,3,6,0,18.4,45.2,0.0,0,8.12,5.0,100,0,0,0,0,0
2024-03-10 05:00,5,3,6,0,28.3,41.7,0.0,0,7.25,18.45,95,0,0,0,0,0
2024-03-10 06:00,6,3,6,0,28.8,42.0,0.0,0,7.51,28.63,93,0,0,0,0,0
2024-03-10 07:00,7,3,6,0,30.2,43.5,186.7,0,7.43,67.15,90,0,0,0,0,0
2024-03-10 08:00,8,3,6,0,32.1,38.6,376.6,0,7.57,106.83,85,0,0,0,0,0
2024-03-10 09:00,9,3,6,0,32.3,41.1,591.4,105,7.58,165.1,88,0,0,0,0,0
2024-03-10 10:00,10,3,6,0,33.6,46.5,679.1,43,7.58,175.81,88,0,0,0,0,0
2024-03-10 11:00,11,3,6,0,32.7,50.3,791.8,23,7.46,188.98,80,0,0,0,0,0
2024-03-10 12:00,12,3,6,0,32.2,52.2,891.7,37,7.53,206.4,89,0,0,0,0,0
2024-03-10 13:00,13,3,6,0,32.4,48.5,857.3,145,7.72,218.59,90,0,0,0,0,0
2024-03-10 14:00,14,3,6,0,30.9,55.3,798.8,125,7.58,203.12,90,0,0,0,0,0
2024-03-10 15:00,15,3,6,0,31.3,50.0,669.3,69,7.7,167.68,86,0,0,0,0,0
2024-03-10 16:00,16,3,6,0,29.4,56.4,595.5,161,7.41,164.24,89,0,0,0,0,0
2024-03-10 17:00,17,3,6,0,28.4,59.1,352.3,84,7.56,106.7,89,0,0,0,0,0
2024-03-10 18:00,18,3,6,0,23.4,53.8,199.7,0,8.53,45.62,99,0,0,0,0,0
2024-03-10 19:00,19,3,6,0,22.9,55.2,0.0,0,8.59,11.77,99,0,0,0,0,0
2024-03-10 20:00,20,3,6,0,24.3,55.7,0.0,0,8.51,17.47,100,0,0,0,0,0
2024-03-10 21:00,21,3,6,0,24.8,58.4,0.0,0,8.58,21.9,96,0,0,0,0,0
2024-03-10 22:00,22,3,6,0,24.3,55.8,0.0,0,8.58,13.29,100,0,0,0,0,0
2024-03-10 23:00,23,3,6,0,25.2,53.1,0.0,0,7.46,11.77,97,0,0,0,0,0
2024-03-11 00:00,0,3,0,1,18.0,49.5,0.0,57,8.51,7.51,100,0,0,1,0,0
2024-03-11 01:00,1,3,0,1,18.5,48.1,0.0,50,8.78,7.28,98,0,0,1,0,0
2024-03-11 02:00,2,3,0,1,19.0,49.7,0.0,43,8.48,6.47,100,0,0,1,0,0
2024-03-11 03:00,3,3,0,1,19.1,42.2,0.0,53,8.56,5.0,93,0,0,1,0,0
2024-03-11 04:00,4,3,0,1,20.0,44.6,0.0,16,8.68,5.11,98,0,0,1,0,0
2024-03-11 05:00,5,3,0,1,27.9,38.8,0.0,37,7.68,21.58,97,0,0,1,0,0
2024-03-11 06:00,6,3,0,1,28.5,39.4,0.0,77,7.46,36.93,86,0,0,1,0,0
2024-03-11 07:00,7,3,0,1,30.2,39.1,204.2,3,7.54,73.04,88,0,0,1,0,0
2024-03-11 08:00,8,3,0,1,30.8,40.5,389.4,628,7.25,187.32,83,0,0,1,0,0
2024-03-11 09:00,9,3,0,1,32.6,45.0,568.5,1212,7.71,306.18,73,0,0,1,0,0
2024-03-11 10:00,10,3,0,1,31.1,46.4,695.5,689,7.58,254.5,81,0,0,1,0,0
2024-03-11 11:00,11,3,0,1,33.4,45.1,816.9,775,7.42,297.39,81,0,0,1,0,0
2024-03-11 12:00,12,3,0,1,33.1,46.4,849.6,779,7.76,302.33,80,0,0,1,0,0
2024-03-11 13:00,13,3,0,1,32.7,55.2,857.4,865,7.55,314.92,78,0,0,1,0,0
2024-03-11 14:00,14,3,0,1,31.1,50.2,766.0,1186,7.4,329.74,76,0,0,1,0,0
2024-03-11 15:00,15,3,0,1,30.9,57.7,677.1,272,7.74,206.24,83,0,0,1,0,0
2024-03-11 16:00,16,3,0,1,30.5,59.5,569.0,79,7.61,156.97,85,0,0,1,0,0
2024-03-11 17:00,17,3,0,1,28.5,59.8,430.5,26,7.42,115.54,95,0,0,1,0,0
2024-03-11 18:00,18,3,0,1,22.6,58.7,208.7,13,8.76,50.77,96,0,0,1,0,0
2024-03-11 19:00,19,3,0,1,23.2,59.4,30.5,195,8.55,40.9,94,0,0,1,0,0
2024-03-11 20:00,20,3,0,1,23.4,51.7,0.0,106,8.67,18.59,99,0,0,1,0,0
2024-03-11 21:00,21,3,0,1,23.6,56.1,0.0,163,8.44,33.74,95,0,0,1,0,0
2024-03-11 22:00,22,3,0,1,25.1,49.0,0.0,124,7.39,30.62,100,0,0,1,0,0
2024-03-11 23:00,23,3,0,1,24.3,52.2,0.0,51,8.46,13.7,100,0,0,1,0,0
2024-03-12 00:00,0,3,1,1,18.6,48.8,0.0,3,8.36,5.0,99,0,0,1,0,0
2024-03-12 01:00,1,3,1,1,18.0,48.1,0.0,77,8.47,8.97,97,0,0,1,0,0
2024-03-12 02:00,2,3,1,1,18.0,47.4,0.0,4,8.65,5.0,98,0,0,1,0,0
2024-03-12 03:00,3,3,1,1,18.7,47.4,0.0,52,8.77,5.0,100,0,0,1,0,0
2024-03-12 04:00,4,3,1,1,18.9,38.6,0.0,74,8.48,8.46,100,0,0,1,0,0
2024-03-12 05:00,5,3,1,1,27.5,39.7,0.0,24,7.32,17.96,94,0,0,1,0,0
2024-03-12 06:00,6,3,1,1,30.2,36.1,0.0,31,7.42,38.34,94,0,0,1,0,0
2024-03-12 07:00,7,3,1,1,30.4,47.0,204.0,68,7.62,81.34,90,0,0,1,0,0
2024-03-12 08:00,8,3,1,1,31.2,39.6,395.3,621,7.7,187.69,78,0,0,1,0,0
2024-03-12 09:00,9,3,1,1,32.6,47.1,583.7,1237,7.55,314.82,73,0,0,1,0,0
2024-03-12 10:00,10,3,1,1,33.2,44.1,726.4,877,7.58,286.87,80,0,0,1,0,0
2024-03-12 11:00,11,3,1,1,33.6,48.7,785.3,955,7.68,312.02,77,0,0,1,0,0
2024-03-12 12:00,12,3,1,1,32.5,50.4,827.4,906,7.6,310.39,73,0,0,1,0,0
2024-03-12 13:00,13,3,1,1,32.8,49.1,861.0,1177,7.33,353.84,72,0,0,1,0,0
2024-03-12 14:00,14,3,1,1,30.4,49.9,790.4,790,7.6,278.56,88,0,0,1,0,0
2024-03-12 15:00,15,3,1,1,29.8,57.1,699.5,240,7.68,195.1,88,0,0,1,0,0
2024-03-12 16:00,16,3,1,1,28.5,60.6,550.4,34,7.51,143.73,96,0,0,1,0,0
2024-03-12 17:00,17,3,1,1,28.4,52.1,365.7,79,7.71,101.37,98,0,0,1,0,0
2024-03-12 18:00,18,3,1,1,23.0,57.2,184.7,70,8.73,51.51,100,0,0,1,0,0
2024-03-12 19:00,19,3,1,1,23.8,61.9,0.0,221,8.39,52.18,100,0,0,1,0,0
2024-03-12 20:00,20,3,1,1,23.8,54.5,0.0,263,8.64,44.98,93,0,0,1,0,0
2024-03-12 21:00,21,3,1,1,23.9,54.0,0.0,199,8.47,39.01,96,0,0,1,0,0
2024-03-12 22:00,22,3,1,1,24.1,52.2,0.0,255,8.45,40.72,100,0,0,1,0,0
2024-03-12 23:00,23,3,1,1,24.2,48.3,0.0,71,8.51,19.3,98,0,0,1,0,0
2024-03-13 00:00,0,3,2,1,18.6,46.5,0.0,37,8.67,5.62,92,0,0,1,0,0
2024-03-13 01:00,1,3,2,1,18.1,53.0,0.0,74,8.63,9.64,96,0,0,1,0,0
2024-03-13 02:00,2,3,2,1,19.0,48.4,0.0,52,8.32,5.0,97,0,0,1,0,0
2024-03-13 03:00,3,3,2,1,19.1,47.5,0.0,36,8.67,5.27,96,0,0,1,0,0
2024-03-13 04:00,4,3,2,1,18.7,44.8,0.0,57,8.68,5.45,97,0,0,1,0,0
2024-03-13 05:00,5,3,2,1,27.2,44.3,0.0,74,7.62,22.69,88,0,0,1,0,0
2024-03-13 06:00,6,3,2,1,29.5,45.3,0.0,66,7.28,42.06,87,0,0,1,0,0
2024-03-13 07:00,7,3,2,1,31.3,41.9,193.7,73,7.87,84.81,92,0,0,1,0,0
2024-03-13 08:00,8,3,2,1,31.2,42.4,338.6,1170,7.56,250.15,73,0,0,1,0,0
2024-03-13 09:00,9,3,2,1,33.0,46.9,605.9,907,7.56,268.76,76,0,0,1,0,0
2024-03-13 10:00,10,3,2,1,32.8,46.1,725.2,602,7.34,257.38,83,0,0,1,0,0
2024-03-13 11:00,11,3,2,1,33.2,52.2,805.7,1211,7.14,352.88,72,0,0,1,0,0
2024-03-13 12:00,12,3,2,1,32.8,53.1,813.7,737,7.62,291.68,78,0,0,1,0,0
2024-03-13 13:00,13,3,2,1,31.6,45.9,858.3,1032,7.8,324.86,80,0,0,1,0,0
2024-03-13 14:00,14,3,2,1,32.1,57.0,777.4,776,7.48,284.89,82,0,0,1,0,0
2024-03-13 15:00,15,3,2,1,30.4,61.1,705.5,204,7.54,194.45,87,0,0,1,0,0
2024-03-13 16:00,16,3,2,1,29.4,56.9,583.7,36,7.56,141.23,94,0,0,1,0,0
2024-03-13 17:00,17,3,2,1,27.2,56.4,373.6,60,7.51,99.74,91,0,0,1,0,0
2024-03-13 18:00,18,3,2,1,23.7,55.3,188.7,46,8.44,49.17,100,0,0,1,0,0
2024-03-13 19:00,19,3,2,1,24.3,54.7,25.3,353,8.7,68.29,98,0,0,1,0,0
2024-03-13 20:00,20,3,2,1,23.4,58.8,0.0,341,8.4,59.42,95,0,0,1,0,0
2024-03-13 21:00,21,3,2,1,23.6,56.8,0.0,380,8.5,64.43,95,0,0,1,0,0
2024-03-13 22:00,22,3,2,1,23.9,56.0,0.0,362,8.55,59.86,99,0,0,1,0,0
2024-03-13 23:00,23,3,2,1,23.9,50.6,0.0,65,8.57,11.9,96,0,0,1,0,0
2024-03-14 00:00,0,3,3,1,18.0,48.2,0.0,17,8.44,5.0,100,0,0,1,0,0
2024-03-14 01:00,1,3,3,1,19.1,50.5,0.0,66,8.55,9.44,100,0,0,1,0,0
2024-03-14 02:00,2,3,3,1,18.3,48.7,0.0,3,8.51,5.0,100,0,0,1,0,0
2024-03-14 03:00,3,3,3,1,19.0,45.7,0.0,50,8.48,5.0,97,0,0,1,0,0
2024-03-14 04:00,4,3,3,1,18.0,44.8,0.0,4,8.26,5.0,97,0,0,1,0,0
2024-03-14 05:00,5,3,3,1,27.8,42.1,0.0,27,7.42,19.76,89,0,0,1,0,0
2024-03-14 06:00,6,3,3,1,30.0,44.4,10.2,28,7.51,37.87,90,0,0,1,0,0
2024-03-14 07:00,7,3,3,1,28.6,43.4,166.3,53,7.65,65.16,92,0,0,1,0,0
2024-03-14 08:00,8,3,3,1,30.2,45.5,394.3,672,7.46,192.42,78,0,0,1,0,0
2024-03-14 09:00,9,3,3,1,33.2,37.7,584.0,1081,7.53,292.33,73,0,0,1,0,0
2024-03-14 10:00,10,3,3,1,32.9,42.2,684.6,1019,7.5,299.45,78,0,0,1,0,0
2024-03-14 11:00,11,3,3,1,32.4,50.3,809.0,1189,7.49,343.79,76,0,0,1,0,0
2024-03-14 12:00,12,3,3,1,32.8,49.9,849.5,664,7.75,282.95,82,0,0,1,0,0
2024-03-14 13:00,13,3,3,1,32.2,50.8,861.6,1170,7.36,351.8,71,0,0,1,0,0
2024-03-14 14:00,14,3,3,1,31.3,62.5,766.1,941,7.33,310.04,78,0,0,1,0,0
2024-03-14 15:00,15,3,3,1,29.9,55.2,718.8,312,7.52,208.7,87,0,0,1,0,0
2024-03-14 16:00,16,3,3,1,29.2,57.1,563.0,67,7.64,142.64,94,0,0,1,0,0
2024-03-14 17:00,17,3,3,1,28.1,62.8,391.4,54,7.44,114.01,89,0,0,1,0,0
2024-03-14 18:00,18,3,3,1,22.7,60.1,199.2,27,8.52,47.52,98,0,0,1,0,0
2024-03-14 19:00,19,3,3,1,24.1,54.0,2.0,220,8.32,41.41,100,0,0,1,0,0
2024-03-14 20:00,20,3,3,1,23.9,52.9,0.0,251,8.45,37.54,94,0,0,1,0,0
2024-03-14 21:00,21,3,3,1,23.9,55.6,0.0,398,8.6,65.85,96,0,0,1,0,0
2024-03-14 22:00,22,3,3,1,24.4,56.8,0.0,114,8.45,25.23,89,0,0,1,0,0
2024-03-14 23:00,23,3,3,1,24.1,53.7,0.0,8,8.53,12.17,98,0,0,1,0,0
2024-03-15 00:00,0,3,4,1,20.2,82.2,0.0,63,8.44,22.2,91,1,0,1,0,0
2024-03-15 01:00,1,3,4,1,20.7,68.6,0.0,12,8.53,7.18,93,1,0,1,0,0
2024-03-15 02:00,2,3,4,1,22.3,75.4,0.0,40,8.61,13.26,86,1,0,1,0,0
2024-03-15 03:00,3,3,4,1,21.0,73.8,0.0,2,8.53,14.92,94,1,0,1,0,0
2024-03-15 04:00,4,3,4,1,22.3,71.8,0.0,24,8.28,19.44,89,1,0,1,0,0
2024-03-15 05:00,5,3,4,1,30.5,70.1,0.0,57,7.62,39.92,81,1,0,1,0,0
2024-03-15 06:00,6,3,4,1,32.4,75.1,0.0,62,7.46,72.26,79,1,0,1,0,0
2024-03-15 07:00,7,3,4,1,32.7,74.1,42.3,43,7.47,78.07,82,1,0,1,0,0
2024-03-15 08:00,8,3,4,1,35.3,76.9,195.4,1130,7.42,257.09,66,1,0,1,0,0
2024-03-15 09:00,9,3,4,1,36.0,65.3,319.4,983,7.61,253.97,70,1,0,1,0,0
2024-03-15 10:00,10,3,4,1,34.6,77.8,390.9,833,7.58,250.6,68,1,0,1,0,0
2024-03-15 11:00,11,3,4,1,35.3,80.8,290.9,1267,7.59,297.53,63,1,0,1,0,0
2024-03-15 12:00,12,3,4,1,34.9,78.8,262.2,1149,7.46,275.93,62,1,0,1,0,0
2024-03-15 13:00,13,3,4,1,34.4,74.1,249.1,930,7.42,241.17,70,1,0,1,0,0
2024-03-15 14:00,14,3,4,1,35.4,82.6,270.4,1241,7.57,295.51,61,1,0,1,0,0
2024-03-15 15:00,15,3,4,1,33.7,75.3,333.5,248,7.53,165.91,72,1,0,1,0,0
2024-03-15 16:00,16,3,4,1,31.4,71.6,316.3,2,7.5,112.4,84,1,0,1,0,0
2024-03-15 17:00,17,3,4,1,31.5,75.3,259.0,38,7.56,114.97,81,1,0,1,0,0
2024-03-15 18:00,18,3,4,1,25.0,76.8,83.0,67,7.57,57.14,91,1,0,1,0,0
2024-03-15 19:00,19,3,4,1,26.9,68.8,0.0,322,7.68,80.15,87,1,0,1,0,0
2024-03-15 20:00,20,3,4,1,27.3,76.9,0.0,370,7.51,93.47,85,1,0,1,0,0
2024-03-15 21:00,21,3,4,1,25.5,80.9,0.0,336,7.54,83.83,79,1,0,1,0,0
2024-03-15 22:00,22,3,4,1,27.1,78.6,0.0,333,7.58,86.09,76,1,0,1,0,0
2024-03-15 23:00,23,3,4,1,27.4,68.0,0.0,29,7.14,30.39,91,1,0,1,0,0
2024-03-16 00:00,0,3,5,0,21.2,64.9,0.0,0,8.43,11.32,92,1,0,1,0,0
2024-03-16 01:00,1,3,5,0,20.7,72.4,0.0,0,8.43,14.01,100,1,0,1,0,0
2024-03-16 02:00,2,3,5,0,21.1,67.6,0.0,0,8.27,9.5,92,1,0,1,0,0
2024-03-16 03:00,3,3,5,0,22.6,67.4,0.0,0,8.27,11.52,98,1,0,1,0,0
2024-03-16 04:00,4,3,5,0,22.1,74.0,0.0,0,8.61,11.45,87,1,0,1,0,0
2024-03-16 05:00,5,3,5,0,30.4,63.6,0.0,0,7.61,31.51,84,1,0,1,0,0
2024-03-16 06:00,6,3,5,0,32.7,81.1,0.0,0,7.37,67.07,76,1,0,1,0,0
2024-03-16 07:00,7,3,5,0,34.3,68.6,100.7,0,7.53,83.87,82,1,0,1,0,0
2024-03-16 08:00,8,3,5,0,35.9,76.8,113.3,0,7.38,102.65,75,1,0,1,0,0
2024-03-16 09:00,9,3,5,0,35.8,69.4,325.9,75,7.06,145.92,72,1,0,1,0,0
2024-03-16 10:00,10,3,5,0,35.3,68.4,393.5,161,7.58,165.16,81,1,0,1,0,0
2024-03-16 11:00,11,3,5,0,35.1,63.0,351.8,43,7.42,134.25,78,1,0,1,0,0
2024-03-16 12:00,12,3,5,0,36.1,67.5,363.1,109,7.47,150.95,80,1,0,1,0,0
2024-03-16 13:00,13,3,5,0,35.3,81.9,247.6,111,7.62,140.87,70,1,0,1,0,0
2024-03-16 14:00,14,3,5,0,34.2,75.3,469.7,52,7.51,161.9,80,1,0,1,0,0
2024-03-16 15:00,15,3,5,0,33.1,65.8,213.2,116,7.64,113.8,75,1,0,1,0,0
2024-03-16 16:00,16,3,5,0,33.0,74.7,154.9,129,7.35,111.33,73,1,0,1,0,0
2024-03-16 17:00,17,3,5,0,30.5,77.8,132.1,104,7.79,97.61,78,1,0,1,0,0
2024-03-16 18:00,18,3,5,0,25.8,71.8,97.4,0,7.67,52.79,95,1,0,1,0,0
2024-03-16 19:00,19,3,5,0,27.3,79.0,5.6,0,7.68,48.01,90,1,0,1,0,0
2024-03-16 20:00,20,3,5,0,26.6,67.4,0.0,0,7.29,31.07,90,1,0,1,0,0
2024-03-16 21:00,21,3,5,0,26.0,65.2,0.0,0,7.74,26.1,89,1,0,1,0,0
2024-03-16 22:00,22,3,5,0,28.2,70.5,0.0,0,7.44,39.04,83,1,0,1,0,0
2024-03-16 23:00,23,3,5,0,27.4,70.4,0.0,0,7.49,24.28,88,1,0,1,0,0
2024-03-17 00:00,0,3,6,0,18.0,45.0,0.0,0,8.43,5.0,100,0,0,1,0,0
2024-03-17 01:00,1,3,6,0,18.0,38.0,0.0,0,8.19,5.0,100,0,0,1,0,0
2024-03-17 02:00,2,3,6,0,19.1,42.2,0.0,0,8.23,5.0,99,0,0,1,0,0
2024-03-17 03:00,3,3,6,0,19.2,45.3,0.0,0,8.55,5.0,95,0,0,1,0,0
2024-03-17 04:00,4,3,6,0,18.9,49.6,0.0,0,8.55,5.0,96,0,0,1,0,0
2024-03-17 05:00,5,3,6,0,27.2,37.4,0.0,0,7.53,14.72,87,0,0,1,0,0
2024-03-17 06:00,6,3,6,0,29.6,42.6,0.0,0,7.38,33.66,91,0,0,1,0,0
2024-03-17 07:00,7,3,6,0,30.3,47.7,169.5,0,7.36,73.3,91,0,0,1,0,0
2024-03-17 08:00,8,3,6,0,31.2,45.3,407.1,0,7.56,110.99,89,0,0,1,0,0
2024-03-17 09:00,9,3,6,0,31.9,46.0,534.4,143,7.48,161.16,85,0,0,1,0,0
2024-03-17 10:00,10,3,6,0,33.2,47.3,660.9,144,7.47,188.35,86,0,0,1,0,0
2024-03-17 11:00,11,3,6,0,32.9,50.9,732.4,127,7.37,194.3,83,0,0,1,0,0
2024-03-17 12:00,12,3,6,0,33.3,50.1,853.1,70,7.51,207.52,89,0,0,1,0,0
2024-03-17 13:00,13,3,6,0,32.5,54.4,852.4,27,7.29,202.46,89,0,0,1,0,0
2024-03-17 14:00,14,3,6,0,31.1,54.3,799.1,53,7.38,197.89,93,0,0,1,0,0
2024-03-17 15:00,15,3,6,0,31.0,53.7,694.9,89,7.39,174.41,86,0,0,1,0,0
2024-03-17 16:00,16,3,6,0,29.3,58.6,548.2,116,7.56,154.83,88,0,0,1,0,0
2024-03-17 17:00,17,3,6,0,28.1,60.5,377.7,120,7.46,117.78,89,0,0,1,0,0
2024-03-17 18:00,18,3,6,0,22.8,54.9,226.9,0,8.55,47.97,97,0,0,1,0,0
2024-03-17 19:00,19,3,6,0,24.4,55.8,0.0,0,8.32,15.48,99,0,0,1,0,0
2024-03-17 20:00,20,3,6,0,23.5,59.7,0.0,0,8.38,13.08,100,0,0,1,0,0
2024-03-17 21:00,21,3,6,0,24.7,57.4,0.0,0,8.34,15.16,100,0,0,1,0,0
2024-03-17 22:00,22,3,6,0,23.1,51.7,0.0,0,8.42,5.0,100,0,0,1,0,0
2024-03-17 23:00,23,3,6,0,25.7,56.7,0.0,0,7.56,10.26,92,0,0,1,0,0
2024-03-18 00:00,0,3,0,1,18.0,51.8,0.0,13,8.54,5.0,95,0,0,1,0,0
2024-03-18 01:00,1,3,0,1,18.0,51.5,0.0,65,8.66,8.19,98,0,0,1,0,0
2024-03-18 02:00,2,3,0,1,18.0,45.8,0.0,67,8.65,5.0,100,0,0,1,0,0
2024-03-18 03:00,3,3,0,1,18.4,46.5,0.0,75,8.73,5.71,98,0,0,1,0,0
2024-03-18 04:00,4,3,0,1,19.0,39.3,0.0,58,8.47,5.0,100,0,0,1,0,0
2024-03-18 05:00,5,3,0,1,28.2,40.3,0.0,18,7.43,18.75,95,0,0,1,0,0
2024-03-18 06:00,6,3,0,1,29.1,43.7,0.0,26,7.33,35.52,88,0,0,1,0,0
2024-03-18 07:00,7,3,0,1,30.3,41.4,207.5,8,7.39,76.33,92,0,0,1,0,0
2024-03-18 08:00,8,3,0,1,31.1,46.1,374.5,615,7.62,186.43,87,0,0,1,0,0
2024-03-18 09:00,9,3,0,1,33.3,42.3,554.1,1038,7.62,284.7,77,0,0,1,0,0
2024-03-18 10:00,10,3,0,1,32.0,41.3,734.5,846,7.32,283.15,78,0,0,1,0,0
2024-03-18 11:00,11,3,0,1,33.8,53.0,786.6,867,7.61,303.71,73,0,0,1,0,0
2024-03-18 12:00,12,3,0,1,35.5,52.6,864.2,1124,7.32,360.76,71,0,0,1,0,0
2024-03-18 13:00,13,3,0,1,32.3,54.7,837.6,606,7.41,281.32,86,0,0,1,0,0
2024-03-18 14:00,14,3,0,1,32.4,48.0,785.7,715,7.35,282.52,76,0,0,1,0,0
2024-03-18 15:00,15,3,0,1,30.4,52.0,692.4,214,7.66,187.95,86,0,0,1,0,0
2024-03-18 16:00,16,3,0,1,28.9,55.5,585.5,39,7.57,148.03,92,0,0,1,0,0
2024-03-18 17:00,17,3,0,1,28.0,53.7,363.8,15,7.61,96.36,90,0,0,1,0,0
2024-03-18 18:00,18,3,0,1,23.6,61.3,206.3,29,8.6,54.15,100,0,0,1,0,0
2024-03-18 19:00,19,3,0,1,23.4,59.6,0.0,391,8.54,60.79,92,0,0,1,0,0
2024-03-18 20:00,20,3,0,1,24.0,55.3,0.0,292,8.33,55.63,97,0,0,1,0,0
2024-03-18 21:00,21,3,0,1,24.1,54.8,0.0,143,8.13,32.65,100,0,0,1,0,0
2024-03-18 22:00,22,3,0,1,23.7,55.2,0.0,166,8.65,32.3,100,0,0,1,0,0
2024-03-18 23:00,23,3,0,1,24.6,53.1,0.0,65,8.65,16.61,98,0,0,1,0,0
2024-03-19 00:00,0,3,1,1,18.0,53.5,0.0,66,8.39,6.49,100,0,0,1,0,0
2024-03-19 01:00,1,3,1,1,19.0,48.4,0.0,18,8.26,5.0,100,0,0,1,0,0
2024-03-19 02:00,2,3,1,1,18.2,49.0,0.0,35,8.4,5.0,100,0,0,1,0,0
2024-03-19 03:00,3,3,1,1,18.8,44.5,0.0,74,8.67,5.0,97,0,0,1,0,0
2024-03-19 04:00,4,3,1,1,19.8,42.0,0.0,47,8.36,5.0,100,0,0,1,0,0
2024-03-19 05:00,5,3,1,1,28.4,40.1,0.0,69,7.4,28.02,91,0,0,1,0,0
2024-03-19 06:00,6,3,1,1,29.7,44.6,11.3,26,7.51,40.74,91,0,0,1,0,0
2024-03-19 07:00,7,3,1,1,31.1,42.6,177.4,57,7.43,78.15,89,0,0,1,0,0
2024-03-19 08:00,8,3,1,1,30.8,45.2,378.6,726,7.51,199.96,81,0,0,1,0,0
2024-03-19 09:00,9,3,1,1,32.6,43.2,550.6,1139,7.72,291.15,78,0,0,1,0,0
2024-03-19 10:00,10,3,1,1,32.5,47.4,722.0,1191,7.43,328.62,69,0,0,1,0,0
2024-03-19 11:00,11,3,1,1,33.2,45.4,768.8,1025,7.48,316.9,73,0,0,1,0,0
2024-03-19 12:00,12,3,1,1,32.8,49.4,858.6,1027,7.21,335.48,74,0,0,1,0,0
2024-03-19 13:00,13,3,1,1,32.8,55.9,849.0,733,7.29,297.15,80,0,0,1,0,0
2024-03-19 14:00,14,3,1,1,31.9,53.8,786.3,644,7.67,272.47,82,0,0,1,0,0
2024-03-19 15:00,15,3,1,1,30.4,60.7,687.0,327,7.52,213.87,86,0,0,1,0,0
2024-03-19 16:00,16,3,1,1,28.7,64.4,564.3,49,7.59,142.6,89,0,0,1,0,0
2024-03-19 17:00,17,3,1,1,28.8,58.0,410.5,42,7.41,115.58,94,0,0,1,0,0
2024-03-19 18:00,18,3,1,1,23.2,62.6,234.1,23,8.45,58.01,93,0,0,1,0,0
2024-03-19 19:00,19,3,1,1,24.0,58.5,0.0,144,8.62,37.59,100,0,0,1,0,0
2024-03-19 20:00,20,3,1,1,24.8,57.4,0.0,215,8.33,43.79,92,0,0,1,0,0
2024-03-19 21:00,21,3,1,1,24.0,54.0,0.0,367,8.33,57.8,100,0,0,1,0,0
2024-03-19 22:00,22,3,1,1,24.3,59.3,0.0,160,8.71,41.58,95,0,0,1,0,0
2024-03-19 23:00,23,3,1,1,24.1,48.3,0.0,60,8.4,11.44,98,0,0,1,0,0
2024-03-20 00:00,0,3,2,1,18.0,45.3,0.0,34,8.61,5.0,98,0,0,1,0,0
2024-03-20 01:00,1,3,2,1,18.8,52.0,0.0,14,8.4,5.0,95,0,0,1,0,0
2024-03-20 02:00,2,3,2,1,19.5,47.7,0.0,77,8.46,5.0,100,0,0,1,0,0
2024-03-20 03:00,3,3,2,1,19.2,46.0,0.0,9,8.5,5.0,95,0,0,1,0,0
2024-03-20 04:00,4,3,2,1,18.9,48.6,0.0,5,8.37,5.0,98,0,0,1,0,0
2024-03-20 05:00,5,3,2,1,28.4,44.2,0.0,2,7.38,21.39,97,0,0,1,0,0
2024-03-20 06:00,6,3,2,1,29.0,39.4,33.3,8,7.51,38.13,97,0,0,1,0,0
2024-03-20 07:00,7,3,2,1,30.9,38.1,179.2,25,7.38,73.5,89,0,0,1,0,0
2024-03-20 08:00,8,3,2,1,31.9,46.4,408.4,939,7.58,235.57,73,0,0,1,0,0
2024-03-20 09:00,9,3,2,1,32.1,47.3,579.7,892,7.67,262.83,77,0,0,1,0,0
2024-03-20 10:00,10,3,2,1,31.3,48.6,690.6,1133,7.74,308.37,81,0,0,1,0,0
2024-03-20 11:00,11,3,2,1,33.6,44.1,794.8,755,7.33,285.86,82,0,0,1,0,0
2024-03-20 12:00,12,3,2,1,33.3,49.8,836.7,1202,7.57,353.78,72,0,0,1,0,0
2024-03-20 13:00,13,3,2,1,32.9,51.3,836.6,777,7.57,296.74,82,0,0,1,0,0
2024-03-20 14:00,14,3,2,1,32.3,52.4,770.0,1015,7.54,314.19,74,0,0,1,0,0
2024-03-20 15:00,15,3,2,1,29.6,62.3,703.5,313,7.39,204.92,87,0,0,1,0,0
2024-03-20 16:00,16,3,2,1,29.2,54.2,567.1,32,7.45,133.07,92,0,0,1,0,0
2024-03-20 17:00,17,3,2,1,28.8,60.5,459.6,43,7.42,123.65,94,0,0,1,0,0
2024-03-20 18:00,18,3,2,1,23.9,58.1,178.5,70,8.52,52.84,99,0,0,1,0,0
2024-03-20 19:00,19,3,2,1,24.5,58.1,0.0,176,8.64,38.65,94,0,0,1,0,0
2024-03-20 20:00,20,3,2,1,23.8,54.2,0.0,341,8.68,55.05,97,0,0,1,0,0
2024-03-20 21:00,21,3,2,1,24.5,57.6,0.0,251,8.5,44.86,89,0,0,1,0,0
2024-03-20 22:00,22,3,2,1,24.2,53.8,0.0,178,8.56,37.37,98,0,0,1,0,0
2024-03-20 23:00,23,3,2,1,25.0,50.9,0.0,37,7.31,16.04,95,0,0,1,0,0
2024-03-21 00:00,0,3,3,1,18.0,50.1,0.0,46,8.23,5.0,97,0,0,1,0,0
2024-03-21 01:00,1,3,3,1,19.0,49.3,0.0,10,8.66,5.0,93,0,0,1,0,0
2024-03-21 02:00,2,3,3,1,18.7,46.4,0.0,71,8.62,5.59,97,0,0,1,0,0
2024-03-21 03:00,3,3,3,1,19.2,45.9,0.0,25,8.7,5.0,100,0,0,1,0,0
2024-03-21 04:00,4,3,3,1,19.6,47.9,0.0,42,8.55,6.36,98,0,0,1,0,0
2024-03-21 05:00,5,3,3,1,28.8,39.4,0.0,55,7.45,20.73,91,0,0,1,0,0
2024-03-21 06:00,6,3,3,1,29.3,37.5,22.4,77,7.64,46.26,91,0,0,1,0,0
2024-03-21 07:00,7,3,3,1,29.9,37.2,216.8,27,7.35,75.38,92,0,0,1,0,0
2024-03-21 08:00,8,3,3,1,30.6,45.1,398.6,552,7.55,175.99,80,0,0,1,0,0
2024-03-21 09:00,9,3,3,1,32.9,39.6,521.5,1177,7.66,294.12,71,0,0,1,0,0
2024-03-21 10:00,10,3,3,1,32.7,49.0,707.8,983,7.66,299.86,79,0,0,1,0,0
2024-03-21 11:00,11,3,3,1,32.8,49.5,775.1,1110,7.38,328.64,75,0,0,1,0,0
2024-03-21 12:00,12,3,3,1,33.9,51.9,851.9,918,7.55,322.48,79,0,0,1,0,0
2024-03-21 13:00,13,3,3,1,32.9,57.2,852.9,741,7.55,298.16,77,0,0,1,0,0
2024-03-21 14:00,14,3,3,1,32.2,58.2,831.1,654,7.46,285.12,81,0,0,1,0,0
2024-03-21 15:00,15,3,3,1,30.8,58.2,723.8,281,7.4,212.09,86,0,0,1,0,0
2024-03-21 16:00,16,3,3,1,29.3,57.3,569.9,25,7.63,142.58,94,0,0,1,0,0
2024-03-21 17:00,17,3,3,1,27.4,56.8,441.3,40,7.55,108.78,90,0,0,1,0,0
2024-03-21 18:00,18,3,3,1,22.8,56.4,211.3,73,8.8,58.52,98,0,0,1,0,0
2024-03-21 19:00,19,3,3,1,23.3,56.8,6.0,194,8.16,37.98,97,0,0,1,0,0
2024-03-21 20:00,20,3,3,1,23.1,53.3,0.0,347,8.75,50.77,97,0,0,1,0,0
2024-03-21 21:00,21,3,3,1,24.1,57.0,0.0,313,8.27,56.4,100,0,0,1,0,0
2024-03-21 22:00,22,3,3,1,23.5,56.6,0.0,192,8.34,36.31,93,0,0,1,0,0
2024-03-21 23:00,23,3,3,1,25.2,49.9,0.0,19,7.6,14.48,100,0,0,1,0,0
2024-03-22 00:00,0,3,4,1,18.0,45.5,0.0,44,8.53,7.87,99,0,0,1,0,0
2024-03-22 01:00,1,3,4,1,18.9,48.5,0.0,25,8.32,5.0,100,0,0,1,0,0
2024-03-22 02:00,2,3,4,1,19.6,41.8,0.0,25,8.69,5.0,99,0,0,1,0,0
2024-03-22 03:00,3,3,4,1,18.5,44.9,0.0,34,8.57,5.0,100,0,0,1,0,0
2024-03-22 04:00,4,3,4,1,18.8,39.9,0.0,16,8.59,5.0,97,0,0,1,0,0
2024-03-22 05:00,5,3,4,1,28.8,45.4,0.0,4,7.76,23.44,93,0,0,1,0,0
2024-03-22 06:00,6,3,4,1,28.6,42.6,0.0,0,7.46,27.58,89,0,0,1,0,0
2024-03-22 07:00,7,3,4,1,31.6,37.5,205.1,63,7.54,84.48,90,0,0,1,0,0
2024-03-22 08:00,8,3,4,1,31.0,40.7,434.7,965,7.56,242.67,83,0,0,1,0,0
2024-03-22 09:00,9,3,4,1,32.9,45.0,542.7,1032,7.53,276.41,73,0,0,1,0,0
2024-03-22 10:00,10,3,4,1,33.1,49.2,669.3,896,7.45,282.37,77,0,0,1,0,0
2024-03-22 11:00,11,3,4,1,32.6,45.4,827.9,1080,7.48,332.35,74,0,0,1,0,0
2024-03-22 12:00,12,3,4,1,32.8,49.5,851.7,765,7.17,300.81,77,0,0,1,0,0
2024-03-22 13:00,13,3,4,1,32.8,55.2,862.6,964,7.5,333.13,81,0,0,1,0,0
2024-03-22 14:00,14,3,4,1,30.5,55.8,812.9,982,7.39,315.64,80,0,0,1,0,0
2024-03-22 15:00,15,3,4,1,29.8,55.5,715.8,238,7.59,194.88,88,0,0,1,0,0
2024-03-22 16:00,16,3,4,1,29.8,54.3,576.5,55,7.6,148.39,84,0,0,1,0,0
2024-03-22 17:00,17,3,4,1,27.7,59.1,385.6,0,7.42,99.1,92,0,0,1,0,0
2024-03-22 18:00,18,3,4,1,22.5,59.2,186.6,9,8.5,44.42,100,0,0,1,0,0
2024-03-22 19:00,19,3,4,1,23.3,57.3,5.2,156,8.98,35.74,97,0,0,1,0,0
2024-03-22 20:00,20,3,4,1,25.2,60.3,0.0,162,7.4,45.42,92,0,0,1,0,0
2024-03-22 21:00,21,3,4,1,24.7,56.3,0.0,218,8.55,43.7,96,0,0,1,0,0
2024-03-22 22:00,22,3,4,1,23.9,52.3,0.0,342,8.36,46.97,96,0,0,1,0,0
2024-03-22 23:00,23,3,4,1,23.2,53.5,0.0,63,8.57,13.7,99,0,0,1,0,0
2024-03-23 00:00,0,3,5,0,18.7,51.9,0.0,0,8.41,5.0,98,0,0,1,0,0
2024-03-23 01:00,1,3,5,0,18.0,48.9,0.0,0,8.49,5.0,100,0,0,1,0,0
2024-03-23 02:00,2,3,5,0,18.0,44.5,0.0,0,8.61,5.0,100,0,0,1,0,0
2024-03-23 03:00,3,3,5,0,18.4,45.8,0.0,0,8.33,5.0,95,0,0,1,0,0
2024-03-23 04:00,4,3,5,0,19.2,46.7,0.0,0,8.59,5.0,98,0,0,1,0,0
2024-03-23 05:00,5,3,5,0,28.9,36.5,0.0,0,7.6,15.5,90,0,0,1,0,0
2024-03-23 06:00,6,3,5,0,30.2,38.4,5.3,0,7.65,41.31,93,0,0,1,0,0
2024-03-23 07:00,7,3,5,0,30.9,44.2,187.4,0,7.53,72.18,87,0,0,1,0,0
2024-03-23 08:00,8,3,5,0,30.2,38.6,415.0,0,7.52,109.27,91,0,0,1,0,0
2024-03-23 09:00,9,3,5,0,32.6,49.5,578.4,35,7.54,150.9,87,0,0,1,0,0
2024-03-23 10:00,10,3,5,0,33.3,49.5,694.0,137,7.37,189.0,86,0,0,1,0,0
2024-03-23 11:00,11,3,5,0,34.5,49.3,787.9,67,7.42,204.87,83,0,0,1,0,0
2024-03-23 12:00,12,3,5,0,32.8,45.8,864.7,62,7.33,209.21,84,0,0,1,0,0
2024-03-23 13:00,13,3,5,0,31.9,52.6,842.9,99,7.78,210.5,86,0,0,1,0,0
2024-03-23 14:00,14,3,5,0,31.2,55.5,800.8,25,7.64,192.56,91,0,0,1,0,0
2024-03-23 15:00,15,3,5,0,31.0,56.9,724.8,61,7.72,182.41,87,0,0,1,0,0
2024-03-23 16:00,16,3,5,0,29.4,57.1,552.6,101,7.58,144.08,89,0,0,1,0,0
2024-03-23 17:00,17,3,5,0,28.1,56.1,385.7,138,7.52,119.26,94,0,0,1,0,0
2024-03-23 18:00,18,3,5,0,22.6,57.1,221.0,0,8.59,49.36,98,0,0,1,0,0
2024-03-23 19:00,19,3,5,0,24.2,56.1,24.9,0,8.47,21.23,94,0,0,1,0,0
2024-03-23 20:00,20,3,5,0,23.0,56.7,0.0,0,8.53,7.03,97,0,0,1,0,0
2024-03-23 21:00,21,3,5,0,25.0,54.6,0.0,0,8.45,17.35,96,0,0,1,0,0
2024-03-23 22:00,22,3,5,0,24.8,56.4,0.0,0,8.67,19.11,98,0,0,1,0,0
2024-03-23 23:00,23,3,5,0,25.6,54.0,0.0,0,7.78,11.99,92,0,0,1,0,0
2024-03-24 00:00,0,3,6,0,18.0,48.9,0.0,0,8.63,5.0,99,0,0,1,0,0
2024-03-24 01:00,1,3,6,0,18.0,52.3,0.0,0,8.74,5.0,100,0,0,1,0,0
2024-03-24 02:00,2,3,6,0,18.1,53.1,0.0,0,8.77,5.0,96,0,0,1,0,0
2024-03-24 03:00,3,3,6,0,18.9,44.4,0.0,0,8.49,5.0,96,0,0,1,0,0
2024-03-24 04:00,4,3,6,0,19.2,41.3,0.0,0,8.8,5.0,99,0,0,1,0,0
2024-03-24 05:00,5,3,6,0,28.8,40.6,0.0,0,7.64,22.81,94,0,0,1,0,0
2024-03-24 06:00,6,3,6,0,28.6,39.3,0.0,0,7.49,32.42,96,0,0,1,0,0
2024-03-24 07:00,7,3,6,0,30.8,42.5,194.8,0,7.67,72.68,88,0,0,1,0,0
2024-03-24 08:00,8,3,6,0,30.7,38.5,405.6,0,7.5,111.16,94,0,0,1,0,0
2024-03-24 09:00,9,3,6,0,32.8,44.3,548.4,21,7.37,146.87,84,0,0,1,0,0
2024-03-24 10:00,10,3,6,0,32.9,44.2,707.7,96,7.32,184.19,87,0,0,1,0,0
2024-03-24 11:00,11,3,6,0,33.9,48.4,791.0,151,7.45,208.64,86,0,0,1,0,0
2024-03-24 12:00,12,3,6,0,32.9,47.5,848.1,51,7.28,204.52,88,0,0,1,0,0
2024-03-24 13:00,13,3,6,0,33.1,53.2,831.3,69,7.54,208.28,89,0,0,1,0,0
2024-03-24 14:00,14,3,6,0,31.1,53.8,807.4,91,7.22,202.05,86,0,0,1,0,0
2024-03-24 15:00,15,3,6,0,30.2,62.3,727.5,165,7.51,197.59,85,0,0,1,0,0
2024-03-24 16:00,16,3,6,0,28.2,60.5,607.6,56,7.31,144.66,92,0,0,1,0,0
2024-03-24 17:00,17,3,6,0,27.4,62.5,392.3,51,7.56,110.96,89,0,0,1,0,0
2024-03-24 18:00,18,3,6,0,23.2,51.5,213.4,0,8.56,44.98,92,0,0,1,0,0
2024-03-24 19:00,19,3,6,0,23.3,57.8,35.8,0,8.45,19.96,98,0,0,1,0,0
2024-03-24 20:00,20,3,6,0,24.2,62.0,0.0,0,8.65,24.82,94,0,0,1,0,0
2024-03-24 21:00,21,3,6,0,24.4,57.9,0.0,0,8.42,16.04,100,0,0,1,0,0
2024-03-24 22:00,22,3,6,0,23.7,59.8,0.0,0,8.65,13.31,97,0,0,1,0,0
2024-03-24 23:00,23,3,6,0,24.8,55.8,0.0,0,8.8,10.26,97,0,0,1,0,0
2024-03-25 00:00,0,3,0,1,18.0,46.5,0.0,41,8.68,5.0,96,0,0,1,0,0
2024-03-25 01:00,1,3,0,1,18.0,42.8,0.0,39,8.28,5.0,98,0,0,1,0,0
2024-03-25 02:00,2,3,0,1,18.8,47.2,0.0,33,8.43,5.0,99,0,0,1,0,0
2024-03-25 03:00,3,3,0,1,18.6,47.5,0.0,71,8.37,5.1,99,0,0,1,0,0
2024-03-25 04:00,4,3,0,1,19.8,47.9,0.0,41,8.51,5.25,99,0,0,1,0,0
2024-03-25 05:00,5,3,0,1,27.4,43.4,0.0,55,7.32,18.78,94,0,0,1,0,0
2024-03-25 06:00,6,3,0,1,29.9,49.5,13.1,73,7.68,47.47,87,0,0,1,0,0
2024-03-25 07:00,7,3,0,1,31.0,43.5,211.8,58,7.64,80.74,92,0,0,1,0,0
2024-03-25 08:00,8,3,0,1,32.2,39.7,421.4,766,7.56,218.93,79,0,0,1,0,0
2024-03-25 09:00,9,3,0,1,32.2,43.0,596.9,1138,7.74,296.99,75,0,0,1,0,0
2024-03-25 10:00,10,3,0,1,32.2,40.6,720.1,1022,7.66,303.68,77,0,0,1,0,0
2024-03-25 11:00,11,3,0,1,32.8,49.9,805.9,812,7.61,301.47,78,0,0,1,0,0
2024-03-25 12:00,12,3,0,1,33.3,46.4,848.1,1163,7.67,352.09,77,0,0,1,0,0
2024-03-25 13:00,13,3,0,1,32.6,53.6,842.8,1084,7.58,341.27,76,0,0,1,0,0
2024-03-25 14:00,14,3,0,1,31.2,53.0,779.8,888,7.27,292.59,82,0,0,1,0,0
2024-03-25 15:00,15,3,0,1,31.3,50.3,673.4,304,7.46,200.3,84,0,0,1,0,0
2024-03-25 16:00,16,3,0,1,30.1,56.6,592.6,50,7.83,153.59,91,0,0,1,0,0
2024-03-25 17:00,17,3,0,1,29.0,56.5,392.9,45,7.46,115.97,95,0,0,1,0,0
2024-03-25 18:00,18,3,0,1,23.3,57.1,192.0,41,8.71,54.52,99,0,0,1,0,0
2024-03-25 19:00,19,3,0,1,24.7,54.4,0.0,275,8.62,55.54,93,0,0,1,0,0
2024-03-25 20:00,20,3,0,1,24.2,56.0,0.0,367,8.45,60.09,97,0,0,1,0,0
2024-03-25 21:00,21,3,0,1,23.8,52.9,0.0,376,8.78,52.71,98,0,0,1,0,0
2024-03-25 22:00,22,3,0,1,23.9,51.1,0.0,336,8.64,50.14,97,0,0,1,0,0
2024-03-25 23:00,23,3,0,1,24.3,46.8,0.0,35,8.44,12.9,93,0,0,1,0,0
2024-03-26 00:00,0,3,1,1,18.1,52.0,0.0,35,8.3,5.0,100,0,0,1,0,0
2024-03-26 01:00,1,3,1,1,18.0,52.1,0.0,21,8.54,8.38,96,0,0,1,0,0
2024-03-26 02:00,2,3,1,1,19.2,47.2,0.0,6,8.4,5.0,100,0,0,1,0,0
2024-03-26 03:00,3,3,1,1,18.5,41.0,0.0,74,8.71,7.97,98,0,0,1,0,0
2024-03-26 04:00,4,3,1,1,19.2,35.5,0.0,67,8.5,5.0,95,0,0,1,0,0
2024-03-26 05:00,5,3,1,1,27.4,40.3,0.0,13,7.6,17.95,95,0,0,1,0,0
2024-03-26 06:00,6,3,1,1,29.1,42.6,0.0,23,7.71,32.08,96,0,0,1,0,0
2024-03-26 07:00,7,3,1,1,30.1,50.4,193.4,55,7.35,75.73,88,0,0,1,0,0
2024-03-26 08:00,8,3,1,1,30.7,39.5,397.5,707,7.49,193.66,81,0,0,1,0,0
2024-03-26 09:00,9,3,1,1,32.7,40.6,570.8,772,7.53,247.49,76,0,0,1,0,0
2024-03-26 10:00,10,3,1,1,32.3,42.5,713.4,747,7.29,269.24,82,0,0,1,0,0
2024-03-26 11:00,11,3,1,1,32.9,49.7,782.0,831,7.2,293.2,80,0,0,1,0,0
2024-03-26 12:00,12,3,1,1,32.3,48.4,846.9,836,7.56,304.63,75,0,0,1,0,0
2024-03-26 13:00,13,3,1,1,31.7,54.5,834.0,1161,7.42,347.09,76,0,0,1,0,0
2024-03-26 14:00,14,3,1,1,31.8,55.0,819.6,1122,7.43,336.12,75,0,0,1,0,0
2024-03-26 15:00,15,3,1,1,30.9,52.2,708.4,204,7.54,197.63,89,0,0,1,0,0
2024-03-26 16:00,16,3,1,1,28.7,57.1,560.1,49,7.6,141.66,85,0,0,1,0,0
2024-03-26 17:00,17,3,1,1,28.6,61.7,391.0,67,7.49,116.96,92,0,0,1,0,0
2024-03-26 18:00,18,3,1,1,22.6,60.5,203.3,16,8.65,49.74,100,0,0,1,0,0
2024-03-26 19:00,19,3,1,1,23.2,60.7,28.8,110,8.43,37.03,93,0,0,1,0,0
2024-03-26 20:00,20,3,1,1,23.9,53.7,0.0,395,8.62,61.32,95,0,0,1,0,0
2024-03-26 21:00,21,3,1,1,23.3,58.8,0.0,269,8.78,49.32,96,0,0,1,0,0
2024-03-26 22:00,22,3,1,1,25.4,52.6,0.0,394,7.46,63.36,89,0,0,1,0,0
2024-03-26 23:00,23,3,1,1,25.3,46.9,0.0,61,7.43,13.0,96,0,0,1,0,0
2024-03-27 00:00,0,3,2,1,18.7,51.3,0.0,73,8.62,8.98,97,0,0,1,0,0
2024-03-27 01:00,1,3,2,1,18.2,47.9,0.0,69,8.63,5.0,94,0,0,1,0,0
2024-03-27 02:00,2,3,2,1,18.1,44.3,0.0,52,7.97,5.0,100,0,0,1,0,0
2024-03-27 03:00,3,3,2,1,18.7,41.2,0.0,3,8.56,5.0,97,0,0,1,0,0
2024-03-27 04:00,4,3,2,1,19.5,49.1,0.0,6,8.72,5.0,100,0,0,1,0,0
2024-03-27 05:00,5,3,2,1,29.2,41.0,0.0,75,7.5,31.0,95,0,0,1,0,0
2024-03-27 06:00,6,3,2,1,28.1,46.5,0.0,1,7.93,26.21,95,0,0,1,0,0
2024-03-27 07:00,7,3,2,1,30.7,37.8,222.4,59,7.46,84.84,86,0,0,1,0,0
2024-03-27 08:00,8,3,2,1,31.2,46.2,362.0,1045,7.26,241.47,78,0,0,1,0,0
2024-03-27 09:00,9,3,2,1,32.6,45.8,572.9,863,7.3,262.63,80,0,0,1,0,0
2024-03-27 10:00,10,3,2,1,32.5,44.9,718.6,932,7.59,292.16,77,0,0,1,0,0
2024-03-27 11:00,11,3,2,1,32.9,48.4,804.9,968,7.65,320.29,74,0,0,1,0,0
2024-03-27 12:00,12,3,2,1,32.8,47.2,850.3,739,7.45,297.8,77,0,0,1,0,0
2024-03-27 13:00,13,3,2,1,32.7,46.5,834.1,871,7.49,311.26,75,0,0,1,0,0
2024-03-27 14:00,14,3,2,1,31.0,52.0,792.6,972,7.53,310.92,77,0,0,1,0,0
2024-03-27 15:00,15,3,2,1,30.8,56.0,712.3,383,7.72,220.12,84,0,0,1,0,0
2024-03-27 16:00,16,3,2,1,29.6,56.5,586.9,65,7.8,146.02,95,0,0,1,0,0
2024-03-27 17:00,17,3,2,1,27.7,57.7,422.3,59,7.51,107.66,93,0,0,1,0,0
2024-03-27 18:00,18,3,2,1,24.1,59.9,210.3,44,8.27,60.4,93,0,0,1,0,0
2024-03-27 19:00,19,3,2,1,24.2,54.0,0.0,309,8.78,50.64,96,0,0,1,0,0
2024-03-27 20:00,20,3,2,1,23.8,62.6,0.0,198,8.61,40.73,96,0,0,1,0,0
2024-03-27 21:00,21,3,2,1,24.2,56.2,0.0,165,8.41,39.35,100,0,0,1,0,0
2024-03-27 22:00,22,3,2,1,24.1,55.1,0.0,348,8.51,58.51,98,0,0,1,0,0
2024-03-27 23:00,23,3,2,1,24.8,51.9,0.0,18,8.32,12.21,97,0,0,1,0,0
2024-03-28 00:00,0,3,3,1,18.0,50.0,0.0,51,8.38,5.72,100,0,0,1,0,0
2024-03-28 01:00,1,3,3,1,19.1,46.1,0.0,10,8.39,5.0,97,0,0,1,0,0
2024-03-28 02:00,2,3,3,1,19.6,45.9,0.0,41,8.39,5.0,98,0,0,1,0,0
2024-03-28 03:00,3,3,3,1,19.0,44.3,0.0,41,8.63,6.05,100,0,0,1,0,0
2024-03-28 04:00,4,3,3,1,19.3,41.6,0.0,77,8.35,5.0,100,0,0,1,0,0
2024-03-28 05:00,5,3,3,1,26.7,41.8,0.0,22,7.66,18.38,98,0,0,1,0,0
2024-03-28 06:00,6,3,3,1,29.2,41.4,0.0,12,7.74,32.62,91,0,0,1,0,0
2024-03-28 07:00,7,3,3,1,30.9,45.0,223.2,79,7.41,91.62,86,0,0,1,0,0
2024-03-28 08:00,8,3,3,1,31.1,38.6,400.2,1136,7.47,260.06,71,0,0,1,0,0
2024-03-28 09:00,9,3,3,1,33.1,48.1,609.5,1046,7.4,291.09,71,0,0,1,0,0
2024-03-28 10:00,10,3,3,1,32.8,45.4,669.5,1045,7.43,302.7,73,0,0,1,0,0
2024-03-28 11:00,11,3,3,1,32.7,50.8,842.0,737,7.25,291.59,80,0,0,1,0,0
2024-03-28 12:00,12,3,3,1,33.1,50.6,850.6,1119,7.5,342.16,67,0,0,1,0,0
2024-03-28 13:00,13,3,3,1,32.8,55.0,840.2,1122,7.05,349.09,72,0,0,1,0,0
2024-03-28 14:00,14,3,3,1,31.4,52.8,782.4,815,7.3,287.54,84,0,0,1,0,0
2024-03-28 15:00,15,3,3,1,31.0,55.3,690.4,202,7.63,196.64,87,0,0,1,0,0
2024-03-28 16:00,16,3,3,1,29.3,51.3,580.6,24,7.5,135.66,86,0,0,1,0,0
2024-03-28 17:00,17,3,3,1,27.8,57.8,437.4,72,7.33,121.36,94,0,0,1,0,0
2024-03-28 18:00,18,3,3,1,23.9,60.5,210.7,62,8.37,57.22,97,0,0,1,0,0
2024-03-28 19:00,19,3,3,1,23.9,58.7,0.0,345,8.64,59.25,96,0,0,1,0,0
2024-03-28 20:00,20,3,3,1,24.7,50.7,0.0,314,8.26,57.76,93,0,0,1,0,0
2024-03-28 21:00,21,3,3,1,23.9,53.2,0.0,150,8.82,27.62,95,0,0,1,0,0
2024-03-28 22:00,22,3,3,1,24.8,58.5,0.0,347,8.47,65.47,97,0,0,1,0,0
2024-03-28 23:00,23,3,3,1,25.4,49.9,0.0,55,7.54,19.47,97,0,0,1,0,0
2024-03-29 00:00,0,3,4,1,18.0,50.6,0.0,58,8.65,5.11,100,0,0,1,0,0
2024-03-29 01:00,1,3,4,1,18.0,50.3,0.0,23,8.34,5.0,97,0,0,1,0,0
2024-03-29 02:00,2,3,4,1,18.9,45.2,0.0,62,8.48,5.0,100,0,0,1,0,0
2024-03-29 03:00,3,3,4,1,18.3,45.3,0.0,75,8.51,8.43,97,0,0,1,0,0
2024-03-29 04:00,4,3,4,1,18.7,37.5,0.0,13,8.82,5.0,100,0,0,1,0,0
2024-03-29 05:00,5,3,4,1,28.4,41.4,0.0,32,7.53,25.08,88,0,0,1,0,0
2024-03-29 06:00,6,3,4,1,29.9,38.3,0.0,26,7.59,40.15,92,0,0,1,0,0
2024-03-29 07:00,7,3,4,1,29.7,37.8,184.0,22,7.48,68.47,90,0,0,1,0,0
2024-03-29 08:00,8,3,4,1,32.4,44.4,403.5,772,7.64,214.38,82,0,0,1,0,0
2024-03-29 09:00,9,3,4,1,31.7,47.0,579.4,1098,7.47,290.4,74,0,0,1,0,0
2024-03-29 10:00,10,3,4,1,32.4,43.6,694.8,953,7.41,291.75,76,0,0,1,0,0
2024-03-29 11:00,11,3,4,1,32.7,50.2,792.3,1164,7.54,339.14,72,0,0,1,0,0
2024-03-29 12:00,12,3,4,1,32.6,51.7,872.3,983,7.44,326.72,78,0,0,1,0,0
2024-03-29 13:00,13,3,4,1,32.9,50.6,836.1,749,7.34,294.84,82,0,0,1,0,0
2024-03-29 14:00,14,3,4,1,32.0,48.1,804.5,909,7.12,305.94,79,0,0,1,0,0
2024-03-29 15:00,15,3,4,1,29.6,56.9,683.4,307,7.52,200.78,95,0,0,1,0,0
2024-03-29 16:00,16,3,4,1,29.9,52.5,586.7,5,7.52,138.62,86,0,0,1,0,0
2024-03-29 17:00,17,3,4,1,27.0,62.5,394.9,58,7.89,113.34,95,0,0,1,0,0
2024-03-29 18:00,18,3,4,1,23.6,59.5,200.6,46,8.46,55.98,100,0,0,1,0,0
2024-03-29 19:00,19,3,4,1,23.7,56.6,0.0,370,8.76,53.21,91,0,0,1,0,0
2024-03-29 20:00,20,3,4,1,24.4,55.0,0.0,218,8.57,45.76,99,0,0,1,0,0
2024-03-29 21:00,21,3,4,1,23.7,54.7,0.0,165,8.82,36.66,96,0,0,1,0,0
2024-03-29 22:00,22,3,4,1,25.2,52.5,0.0,103,7.42,29.84,92,0,0,1,0,0
2024-03-29 23:00,23,3,4,1,24.4,50.9,0.0,15,8.51,9.38,100,0,0,1,0,0
2024-03-30 00:00,0,3,5,0,18.0,48.0,0.0,0,8.28,5.0,100,0,0,1,0,0
2024-03-30 01:00,1,3,5,0,18.0,43.8,0.0,0,8.51,5.0,92,0,0,1,0,0
2024-03-30 02:00,2,3,5,0,19.2,48.4,0.0,0,8.57,5.0,98,0,0,1,0,0
2024-03-30 03:00,3,3,5,0,18.7,45.6,0.0,0,8.6,5.0,100,0,0,1,0,0
2024-03-30 04:00,4,3,5,0,18.4,40.8,0.0,0,8.63,5.0,100,0,0,1,0,0
2024-03-30 05:00,5,3,5,0,27.3,45.5,0.0,0,7.46,21.38,93,0,0,1,0,0
2024-03-30 06:00,6,3,5,0,29.1,39.9,3.9,0,7.49,30.25,89,0,0,1,0,0
2024-03-30 07:00,7,3,5,0,30.0,40.8,176.0,0,7.7,64.56,89,0,0,1,0,0
2024-03-30 08:00,8,3,5,0,32.9,44.1,391.8,0,7.64,117.25,92,0,0,1,0,0
2024-03-30 09:00,9,3,5,0,32.3,42.4,554.8,113,7.5,152.03,85,0,0,1,0,0
2024-03-30 10:00,10,3,5,0,32.8,51.5,680.3,74,7.48,177.78,82,0,0,1,0,0
2024-03-30 11:00,11,3,5,0,33.2,47.9,748.3,148,7.43,201.49,86,0,0,1,0,0
2024-03-30 12:00,12,3,5,0,33.5,42.1,846.1,174,7.6,220.96,83,0,0,1,0,0
2024-03-30 13:00,13,3,5,0,32.7,54.8,841.3,31,7.45,202.96,88,0,0,1,0,0
2024-03-30 14:00,14,3,5,0,31.1,52.6,788.4,51,7.66,188.38,92,0,0,1,0,0
2024-03-30 15:00,15,3,5,0,30.7,53.4,711.4,114,7.26,182.48,89,0,0,1,0,0
2024-03-30 16:00,16,3,5,0,29.2,57.6,543.7,94,7.48,147.9,93,0,0,1,0,0
2024-03-30 17:00,17,3,5,0,28.1,60.2,394.5,122,7.43,117.16,90,0,0,1,0,0
2024-03-30 18:00,18,3,5,0,23.4,57.9,207.9,0,8.49,47.52,97,0,0,1,0,0
2024-03-30 19:00,19,3,5,0,23.8,57.3,0.0,0,8.53,18.7,100,0,0,1,0,0
2024-03-30 20:00,20,3,5,0,23.0,53.7,0.0,0,8.46,7.43,98,0,0,1,0,0
2024-03-30 21:00,21,3,5,0,24.9,60.0,0.0,0,8.23,20.95,98,0,0,1,0,0
2024-03-30 22:00,22,3,5,0,24.5,53.7,0.0,0,8.58,13.69,99,0,0,1,0,0
2024-03-30 23:00,23,3,5,0,25.3,52.6,0.0,0,7.6,9.92,95,0,0,1,0,0
2024-03-31 00:00,0,3,6,0,18.0,44.4,0.0,0,8.66,5.0,99,0,0,1,0,0
2024-03-31 01:00,1,3,6,0,18.0,49.1,0.0,0,8.46,5.0,97,0,0,1,0,0
2024-03-31 02:00,2,3,6,0,18.5,47.4,0.0,0,8.72,5.0,100,0,0,1,0,0
2024-03-31 03:00,3,3,6,0,19.3,42.1,0.0,0,8.64,5.0,97,0,0,1,0,0
2024-03-31 04:00,4,3,6,0,18.2,42.3,0.0,0,8.11,6.03,100,0,0,1,0,0
2024-03-31 05:00,5,3,6,0,28.0,46.3,0.0,0,7.61,19.08,91,0,0,1,0,0
2024-03-31 06:00,6,3,6,0,29.5,41.2,13.5,0,7.52,36.2,91,0,0,1,0,0
2024-03-31 07:00,7,3,6,0,30.9,46.7,163.0,0,7.48,66.56,86,0,0,1,0,0
2024-03-31 08:00,8,3,6,0,31.6,43.0,395.8,0,7.74,110.07,86,0,0,1,0,0
2024-03-31 09:00,9,3,6,0,32.6,43.8,554.3,124,7.54,162.9,84,0,0,1,0,0
2024-03-31 10:00,10,3,6,0,33.1,49.6,681.6,131,7.42,188.97,83,0,0,1,0,0
2024-03-31 11:00,11,3,6,0,32.6,47.2,797.4,80,7.45,198.0,86,0,0,1,0,0
2024-03-31 12:00,12,3,6,0,33.5,49.0,862.8,69,7.48,215.3,84,0,0,1,0,0
2024-03-31 13:00,13,3,6,0,32.6,47.0,834.6,77,7.62,207.66,85,0,0,1,0,0
2024-03-31 14:00,14,3,6,0,32.0,59.4,800.5,150,7.72,213.61,86,0,0,1,0,0
2024-03-31 15:00,15,3,6,0,31.6,55.3,690.8,79,7.28,176.51,83,0,0,1,0,0
2024-03-31 16:00,16,3,6,0,29.6,57.5,581.1,95,7.88,150.41,87,0,0,1,0,0
2024-03-31 17:00,17,3,6,0,27.5,58.8,413.2,127,7.56,122.7,93,0,0,1,0,0
2024-03-31 18:00,18,3,6,0,23.3,59.0,202.7,0,8.43,48.69,100,0,0,1,0,0
2024-03-31 19:00,19,3,6,0,22.9,57.9,0.0,0,8.25,8.6,100,0,0,1,0,0
2024-03-31 20:00,20,3,6,0,23.2,56.6,0.0,0,8.56,10.56,94,0,0,1,0,0
2024-03-31 21:00,21,3,6,0,24.2,56.8,0.0,0,8.41,17.08,97,0,0,1,0,0
2024-03-31 22:00,22,3,6,0,25.4,51.7,0.0,0,7.53,16.4,100,0,0,1,0,0
2024-03-31 23:00,23,3,6,0,25.9,53.0,0.0,0,7.42,15.49,95,0,0,1,0,0
2024-04-01 00:00,0,4,0,1,22.2,39.5,0.0,22,8.55,6.26,100,0,0,1,0,0
2024-04-01 01:00,1,4,0,1,23.0,42.8,0.0,51,8.37,7.93,98,0,0,1,0,0
2024-04-01 02:00,2,4,0,1,22.6,45.1,0.0,65,8.47,6.88,97,0,0,1,0,0
2024-04-01 03:00,3,4,0,1,24.5,42.5,0.0,77,8.82,14.24,100,0,0,1,0,0
2024-04-01 04:00,4,4,0,1,23.0,37.6,0.0,78,8.57,7.75,98,0,0,1,0,0
2024-04-01 05:00,5,4,0,1,32.8,37.2,0.0,35,7.43,35.71,93,0,0,1,0,0
2024-04-01 06:00,6,4,0,1,33.6,37.2,25.7,18,7.69,56.47,85,0,0,1,0,0
2024-04-01 07:00,7,4,0,1,35.7,40.8,228.4,18,7.73,101.67,81,0,0,1,0,0
2024-04-01 08:00,8,4,0,1,35.4,41.0,407.9,699,7.49,219.9,71,0,0,1,0,0
2024-04-01 09:00,9,4,0,1,38.3,40.9,629.1,738,7.44,279.04,71,0,0,1,0,0
2024-04-01 10:00,10,4,0,1,37.8,39.0,840.6,980,7.35,344.41,66,0,0,1,0,0
2024-04-01 11:00,11,4,0,1,37.8,37.0,903.0,709,7.32,319.84,75,0,0,1,0,0
2024-04-01 12:00,12,4,0,1,37.5,46.9,957.7,1151,7.7,385.27,64,0,0,1,0,0
2024-04-01 13:00,13,4,0,1,37.0,50.5,935.1,724,7.5,327.0,71,0,0,1,0,0
2024-04-01 14:00,14,4,0,1,36.4,46.4,872.6,1158,7.38,371.36,68,0,0,1,0,0
2024-04-01 15:00,15,4,0,1,34.8,53.7,770.4,310,7.26,232.96,84,0,0,1,0,0
2024-04-01 16:00,16,4,0,1,35.6,48.7,596.2,66,7.62,169.3,81,0,0,1,0,0
2024-04-01 17:00,17,4,0,1,32.2,47.0,444.0,57,7.28,129.88,81,0,0,1,0,0
2024-04-01 18:00,18,4,0,1,28.7,50.3,253.3,24,7.27,76.44,97,0,0,1,0,0
2024-04-01 19:00,19,4,0,1,28.3,51.2,0.0,254,7.3,60.47,87,0,0,1,0,0
2024-04-01 20:00,20,4,0,1,29.5,53.7,0.0,213,7.58,64.37,92,0,0,1,0,0
2024-04-01 21:00,21,4,0,1,29.7,50.5,0.0,120,7.55,48.57,85,0,0,1,0,0
2024-04-01 22:00,22,4,0,1,30.2,45.6,0.0,346,7.63,80.91,83,0,0,1,0,0
2024-04-01 23:00,23,4,0,1,29.1,48.4,0.0,26,7.56,22.99,91,0,0,1,0,0
2024-04-02 00:00,0,4,1,1,22.6,43.3,0.0,1,8.63,5.0,97,0,0,1,0,0
2024-04-02 01:00,1,4,1,1,23.0,40.4,0.0,21,8.48,5.38,100,0,0,1,0,0
2024-04-02 02:00,2,4,1,1,23.8,46.0,0.0,27,8.64,12.19,96,0,0,1,0,0
2024-04-02 03:00,3,4,1,1,24.7,38.4,0.0,10,8.62,6.82,100,0,0,1,0,0
2024-04-02 04:00,4,4,1,1,23.4,41.3,0.0,16,8.72,7.59,99,0,0,1,0,0
2024-04-02 05:00,5,4,1,1,32.8,37.5,0.0,41,7.33,37.4,84,0,0,1,0,0
2024-04-02 06:00,6,4,1,1,33.9,43.5,0.0,18,7.77,53.52,84,0,0,1,0,0
2024-04-02 07:00,7,4,1,1,35.5,33.5,247.2,19,7.38,103.35,82,0,0,1,0,0
2024-04-02 08:00,8,4,1,1,35.4,35.1,471.9,1031,7.49,278.61,73,0,0,1,0,0
2024-04-02 09:00,9,4,1,1,37.9,43.8,627.4,842,8.09,286.35,76,0,0,1,0,0
2024-04-02 10:00,10,4,1,1,37.0,36.8,794.3,1109,7.27,349.63,63,0,0,1,0,0
2024-04-02 11:00,11,4,1,1,38.2,45.6,862.9,1146,7.55,373.57,70,0,0,1,0,0
2024-04-02 12:00,12,4,1,1,37.5,47.1,920.4,734,7.35,324.48,71,0,0,1,0,0
2024-04-02 13:00,13,4,1,1,37.8,45.3,916.6,964,7.79,354.82,75,0,0,1,0,0
2024-04-02 14:00,14,4,1,1,36.2,53.0,883.7,601,7.65,297.88,73,0,0,1,0,0
2024-04-02 15:00,15,4,1,1,36.0,47.1,772.4,317,7.54,235.67,77,0,0,1,0,0
2024-04-02 16:00,16,4,1,1,33.6,50.7,632.8,6,7.5,164.04,78,0,0,1,0,0
2024-04-02 17:00,17,4,1,1,33.3,51.4,417.0,40,7.25,126.08,83,0,0,1,0,0
2024-04-02 18:00,18,4,1,1,28.3,53.2,212.9,55,7.51,77.7,91,0,0,1,0,0
2024-04-02 19:00,19,4,1,1,28.7,54.0,0.0,201,7.5,57.86,88,0,0,1,0,0
2024-04-02 20:00,20,4,1,1,29.0,50.3,0.0,324,7.39,72.56,88,0,0,1,0,0
2024-04-02 21:00,21,4,1,1,28.7,53.9,0.0,315,7.47,66.47,91,0,0,1,0,0
2024-04-02 22:00,22,4,1,1,30.0,51.4,0.0,179,7.5,56.64,89,0,0,1,0,0
2024-04-02 23:00,23,4,1,1,28.8,51.2,0.0,59,7.53,29.41,93,0,0,1,0,0
2024-04-03 00:00,0,4,2,1,25.5,69.7,0.0,75,7.29,30.44,95,1,0,1,0,0
2024-04-03 01:00,1,4,2,1,25.8,73.3,0.0,1,7.54,25.01,90,1,0,1,0,0
2024-04-03 02:00,2,4,2,1,25.5,75.4,0.0,62,7.72,33.41,91,1,0,1,0,0
2024-04-03 03:00,3,4,2,1,26.3,75.7,0.0,3,7.28,26.39,86,1,0,1,0,0
2024-04-03 04:00,4,4,2,1,28.0,66.1,0.0,79,7.58,35.42,96,1,0,1,0,0
2024-04-03 05:00,5,4,2,1,34.5,77.0,0.0,74,7.66,62.9,78,1,0,1,0,0
2024-04-03 06:00,6,4,2,1,36.4,78.6,2.0,51,7.76,89.89,71,1,0,1,0,0
2024-04-03 07:00,7,4,2,1,39.1,82.8,83.8,58,7.85,118.27,65,1,0,1,0,0
2024-04-03 08:00,8,4,2,1,39.2,82.6,207.5,886,7.56,248.97,56,1,0,1,0,0
2024-04-03 09:00,9,4,2,1,40.6,64.9,185.2,698,6.87,215.61,64,1,0,1,0,0
2024-04-03 10:00,10,4,2,1,41.0,70.1,276.5,996,6.83,277.33,58,1,0,1,0,0
2024-04-03 11:00,11,4,2,1,42.1,76.6,387.3,750,7.09,272.84,56,1,0,1,0,0
2024-04-03 12:00,12,4,2,1,40.2,73.3,287.8,767,6.74,243.36,56,1,0,1,0,0
2024-04-03 13:00,13,4,2,1,40.6,66.6,239.1,889,6.65,247.77,61,1,0,1,0,0
2024-04-03 14:00,14,4,2,1,40.6,84.5,392.0,1085,6.84,315.3,49,1,0,1,0,0
2024-04-03 15:00,15,4,2,1,38.5,69.9,340.6,304,7.28,185.75,66,1,0,1,0,0
2024-04-03 16:00,16,4,2,1,35.3,79.4,264.7,4,7.6,124.44,71,1,0,1,0,0
2024-04-03 17:00,17,4,2,1,36.6,75.2,222.9,50,7.37,127.41,76,1,0,1,0,0
2024-04-03 18:00,18,4,2,1,31.9,72.8,108.6,5,7.54,77.74,83,1,0,1,0,0
2024-04-03 19:00,19,4,2,1,32.8,80.9,47.9,112,7.32,93.41,74,1,0,1,0,0
2024-04-03 20:00,20,4,2,1,30.8,80.4,0.0,378,7.59,113.18,75,1,0,1,0,0
2024-04-03 21:00,21,4,2,1,32.9,79.7,0.0,381,7.68,119.49,73,1,0,1,0,0
2024-04-03 22:00,22,4,2,1,31.7,77.0,0.0,341,7.49,107.95,75,1,0,1,0,0
2024-04-03 23:00,23,4,2,1,32.5,80.7,0.0,42,7.41,58.98,77,1,0,1,0,0
2024-04-04 00:00,0,4,3,1,23.4,47.1,0.0,48,8.39,9.46,100,0,0,1,0,0
2024-04-04 01:00,1,4,3,1,22.4,39.3,0.0,42,8.47,9.49,96,0,0,1,0,0
2024-04-04 02:00,2,4,3,1,23.4,39.4,0.0,20,8.46,8.59,100,0,0,1,0,0
2024-04-04 03:00,3,4,3,1,23.4,36.2,0.0,32,8.44,5.0,100,0,0,1,0,0
2024-04-04 04:00,4,4,3,1,24.6,42.4,0.0,27,8.15,14.48,99,0,0,1,0,0
2024-04-04 05:00,5,4,3,1,32.6,34.2,0.0,70,7.72,38.0,89,0,0,1,0,0
2024-04-04 06:00,6,4,3,1,34.8,29.4,11.8,73,7.52,66.11,81,0,0,1,0,0
2024-04-04 07:00,7,4,3,1,35.3,37.5,239.6,0,7.56,102.5,86,0,0,1,0,0
2024-04-04 08:00,8,4,3,1,36.7,40.6,437.2,1193,7.55,298.29,64,0,0,1,0,0
2024-04-04 09:00,9,4,3,1,38.0,34.5,628.5,759,7.5,278.28,71,0,0,1,0,0
2024-04-04 10:00,10,4,3,1,38.5,47.2,779.4,592,7.44,285.15,69,0,0,1,0,0
2024-04-04 11:00,11,4,3,1,38.8,46.0,864.9,1161,7.35,373.84,65,0,0,1,0,0
2024-04-04 12:00,12,4,3,1,37.6,44.8,916.8,1015,7.44,364.61,66,0,0,1,0,0
2024-04-04 13:00,13,4,3,1,36.6,42.5,929.5,905,7.54,346.36,71,0,0,1,0,0
2024-04-04 14:00,14,4,3,1,37.0,51.4,883.6,731,7.51,319.55,75,0,0,1,0,0
2024-04-04 15:00,15,4,3,1,35.6,52.4,769.8,420,7.75,251.26,77,0,0,1,0,0
2024-04-04 16:00,16,4,3,1,36.0,52.1,651.0,71,7.2,190.59,81,0,0,1,0,0
2024-04-04 17:00,17,4,3,1,33.3,47.4,446.5,50,7.67,133.16,87,0,0,1,0,0
2024-04-04 18:00,18,4,3,1,28.2,52.8,199.9,74,7.5,74.6,92,0,0,1,0,0
2024-04-04 19:00,19,4,3,1,28.3,52.7,0.0,239,7.6,57.36,89,0,0,1,0,0
2024-04-04 20:00,20,4,3,1,29.1,49.3,0.0,176,7.54,54.19,96,0,0,1,0,0
2024-04-04 21:00,21,4,3,1,28.7,50.1,0.0,136,7.55,46.73,85,0,0,1,0,0
2024-04-04 22:00,22,4,3,1,28.5,54.8,0.0,210,7.5,53.13,93,0,0,1,0,0
2024-04-04 23:00,23,4,3,1,29.5,39.0,0.0,54,7.61,29.87,89,0,0,1,0,0
2024-04-05 00:00,0,4,4,1,22.3,48.5,0.0,62,8.48,5.0,100,0,0,1,0,0
2024-04-05 01:00,1,4,4,1,23.4,40.9,0.0,11,8.68,7.29,100,0,0,1,0,0
2024-04-05 02:00,2,4,4,1,23.9,38.4,0.0,58,8.77,11.49,100,0,0,1,0,0
2024-04-05 03:00,3,4,4,1,23.9,36.3,0.0,21,8.47,6.74,99,0,0,1,0,0
2024-04-05 04:00,4,4,4,1,24.1,32.6,0.0,38,8.46,10.85,98,0,0,1,0,0
2024-04-05 05:00,5,4,4,1,33.1,33.3,0.0,3,7.34,37.46,86,0,0,1,0,0
2024-04-05 06:00,6,4,4,1,34.4,34.6,0.0,10,7.62,55.17,86,0,0,1,0,0
2024-04-05 07:00,7,4,4,1,36.3,38.7,229.1,24,7.33,105.68,79,0,0,1,0,0
2024-04-05 08:00,8,4,4,1,36.3,34.5,427.5,849,7.4,244.89,76,0,0,1,0,0
2024-04-05 09:00,9,4,4,1,37.3,42.5,625.2,922,7.56,303.17,66,0,0,1,0,0
2024-04-05 10:00,10,4,4,1,38.2,36.0,773.2,837,7.69,316.62,67,0,0,1,0,0
2024-04-05 11:00,11,4,4,1,39.1,45.7,883.0,1180,7.63,384.81,68,0,0,1,0,0
2024-04-05 12:00,12,4,4,1,38.2,45.9,909.8,725,7.69,327.87,74,0,0,1,0,0
2024-04-05 13:00,13,4,4,1,37.2,41.8,907.9,606,7.22,308.97,71,0,0,1,0,0
2024-04-05 14:00,14,4,4,1,36.5,49.7,888.3,668,7.52,310.24,71,0,0,1,0,0
2024-04-05 15:00,15,4,4,1,35.7,49.7,811.6,272,7.58,245.93,82,0,0,1,0,0
2024-04-05 16:00,16,4,4,1,33.6,58.8,614.6,8,7.47,170.27,86,0,0,1,0,0
2024-04-05 17:00,17,4,4,1,33.3,51.8,406.9,29,7.48,124.13,87,0,0,1,0,0
2024-04-05 18:00,18,4,4,1,28.1,51.9,210.5,18,7.54,68.49,94,0,0,1,0,0
2024-04-05 19:00,19,4,4,1,28.0,56.8,5.2,267,7.21,68.61,91,0,0,1,0,0
2024-04-05 20:00,20,4,4,1,27.9,51.7,0.0,286,7.53,64.98,92,0,0,1,0,0
2024-04-05 21:00,21,4,4,1,29.5,51.7,0.0,236,7.5,63.38,83,0,0,1,0,0
2024-04-05 22:00,22,4,4,1,28.6,50.0,0.0,267,7.38,62.2,91,0,0,1,0,0
2024-04-05 23:00,23,4,4,1,30.3,46.7,0.0,5,7.52,26.81,90,0,0,1,0,0
2024-04-06 00:00,0,4,5,0,22.5,42.1,0.0,0,8.14,5.0,100,0,0,1,0,0
2024-04-06 01:00,1,4,5,0,22.8,45.9,0.0,0,8.48,5.0,97,0,0,1,0,0
2024-04-06 02:00,2,4,5,0,22.6,38.2,0.0,0,8.52,5.0,94,0,0,1,0,0
2024-04-06 03:00,3,4,5,0,24.2,39.4,0.0,0,8.82,6.18,100,0,0,1,0,0
2024-04-06 04:00,4,4,5,0,23.2,38.6,0.0,0,8.48,5.0,100,0,0,1,0,0
2024-04-06 05:00,5,4,5,0,33.1,38.5,0.0,0,7.51,31.38,84,0,0,1,0,0
2024-04-06 06:00,6,4,5,0,34.1,37.1,0.0,0,7.64,50.28,83,0,0,1,0,0
2024-04-06 07:00,7,4,5,0,35.5,37.8,247.4,0,7.53,99.06,77,0,0,1,0,0
2024-04-06 08:00,8,4,5,0,37.1,37.2,439.2,0,7.42,146.18,80,0,0,1,0,0
2024-04-06 09:00,9,4,5,0,37.5,38.6,657.9,130,7.28,197.96,75,0,0,1,0,0
2024-04-06 10:00,10,4,5,0,38.2,38.9,825.3,64,7.87,222.55,78,0,0,1,0,0
2024-04-06 11:00,11,4,5,0,37.9,40.3,873.5,109,7.64,233.96,78,0,0,1,0,0
2024-04-06 12:00,12,4,5,0,38.2,40.7,932.1,121,7.31,256.04,78,0,0,1,0,0
2024-04-06 13:00,13,4,5,0,37.3,49.2,966.0,109,7.84,251.58,74,0,0,1,0,0
2024-04-06 14:00,14,4,5,0,36.5,49.7,858.9,156,7.62,236.25,79,0,0,1,0,0
2024-04-06 15:00,15,4,5,0,35.6,49.4,766.5,75,7.84,204.1,75,0,0,1,0,0
2024-04-06 16:00,16,4,5,0,33.4,52.1,610.9,161,7.66,179.91,83,0,0,1,0,0
2024-04-06 17:00,17,4,5,0,33.4,58.5,440.9,38,7.6,137.34,85,0,0,1,0,0
2024-04-06 18:00,18,4,5,0,29.1,51.3,260.2,0,7.41,79.85,92,0,0,1,0,0
2024-04-06 19:00,19,4,5,0,28.6,53.2,12.9,0,7.55,31.19,98,0,0,1,0,0
2024-04-06 20:00,20,4,5,0,28.4,56.9,0.0,0,7.55,33.43,97,0,0,1,0,0
2024-04-06 21:00,21,4,5,0,28.4,50.2,0.0,0,7.71,31.68,92,0,0,1,0,0
2024-04-06 22:00,22,4,5,0,28.1,47.9,0.0,0,7.8,28.57,96,0,0,1,0,0
2024-04-06 23:00,23,4,5,0,29.9,48.8,0.0,0,7.35,25.66,89,0,0,1,0,0
2024-04-07 00:00,0,4,6,0,22.9,49.3,0.0,0,8.88,5.0,99,0,0,1,0,0
2024-04-07 01:00,1,4,6,0,23.0,46.7,0.0,0,8.32,5.0,100,0,0,1,0,0
2024-04-07 02:00,2,4,6,0,23.7,38.6,0.0,0,8.38,6.26,99,0,0,1,0,0
2024-04-07 03:00,3,4,6,0,24.0,40.5,0.0,0,8.69,7.43,100,0,0,1,0,0
2024-04-07 04:00,4,4,6,0,25.0,38.0,0.0,0,8.42,8.38,100,0,0,1,0,0
2024-04-07 05:00,5,4,6,0,33.0,34.4,0.0,0,7.55,33.26,85,0,0,1,0,0
2024-04-07 06:00,6,4,6,0,33.9,32.4,0.0,0,7.53,50.94,85,0,0,1,0,0
2024-04-07 07:00,7,4,6,0,34.8,37.9,244.5,0,7.58,96.9,81,0,0,1,0,0
2024-04-07 08:00,8,4,6,0,37.5,38.3,454.5,0,7.43,143.77,82,0,0,1,0,0
2024-04-07 09:00,9,4,6,0,36.1,38.0,613.0,174,7.82,194.33,74,0,0,1,0,0
2024-04-07 10:00,10,4,6,0,36.7,35.6,793.8,20,7.47,206.61,83,0,0,1,0,0
2024-04-07 11:00,11,4,6,0,37.7,45.2,886.4,116,7.39,238.59,79,0,0,1,0,0
2024-04-07 12:00,12,4,6,0,38.6,40.5,918.3,163,7.85,257.87,73,0,0,1,0,0
2024-04-07 13:00,13,4,6,0,37.3,49.5,964.6,41,7.59,241.16,80,0,0,1,0,0
2024-04-07 14:00,14,4,6,0,36.3,49.1,876.6,31,7.36,226.65,78,0,0,1,0,0
2024-04-07 15:00,15,4,6,0,35.4,49.1,783.1,139,7.49,212.5,84,0,0,1,0,0
2024-04-07 16:00,16,4,6,0,34.7,55.8,633.1,80,7.45,184.23,79,0,0,1,0,0
2024-04-07 17:00,17,4,6,0,32.6,56.0,427.3,162,7.32,147.73,85,0,0,1,0,0
2024-04-07 18:00,18,4,6,0,28.4,49.7,209.0,0,7.4,69.91,92,0,0,1,0,0
2024-04-07 19:00,19,4,6,0,29.1,55.6,18.0,0,7.56,43.55,87,0,0,1,0,0
2024-04-07 20:00,20,4,6,0,29.1,52.8,0.0,0,7.36,30.15,86,0,0,1,0,0
2024-04-07 21:00,21,4,6,0,30.1,50.0,0.0,0,7.83,34.62,87,0,0,1,0,0
2024-04-07 22:00,22,4,6,0,29.8,48.8,0.0,0,7.3,34.18,97,0,0,1,0,0
2024-04-07 23:00,23,4,6,0,29.9,47.5,0.0,0,7.45,26.7,88,0,0,1,0,0
2024-04-08 00:00,0,4,0,1,22.9,43.7,0.0,65,8.72,5.0,99,0,0,1,0,0
2024-04-08 01:00,1,4,0,1,23.7,42.4,0.0,49,8.43,5.0,96,0,0,1,0,0
2024-04-08 02:00,2,4,0,1,23.0,43.8,0.0,17,8.37,8.33,96,0,0,1,0,0
2024-04-08 03:00,3,4,0,1,22.9,40.2,0.0,18,8.49,6.62,100,0,0,1,0,0
2024-04-08 04:00,4,4,0,1,24.8,31.7,0.0,20,8.6,8.87,100,0,0,1,0,0
2024-04-08 05:00,5,4,0,1,32.7,41.9,0.0,62,7.56,37.5,88,0,0,1,0,0
2024-04-08 06:00,6,4,0,1,35.1,36.3,0.0,7,7.48,54.43,85,0,0,1,0,0
2024-04-08 07:00,7,4,0,1,34.1,35.9,198.9,10,7.78,87.74,82,0,0,1,0,0
2024-04-08 08:00,8,4,0,1,35.7,39.9,458.8,1043,7.58,272.52,74,0,0,1,0,0
2024-04-08 09:00,9,4,0,1,36.8,43.3,624.4,882,7.62,288.68,72,0,0,1,0,0
2024-04-08 10:00,10,4,0,1,38.6,36.2,772.7,731,7.66,304.43,65,0,0,1,0,0
2024-04-08 11:00,11,4,0,1,38.9,40.3,891.9,1063,7.71,377.82,69,0,0,1,0,0
2024-04-08 12:00,12,4,0,1,38.4,43.7,978.6,731,7.52,341.15,69,0,0,1,0,0
2024-04-08 13:00,13,4,0,1,38.2,44.5,966.3,910,7.33,359.3,63,0,0,1,0,0
2024-04-08 14:00,14,4,0,1,37.4,54.0,872.9,782,7.45,324.51,71,0,0,1,0,0
2024-04-08 15:00,15,4,0,1,35.5,54.8,805.0,470,7.45,263.83,77,0,0,1,0,0
2024-04-08 16:00,16,4,0,1,34.3,57.2,635.2,70,7.33,181.86,87,0,0,1,0,0
2024-04-08 17:00,17,4,0,1,33.9,49.9,459.2,61,7.52,144.08,81,0,0,1,0,0
2024-04-08 18:00,18,4,0,1,27.6,52.9,219.6,23,7.35,66.24,96,0,0,1,0,0
2024-04-08 19:00,19,4,0,1,28.9,60.6,0.0,215,7.44,67.7,90,0,0,1,0,0
2024-04-08 20:00,20,4,0,1,29.5,52.1,0.0,233,7.29,62.81,84,0,0,1,0,0
2024-04-08 21:00,21,4,0,1,29.2,57.4,0.0,370,7.49,87.03,89,0,0,1,0,0
2024-04-08 22:00,22,4,0,1,29.7,49.0,0.0,127,7.53,46.44,91,0,0,1,0,0
2024-04-08 23:00,23,4,0,1,28.3,41.5,0.0,39,7.43,26.59,94,0,0,1,0,0
2024-04-09 00:00,0,4,1,1,23.2,40.1,0.0,7,8.45,6.98,97,0,0,0,0,0
2024-04-09 01:00,1,4,1,1,23.8,41.9,0.0,24,8.5,7.03,100,0,0,0,0,0
2024-04-09 02:00,2,4,1,1,24.6,45.3,0.0,36,8.59,13.37,100,0,0,0,0,0
2024-04-09 03:00,3,4,1,1,23.6,36.0,0.0,16,8.4,5.61,100,0,0,0,0,0
2024-04-09 04:00,4,4,1,1,23.9,36.9,0.0,15,8.3,6.68,100,0,0,0,0,0
2024-04-09 05:00,5,4,1,1,32.7,35.3,0.0,8,7.54,32.74,88,0,0,0,0,0
2024-04-09 06:00,6,4,1,1,33.1,33.7,0.0,32,7.55,46.13,83,0,0,0,0,0
2024-04-09 07:00,7,4,1,1,35.6,37.6,241.6,94,7.55,112.89,82,0,0,0,0,0
2024-04-09 08:00,8,4,1,1,37.3,32.0,425.1,730,7.4,236.68,68,0,0,0,0,0
2024-04-09 09:00,9,4,1,1,37.0,40.1,626.3,1195,7.68,327.07,70,0,0,0,0,0
2024-04-09 10:00,10,4,1,1,37.6,39.5,758.9,1331,7.16,377.67,69,0,0,0,0,0
2024-04-09 11:00,11,4,1,1,37.5,41.0,868.5,1287,7.71,386.27,66,0,0,0,0,0
2024-04-09 12:00,12,4,1,1,38.4,47.2,947.6,717,7.55,336.77,68,0,0,0,0,0
2024-04-09 13:00,13,4,1,1,37.6,42.0,931.0,773,7.55,335.96,68,0,0,0,0,0
2024-04-09 14:00,14,4,1,1,35.9,55.0,869.2,1342,7.46,392.57,70,0,0,0,0,0
2024-04-09 15:00,15,4,1,1,35.2,50.8,795.5,1015,7.51,330.72,67,0,0,0,0,0
2024-04-09 16:00,16,4,1,1,35.2,48.4,634.9,1138,7.61,319.8,69,0,0,0,0,0
2024-04-09 17:00,17,4,1,1,32.7,51.7,435.1,521,7.58,189.21,78,0,0,0,0,0
2024-04-09 18:00,18,4,1,1,28.7,56.6,213.7,412,7.73,130.98,87,0,0,0,0,0
2024-04-09 19:00,19,4,1,1,28.1,55.8,0.0,96,7.47,43.51,95,0,0,0,0,0
2024-04-09 20:00,20,4,1,1,28.7,48.5,0.0,177,7.3,51.51,95,0,0,0,0,0
2024-04-09 21:00,21,4,1,1,29.5,47.0,0.0,9,7.57,35.77,94,0,0,0,0,0
2024-04-09 22:00,22,4,1,1,29.4,48.1,0.0,38,7.47,38.43,84,0,0,0,0,0
2024-04-09 23:00,23,4,1,1,29.2,46.1,0.0,36,7.48,24.39,87,0,0,0,0,0
2024-04-10 00:00,0,4,2,1,23.0,40.9,0.0,49,8.2,8.72,100,0,0,0,0,0
2024-04-10 01:00,1,4,2,1,24.2,42.1,0.0,29,8.42,6.48,100,0,0,0,0,0
2024-04-10 02:00,2,4,2,1,22.2,42.3,0.0,41,8.6,5.0,99,0,0,0,0,0
2024-04-10 03:00,3,4,2,1,23.4,43.5,0.0,47,8.69,6.08,100,0,0,0,0,0
2024-04-10 04:00,4,4,2,1,24.1,40.0,0.0,21,8.59,5.36,100,0,0,0,0,0
2024-04-10 05:00,5,4,2,1,32.4,31.8,0.0,41,7.46,34.88,89,0,0,0,0,0
2024-04-10 06:00,6,4,2,1,34.8,36.5,0.0,20,7.48,55.61,89,0,0,0,0,0
2024-04-10 07:00,7,4,2,1,35.8,32.6,228.8,277,7.32,138.91,78,0,0,0,0,0
2024-04-10 08:00,8,4,2,1,35.5,37.2,458.3,644,7.51,222.91,74,0,0,0,0,0
2024-04-10 09:00,9,4,2,1,37.6,37.4,624.6,1063,7.44,320.6,64,0,0,0,0,0
2024-04-10 10:00,10,4,2,1,39.2,41.4,816.3,861,7.78,327.13,66,0,0,0,0,0
2024-04-10 11:00,11,4,2,1,36.7,46.9,914.0,1366,7.56,405.75,66,0,0,0,0,0
2024-04-10 12:00,12,4,2,1,37.7,44.8,924.8,858,7.54,344.53,71,0,0,0,0,0
2024-04-10 13:00,13,4,2,1,37.7,46.0,953.6,873,7.4,355.8,69,0,0,0,0,0
2024-04-10 14:00,14,4,2,1,37.0,44.8,888.6,1080,7.5,360.74,71,0,0,0,0,0
2024-04-10 15:00,15,4,2,1,34.6,52.3,798.6,1379,7.42,375.07,66,0,0,0,0,0
2024-04-10 16:00,16,4,2,1,33.5,45.7,657.3,1050,7.52,304.51,78,0,0,0,0,0
2024-04-10 17:00,17,4,2,1,32.7,51.9,433.6,400,7.67,179.19,78,0,0,0,0,0
2024-04-10 18:00,18,4,2,1,28.1,54.1,237.6,312,7.46,109.71,91,0,0,0,0,0
2024-04-10 19:00,19,4,2,1,28.6,51.3,0.0,75,7.43,38.12,85,0,0,0,0,0
2024-04-10 20:00,20,4,2,1,29.3,51.1,0.0,99,7.79,43.56,85,0,0,0,0,0
2024-04-10 21:00,21,4,2,1,28.8,49.9,0.0,11,7.59,28.96,89,0,0,0,0,0
2024-04-10 22:00,22,4,2,1,29.9,53.8,0.0,37,7.56,43.77,90,0,0,0,0,0
2024-04-10 23:00,23,4,2,1,30.1,42.1,0.0,14,7.49,28.32,91,0,0,0,0,0
2024-04-11 00:00,0,4,3,1,23.2,45.2,0.0,30,8.49,5.59,97,0,0,0,0,0
2024-04-11 01:00,1,4,3,1,24.2,43.2,0.0,22,8.39,11.78,100,0,0,0,0,0
2024-04-11 02:00,2,4,3,1,22.9,40.2,0.0,16,8.72,5.0,93,0,0,0,0,0
2024-04-11 03:00,3,4,3,1,24.4,41.6,0.0,19,8.69,9.46,100,0,0,0,0,0
2024-04-11 04:00,4,4,3,1,24.5,36.5,0.0,40,8.53,11.68,100,0,0,0,0,0
2024-04-11 05:00,5,4,3,1,32.7,37.6,0.0,38,7.47,36.86,86,0,0,0,0,0
2024-04-11 06:00,6,4,3,1,34.1,37.6,1.4,11,7.52,49.64,88,0,0,0,0,0
2024-04-11 07:00,7,4,3,1,35.2,39.9,219.9,215,7.24,120.03,81,0,0,0,0,0
2024-04-11 08:00,8,4,3,1,36.3,37.1,425.3,590,7.73,207.48,70,0,0,0,0,0
2024-04-11 09:00,9,4,3,1,37.0,41.5,623.9,1199,7.4,332.29,70,0,0,0,0,0
2024-04-11 10:00,10,4,3,1,39.1,38.6,807.2,1225,7.12,373.61,61,0,0,0,0,0
2024-04-11 11:00,11,4,3,1,38.2,43.1,892.2,989,7.62,358.21,64,0,0,0,0,0
2024-04-11 12:00,12,4,3,1,37.1,44.3,923.7,718,7.66,321.38,67,0,0,0,0,0
2024-04-11 13:00,13,4,3,1,36.3,47.2,928.6,885,7.4,343.92,72,0,0,0,0,0
2024-04-11 14:00,14,4,3,1,36.9,48.8,885.4,1063,7.43,358.41,63,0,0,0,0,0
2024-04-11 15:00,15,4,3,1,36.2,51.1,792.0,994,7.32,330.48,75,0,0,0,0,0
2024-04-11 16:00,16,4,3,1,34.9,50.6,619.8,1096,7.41,304.35,76,0,0,0,0,0
2024-04-11 17:00,17,4,3,1,32.7,57.5,446.5,331,7.4,171.35,87,0,0,0,0,0
2024-04-11 18:00,18,4,3,1,28.0,55.0,205.6,335,7.84,113.53,90,0,0,0,0,0
2024-04-11 19:00,19,4,3,1,26.8,45.8,29.1,183,7.71,52.89,92,0,0,0,0,0
2024-04-11 20:00,20,4,3,1,28.9,49.3,0.0,64,7.47,36.5,94,0,0,0,0,0
2024-04-11 21:00,21,4,3,1,28.7,48.1,0.0,36,7.47,34.6,92,0,0,0,0,0
2024-04-11 22:00,22,4,3,1,28.9,46.4,0.0,16,7.47,37.73,94,0,0,0,0,0
2024-04-11 23:00,23,4,3,1,30.1,47.9,0.0,5,7.68,25.02,86,0,0,0,0,0
2024-04-12 00:00,0,4,4,1,22.7,47.3,0.0,4,8.71,5.0,100,0,0,0,0,0
2024-04-12 01:00,1,4,4,1,22.4,40.6,0.0,11,8.39,5.0,100,0,0,0,0,0
2024-04-12 02:00,2,4,4,1,23.3,38.6,0.0,32,8.61,5.77,100,0,0,0,0,0
2024-04-12 03:00,3,4,4,1,24.1,35.0,0.0,13,8.48,7.42,92,0,0,0,0,0
2024-04-12 04:00,4,4,4,1,24.4,38.6,0.0,43,8.39,10.59,98,0,0,0,0,0
2024-04-12 05:00,5,4,4,1,32.9,39.0,0.0,36,7.51,33.84,89,0,0,0,0,0
2024-04-12 06:00,6,4,4,1,33.5,35.9,1.5,14,7.37,53.52,88,0,0,0,0,0
2024-04-12 07:00,7,4,4,1,36.5,37.8,243.7,276,7.45,137.85,80,0,0,0,0,0
2024-04-12 08:00,8,4,4,1,36.9,38.1,423.0,552,7.67,209.87,75,0,0,0,0,0
2024-04-12 09:00,9,4,4,1,35.9,39.2,645.6,1264,7.52,336.21,73,0,0,0,0,0
2024-04-12 10:00,10,4,4,1,38.1,40.0,794.3,1160,7.48,364.09,66,0,0,0,0,0
2024-04-12 11:00,11,4,4,1,36.4,44.0,893.4,1012,7.59,351.09,71,0,0,0,0,0
2024-04-12 12:00,12,4,4,1,37.5,43.8,937.4,843,7.61,344.44,66,0,0,0,0,0
2024-04-12 13:00,13,4,4,1,37.8,48.7,940.1,760,7.47,334.56,66,0,0,0,0,0
2024-04-12 14:00,14,4,4,1,38.0,49.0,912.1,1240,7.68,392.22,65,0,0,0,0,0
2024-04-12 15:00,15,4,4,1,35.0,49.9,787.9,1238,7.43,361.08,63,0,0,0,0,0
2024-04-12 16:00,16,4,4,1,35.8,51.0,629.6,1297,7.42,345.16,64,0,0,0,0,0
2024-04-12 17:00,17,4,4,1,32.9,54.9,448.1,267,7.65,166.93,88,0,0,0,0,0
2024-04-12 18:00,18,4,4,1,28.9,45.4,211.7,556,7.49,142.64,84,0,0,0,0,0
2024-04-12 19:00,19,4,4,1,28.5,54.3,0.0,148,7.69,52.36,90,0,0,0,0,0
2024-04-12 20:00,20,4,4,1,29.0,51.7,0.0,87,7.4,38.08,89,0,0,0,0,0
2024-04-12 21:00,21,4,4,1,28.9,45.0,0.0,40,7.59,37.83,94,0,0,0,0,0
2024-04-12 22:00,22,4,4,1,29.0,48.9,0.0,25,7.33,35.32,90,0,0,0,0,0
2024-04-12 23:00,23,4,4,1,28.1,50.4,0.0,42,7.56,27.33,97,0,0,0,0,0
2024-04-13 00:00,0,4,5,0,23.0,49.7,0.0,0,8.68,6.27,97,0,0,0,0,0
2024-04-13 01:00,1,4,5,0,24.2,42.3,0.0,0,8.73,6.59,98,0,0,0,0,0
2024-04-13 02:00,2,4,5,0,23.3,45.1,0.0,0,8.15,5.0,100,0,0,0,0,0
2024-04-13 03:00,3,4,5,0,24.6,41.1,0.0,0,8.4,13.45,97,0,0,0,0,0
2024-04-13 04:00,4,4,5,0,23.9,36.8,0.0,0,8.34,10.39,96,0,0,0,0,0
2024-04-13 05:00,5,4,5,0,33.1,38.8,0.0,0,7.54,32.58,83,0,0,0,0,0
2024-04-13 06:00,6,4,5,0,33.2,44.4,12.1,0,7.35,46.86,84,0,0,0,0,0
2024-04-13 07:00,7,4,5,0,35.0,41.2,247.0,0,7.52,96.48,80,0,0,0,0,0
2024-04-13 08:00,8,4,5,0,36.5,39.5,453.0,0,7.5,139.82,81,0,0,0,0,0
2024-04-13 09:00,9,4,5,0,37.0,40.5,603.0,147,7.5,189.91,76,0,0,0,0,0
2024-04-13 10:00,10,4,5,0,38.4,41.1,799.1,27,7.73,216.92,77,0,0,0,0,0
2024-04-13 11:00,11,4,5,0,37.3,45.0,902.5,56,7.46,233.17,77,0,0,0,0,0
2024-04-13 12:00,12,4,5,0,36.8,46.9,921.0,77,7.59,237.33,81,0,0,0,0,0
2024-04-13 13:00,13,4,5,0,38.2,48.5,953.3,131,7.52,257.85,78,0,0,0,0,0
2024-04-13 14:00,14,4,5,0,35.8,52.5,922.4,116,7.69,241.64,80,0,0,0,0,0
2024-04-13 15:00,15,4,5,0,35.5,54.2,810.5,58,7.62,213.47,81,0,0,0,0,0
2024-04-13 16:00,16,4,5,0,34.8,52.2,622.7,32,7.32,171.14,82,0,0,0,0,0
2024-04-13 17:00,17,4,5,0,32.1,47.4,459.3,74,7.65,136.29,89,0,0,0,0,0
2024-04-13 18:00,18,4,5,0,29.5,57.4,232.5,0,7.51,80.86,88,0,0,0,0,0
2024-04-13 19:00,19,4,5,0,28.1,47.1,1.5,0,7.45,22.88,96,0,0,0,0,0
2024-04-13 20:00,20,4,5,0,29.2,52.1,0.0,0,7.44,34.01,96,0,0,0,0,0
2024-04-13 21:00,21,4,5,0,29.1,51.3,0.0,0,7.41,30.94,93,0,0,0,0,0
2024-04-13 22:00,22,4,5,0,28.9,50.7,0.0,0,7.77,27.87,96,0,0,0,0,0
2024-04-13 23:00,23,4,5,0,29.5,52.6,0.0,0,7.34,21.39,91,0,0,0,0,0
2024-04-14 00:00,0,4,6,0,23.1,48.7,0.0,0,8.4,5.69,100,0,0,0,0,0
2024-04-14 01:00,1,4,6,0,23.8,46.0,0.0,0,8.49,5.72,97,0,0,0,0,0
2024-04-14 02:00,2,4,6,0,23.7,42.3,0.0,0,8.65,5.0,100,0,0,0,0,0
2024-04-14 03:00,3,4,6,0,23.7,33.2,0.0,0,8.44,5.0,100,0,0,0,0,0
2024-04-14 04:00,4,4,6,0,24.2,35.2,0.0,0,8.58,7.83,100,0,0,0,0,0
2024-04-14 05:00,5,4,6,0,33.9,34.7,0.0,0,7.47,39.22,88,0,0,0,0,0
2024-04-14 06:00,6,4,6,0,34.5,35.1,0.0,0,7.39,51.78,82,0,0,0,0,0
2024-04-14 07:00,7,4,6,0,34.9,32.9,231.1,0,7.68,96.12,84,0,0,0,0,0
2024-04-14 08:00,8,4,6,0,37.0,36.4,438.9,0,7.52,137.05,77,0,0,0,0,0
2024-04-14 09:00,9,4,6,0,35.9,43.6,612.6,107,7.35,185.42,82,0,0,0,0,0
2024-04-14 10:00,10,4,6,0,38.8,45.1,776.7,98,7.33,221.52,76,0,0,0,0,0
2024-04-14 11:00,11,4,6,0,37.7,43.2,896.6,160,7.51,246.17,79,0,0,0,0,0
2024-04-14 12:00,12,4,6,0,38.2,46.7,951.0,39,7.08,244.46,76,0,0,0,0,0
2024-04-14 13:00,13,4,6,0,37.3,44.8,924.9,161,7.62,254.81,79,0,0,0,0,0
2024-04-14 14:00,14,4,6,0,37.5,51.0,885.3,157,7.45,245.03,75,0,0,0,0,0
2024-04-14 15:00,15,4,6,0,35.9,48.0,835.3,116,7.53,227.55,79,0,0,0,0,0
2024-04-14 16:00,16,4,6,0,34.7,55.6,651.5,94,7.64,182.12,88,0,0,0,0,0
2024-04-14 17:00,17,4,6,0,31.7,53.1,449.9,124,7.52,141.42,87,0,0,0,0,0
2024-04-14 18:00,18,4,6,0,27.7,51.7,252.9,0,7.65,70.4,91,0,0,0,0,0
2024-04-14 19:00,19,4,6,0,28.1,57.4,2.7,0,7.74,22.16,95,0,0,0,0,0
2024-04-14 20:00,20,4,6,0,29.6,51.8,0.0,0,7.51,33.43,90,0,0,0,0,0
2024-04-14 21:00,21,4,6,0,29.8,50.3,0.0,0,7.37,32.91,89,0,0,0,0,0
2024-04-14 22:00,22,4,6,0,29.7,54.3,0.0,0,7.42,34.82,97,0,0,0,0,0
2024-04-14 23:00,23,4,6,0,30.7,48.9,0.0,0,7.72,25.63,86,0,0,0,0,0
2024-04-15 00:00,0,4,0,1,23.6,46.6,0.0,10,8.5,7.57,99,0,0,0,0,0
2024-04-15 01:00,1,4,0,1,23.0,40.5,0.0,19,8.48,5.31,100,0,0,0,0,0
2024-04-15 02:00,2,4,0,1,22.9,45.3,0.0,1,8.44,5.0,98,0,0,0,0,0
2024-04-15 03:00,3,4,0,1,23.9,37.8,0.0,17,8.36,9.88,96,0,0,0,0,0
2024-04-15 04:00,4,4,0,1,23.8,42.2,0.0,15,8.57,8.26,99,0,0,0,0,0
2024-04-15 05:00,5,4,0,1,33.7,36.0,0.0,25,7.53,37.43,88,0,0,0,0,0
2024-04-15 06:00,6,4,0,1,33.7,40.2,20.8,42,7.56,58.26,86,0,0,0,0,0
2024-04-15 07:00,7,4,0,1,36.1,40.6,202.2,248,7.33,129.16,76,0,0,0,0,0
2024-04-15 08:00,8,4,0,1,37.1,38.1,468.6,462,7.63,206.72,75,0,0,0,0,0
2024-04-15 09:00,9,4,0,1,37.0,43.5,635.6,1015,7.5,309.37,68,0,0,0,0,0
2024-04-15 10:00,10,4,0,1,38.0,42.0,748.5,1186,7.39,359.06,62,0,0,0,0,0
2024-04-15 11:00,11,4,0,1,38.9,48.2,892.5,1395,7.61,413.54,59,0,0,0,0,0
2024-04-15 12:00,12,4,0,1,37.7,43.9,929.2,891,7.66,349.55,69,0,0,0,0,0
2024-04-15 13:00,13,4,0,1,37.4,44.1,936.5,684,7.81,321.95,67,0,0,0,0,0
2024-04-15 14:00,14,4,0,1,36.0,49.2,854.5,1211,7.5,369.55,71,0,0,0,0,0
2024-04-15 15:00,15,4,0,1,34.4,49.2,784.1,1177,7.73,347.02,68,0,0,0,0,0
2024-04-15 16:00,16,4,0,1,34.5,49.3,590.1,1236,7.69,319.18,68,0,0,0,0,0
2024-04-15 17:00,17,4,0,1,33.2,53.2,433.2,333,7.57,173.4,83,0,0,0,0,0
2024-04-15 18:00,18,4,0,1,29.4,58.1,196.9,560,7.47,145.54,81,0,0,0,0,0
2024-04-15 19:00,19,4,0,1,28.9,57.2,0.4,126,7.64,49.38,93,0,0,0,0,0
2024-04-15 20:00,20,4,0,1,28.3,48.7,0.0,66,7.58,39.17,91,0,0,0,0,0
2024-04-15 21:00,21,4,0,1,28.8,55.6,0.0,11,7.61,33.51,93,0,0,0,0,0
2024-04-15 22:00,22,4,0,1,30.4,53.0,0.0,31,7.55,43.84,91,0,0,0,0,0
2024-04-15 23:00,23,4,0,1,29.4,45.9,0.0,49,7.23,27.43,91,0,0,0,0,0
2024-04-16 00:00,0,4,1,1,22.9,42.0,0.0,26,8.5,5.0,96,0,0,0,0,0
2024-04-16 01:00,1,4,1,1,22.2,41.8,0.0,44,8.47,5.0,100,0,0,0,0,0
2024-04-16 02:00,2,4,1,1,22.8,46.2,0.0,21,8.69,5.0,100,0,0,0,0,0
2024-04-16 03:00,3,4,1,1,24.3,38.4,0.0,7,8.47,5.0,100,0,0,0,0,0
2024-04-16 04:00,4,4,1,1,24.7,45.6,0.0,1,8.17,10.88,100,0,0,0,0,0
2024-04-16 05:00,5,4,1,1,33.6,40.2,0.0,11,7.42,39.96,90,0,0,0,0,0
2024-04-16 06:00,6,4,1,1,33.9,38.1,21.2,19,7.52,57.58,85,0,0,0,0,0
2024-04-16 07:00,7,4,1,1,36.1,35.9,264.1,104,7.44,121.09,84,0,0,0,0,0
2024-04-16 08:00,8,4,1,1,35.9,40.3,452.9,767,7.41,239.71,71,0,0,0,0,0
2024-04-16 09:00,9,4,1,1,37.4,37.9,602.1,932,7.35,297.88,64,0,0,0,0,0
2024-04-16 10:00,10,4,1,1,38.3,45.9,792.0,1035,7.41,344.57,70,0,0,0,0,0
2024-04-16 11:00,11,4,1,1,37.2,43.6,876.2,983,7.6,351.66,70,0,0,0,0,0
2024-04-16 12:00,12,4,1,1,38.9,45.6,947.1,730,7.53,336.9,68,0,0,0,0,0
2024-04-16 13:00,13,4,1,1,36.9,47.0,914.4,859,7.4,341.29,69,0,0,0,0,0
2024-04-16 14:00,14,4,1,1,35.8,49.4,878.2,1087,7.37,358.63,69,0,0,0,0,0
2024-04-16 15:00,15,4,1,1,35.6,48.6,764.5,1055,7.58,332.83,67,0,0,0,0,0
2024-04-16 16:00,16,4,1,1,33.6,50.6,593.2,1161,7.47,305.76,76,0,0,0,0,0
2024-04-16 17:00,17,4,1,1,32.4,56.4,448.3,328,7.39,173.16,84,0,0,0,0,0
2024-04-16 18:00,18,4,1,1,28.3,54.2,218.9,488,7.3,136.58,88,0,0,0,0,0
2024-04-16 19:00,19,4,1,1,28.5,53.8,0.0,102,7.34,47.2,87,0,0,0,0,0
2024-04-16 20:00,20,4,1,1,28.5,50.1,0.0,173,7.38,47.97,95,0,0,0,0,0
2024-04-16 21:00,21,4,1,1,27.9,56.0,0.0,7,7.52,32.03,94,0,0,0,0,0
2024-04-16 22:00,22,4,1,1,29.3,49.3,0.0,6,7.67,36.5,91,0,0,0,0,0
2024-04-16 23:00,23,4,1,1,28.7,44.0,0.0,13,7.61,20.53,93,0,0,0,0,0
2024-04-17 00:00,0,4,2,1,24.3,48.7,0.0,25,8.46,8.73,100,0,0,0,0,0
2024-04-17 01:00,1,4,2,1,23.4,40.8,0.0,21,8.73,5.45,99,0,0,0,0,0
2024-04-17 02:00,2,4,2,1,24.5,43.6,0.0,9,8.53,9.31,100,0,0,0,0,0
2024-04-17 03:00,3,4,2,1,24.4,40.7,0.0,35,8.52,9.01,94,0,0,0,0,0
2024-04-17 04:00,4,4,2,1,23.6,35.2,0.0,14,8.42,7.01,100,0,0,0,0,0
2024-04-17 05:00,5,4,2,1,32.8,41.0,0.0,36,7.47,38.62,87,0,0,0,0,0
2024-04-17 06:00,6,4,2,1,35.0,36.5,3.6,31,7.59,59.98,82,0,0,0,0,0
2024-04-17 07:00,7,4,2,1,34.5,33.9,253.1,82,7.7,105.79,86,0,0,0,0,0
2024-04-17 08:00,8,4,2,1,37.1,44.7,434.4,669,7.53,232.64,74,0,0,0,0,0
2024-04-17 09:00,9,4,2,1,37.6,45.5,608.1,887,7.23,291.71,67,0,0,0,0,0
2024-04-17 10:00,10,4,2,1,37.7,41.0,803.8,981,7.28,339.03,66,0,0,0,0,0
2024-04-17 11:00,11,4,2,1,38.5,42.4,880.3,1037,7.36,363.83,65,0,0,0,0,0
2024-04-17 12:00,12,4,2,1,37.5,40.8,936.9,822,7.36,339.08,72,0,0,0,0,0
2024-04-17 13:00,13,4,2,1,37.3,48.6,942.4,945,7.22,359.94,73,0,0,0,0,0
2024-04-17 14:00,14,4,2,1,36.9,54.6,903.5,1285,7.46,397.0,67,0,0,0,0,0
2024-04-17 15:00,15,4,2,1,35.5,46.5,773.7,1109,7.55,340.26,71,0,0,0,0,0
2024-04-17 16:00,16,4,2,1,34.9,49.5,618.1,1042,7.74,301.68,73,0,0,0,0,0
2024-04-17 17:00,17,4,2,1,33.3,47.4,441.0,211,7.54,151.14,81,0,0,0,0,0
2024-04-17 18:00,18,4,2,1,28.9,54.7,195.2,370,7.58,113.78,88,0,0,0,0,0
2024-04-17 19:00,19,4,2,1,28.3,49.0,6.7,111,7.56,43.32,92,0,0,0,0,0
2024-04-17 20:00,20,4,2,1,29.0,53.6,0.0,185,7.43,53.22,91,0,0,0,0,0
2024-04-17 21:00,21,4,2,1,30.0,49.1,0.0,18,7.53,34.86,94,0,0,0,0,0
2024-04-17 22:00,22,4,2,1,29.4,51.1,0.0,12,7.24,35.92,90,0,0,0,0,0
2024-04-17 23:00,23,4,2,1,30.0,45.6,0.0,15,7.7,22.39,92,0,0,0,0,0
2024-04-18 00:00,0,4,3,1,22.8,42.1,0.0,10,8.42,5.0,94,0,0,0,1,0
2024-04-18 01:00,1,4,3,1,23.4,43.5,0.0,10,8.64,5.0,97,0,0,0,1,0
2024-04-18 02:00,2,4,3,1,22.8,43.1,0.0,29,8.46,8.26,95,0,0,0,1,0
2024-04-18 03:00,3,4,3,1,23.5,46.6,0.0,28,8.74,5.33,100,0,0,0,1,0
2024-04-18 04:00,4,4,3,1,23.6,37.6,0.0,7,8.26,9.39,94,0,0,0,1,0
2024-04-18 05:00,5,4,3,1,32.4,40.8,0.0,3,7.27,30.15,92,0,0,0,1,0
2024-04-18 06:00,6,4,3,1,34.7,35.5,13.8,28,7.74,59.37,81,0,0,0,1,0
2024-04-18 07:00,7,4,3,1,35.3,39.9,199.6,19,7.6,95.28,83,0,0,0,1,0
2024-04-18 08:00,8,4,3,1,35.8,35.9,423.6,67,7.45,138.56,82,0,0,0,1,0
2024-04-18 09:00,9,4,3,1,36.7,35.1,670.3,33,7.43,188.28,74,0,0,0,1,0
2024-04-18 10:00,10,4,3,1,38.6,40.6,786.3,76,7.78,223.26,72,0,0,0,1,0
2024-04-18 11:00,11,4,3,1,37.9,42.2,887.9,74,7.32,234.43,74,0,0,0,1,0
2024-04-18 12:00,12,4,3,1,37.6,46.8,915.7,25,7.24,233.7,79,0,0,0,1,0
2024-04-18 13:00,13,4,3,1,36.3,46.7,934.9,63,7.55,234.85,85,0,0,0,1,0
2024-04-18 14:00,14,4,3,1,36.5,46.1,868.9,99,7.34,231.91,81,0,0,0,1,0
2024-04-18 15:00,15,4,3,1,35.1,50.6,770.3,99,7.44,208.16,89,0,0,0,1,0
2024-04-18 16:00,16,4,3,1,34.5,49.2,628.9,29,7.51,164.6,89,0,0,0,1,0
2024-04-18 17:00,17,4,3,1,34.0,55.9,434.9,15,7.61,133.24,83,0,0,0,1,0
2024-04-18 18:00,18,4,3,1,27.9,51.3,227.6,6,7.33,66.72,93,0,0,0,1,0
2024-04-18 19:00,19,4,3,1,28.2,50.4,0.0,18,7.77,28.69,94,0,0,0,1,0
2024-04-18 20:00,20,4,3,1,28.0,45.9,0.0,23,7.43,30.64,92,0,0,0,1,0
2024-04-18 21:00,21,4,3,1,29.1,48.7,0.0,10,7.57,29.55,89,0,0,0,1,0
2024-04-18 22:00,22,4,3,1,29.4,46.9,0.0,15,7.37,31.31,88,0,0,0,1,0
2024-04-18 23:00,23,4,3,1,30.2,44.9,0.0,10,7.22,26.37,87,0,0,0,1,0
2024-04-19 00:00,0,4,4,1,22.4,42.0,0.0,19,8.59,5.0,99,0,0,0,1,0
2024-04-19 01:00,1,4,4,1,22.8,49.0,0.0,6,8.48,5.0,98,0,0,0,1,0
2024-04-19 02:00,2,4,4,1,24.1,36.3,0.0,22,8.6,7.19,97,0,0,0,1,0
2024-04-19 03:00,3,4,4,1,23.2,38.3,0.0,10,8.64,5.0,98,0,0,0,1,0
2024-04-19 04:00,4,4,4,1,24.1,41.1,0.0,0,8.6,10.69,97,0,0,0,1,0
2024-04-19 05:00,5,4,4,1,34.1,35.1,0.0,15,7.59,36.08,82,0,0,0,1,0
2024-04-19 06:00,6,4,4,1,34.1,37.0,0.0,3,7.53,57.2,83,0,0,0,1,0
2024-04-19 07:00,7,4,4,1,35.5,42.9,201.1,27,7.32,98.25,83,0,0,0,1,0
2024-04-19 08:00,8,4,4,1,36.8,38.5,412.9,89,7.39,147.73,81,0,0,0,1,0
2024-04-19 09:00,9,4,4,1,37.6,39.9,632.6,95,7.49,188.74,76,0,0,0,1,0
2024-04-19 10:00,10,4,4,1,37.2,37.9,754.7,107,7.61,212.47,80,0,0,0,1,0
2024-04-19 11:00,11,4,4,1,38.4,41.1,867.8,41,7.45,231.49,83,0,0,0,1,0
2024-04-19 12:00,12,4,4,1,36.7,41.8,922.3,72,7.46,235.72,82,0,0,0,1,0
2024-04-19 13:00,13,4,4,1,36.2,45.7,935.1,70,7.43,234.59,84,0,0,0,1,0
2024-04-19 14:00,14,4,4,1,37.0,43.8,905.7,56,7.58,232.84,82,0,0,0,1,0
2024-04-19 15:00,15,4,4,1,34.1,54.4,758.7,100,7.67,206.85,89,0,0,0,1,0
2024-04-19 16:00,16,4,4,1,34.3,50.8,608.6,17,7.47,161.11,81,0,0,0,1,0
2024-04-19 17:00,17,4,4,1,31.9,52.2,425.7,0,7.47,120.75,93,0,0,0,1,0
2024-04-19 18:00,18,4,4,1,28.3,55.4,248.0,13,7.48,79.71,96,0,0,0,1,0
2024-04-19 19:00,19,4,4,1,28.1,51.7,0.0,14,7.27,32.91,91,0,0,0,1,0
2024-04-19 20:00,20,4,4,1,29.1,56.3,0.0,6,7.4,34.34,88,0,0,0,1,0
2024-04-19 21:00,21,4,4,1,28.8,51.7,0.0,27,7.44,31.34,85,0,0,0,1,0
2024-04-19 22:00,22,4,4,1,29.4,48.6,0.0,5,7.57,26.78,91,0,0,0,1,0
2024-04-19 23:00,23,4,4,1,31.0,47.7,0.0,23,7.36,28.19,83,0,0,0,1,0
2024-04-20 00:00,0,4,5,0,23.1,42.6,0.0,29,8.66,9.04,100,0,0,0,1,0
2024-04-20 01:00,1,4,5,0,21.8,42.1,0.0,8,8.48,5.0,100,0,0,0,1,0
2024-04-20 02:00,2,4,5,0,23.8,41.6,0.0,5,8.69,8.07,93,0,0,0,1,0
2024-04-20 03:00,3,4,5,0,25.3,39.2,0.0,0,7.58,8.89,97,0,0,0,1,0
2024-04-20 04:00,4,4,5,0,24.8,35.4,0.0,11,8.54,7.68,98,0,0,0,1,0
2024-04-20 05:00,5,4,5,0,32.6,39.8,0.0,24,7.27,40.75,85,0,0,0,1,0
2024-04-20 06:00,6,4,5,0,35.6,40.1,0.0,25,7.35,64.66,84,0,0,0,1,0
2024-04-20 07:00,7,4,5,0,35.7,40.5,238.4,4,7.46,98.56,80,0,0,0,1,0
2024-04-20 08:00,8,4,5,0,36.6,38.7,469.0,53,7.55,152.4,84,0,0,0,1,0
2024-04-20 09:00,9,4,5,0,38.2,43.3,628.2,39,7.71,188.03,74,0,0,0,1,0
2024-04-20 10:00,10,4,5,0,39.0,40.2,764.8,50,7.6,217.77,74,0,0,0,1,0
2024-04-20 11:00,11,4,5,0,38.8,46.5,874.1,71,7.48,241.71,81,0,0,0,1,0
2024-04-20 12:00,12,4,5,0,38.4,43.5,954.9,53,7.54,245.85,72,0,0,0,1,0
2024-04-20 13:00,13,4,5,0,36.9,49.2,946.1,50,7.5,239.73,73,0,0,0,1,0
2024-04-20 14:00,14,4,5,0,37.0,45.8,924.4,83,7.32,238.94,76,0,0,0,1,0
2024-04-20 15:00,15,4,5,0,35.3,52.9,776.0,19,7.53,197.68,85,0,0,0,1,0
2024-04-20 16:00,16,4,5,0,34.8,53.8,619.1,21,7.7,168.01,78,0,0,0,1,0
2024-04-20 17:00,17,4,5,0,32.7,56.9,439.1,14,7.37,133.02,84,0,0,0,1,0
2024-04-20 18:00,18,4,5,0,28.0,50.2,200.7,20,7.43,66.63,100,0,0,0,1,0
2024-04-20 19:00,19,4,5,0,28.7,52.9,0.0,2,7.3,32.24,94,0,0,0,1,0
2024-04-20 20:00,20,4,5,0,28.2,51.8,0.0,14,7.25,31.39,93,0,0,0,1,0
2024-04-20 21:00,21,4,5,0,28.8,53.9,0.0,5,7.36,30.18,90,0,0,0,1,0
2024-04-20 22:00,22,4,5,0,29.3,51.1,0.0,18,7.42,35.51,94,0,0,0,1,0
2024-04-20 23:00,23,4,5,0,30.0,50.2,0.0,15,7.31,26.12,93,0,0,0,1,0
2024-04-21 00:00,0,4,6,0,23.0,49.1,0.0,19,8.35,5.54,98,0,0,0,1,0
2024-04-21 01:00,1,4,6,0,21.7,39.7,0.0,10,8.61,5.0,100,0,0,0,1,0
2024-04-21 02:00,2,4,6,0,23.6,38.8,0.0,0,8.57,5.0,100,0,0,0,1,0
2024-04-21 03:00,3,4,6,0,23.0,42.5,0.0,13,8.61,5.0,100,0,0,0,1,0
2024-04-21 04:00,4,4,6,0,23.4,40.4,0.0,3,8.52,5.0,98,0,0,0,1,0
2024-04-21 05:00,5,4,6,0,34.3,37.4,0.0,1,7.63,36.71,87,0,0,0,1,0
2024-04-21 06:00,6,4,6,0,33.5,35.6,10.1,20,7.63,51.39,88,0,0,0,1,0
2024-04-21 07:00,7,4,6,0,36.6,33.4,202.9,11,7.65,101.74,75,0,0,0,1,0
2024-04-21 08:00,8,4,6,0,35.8,37.4,432.3,60,7.21,145.52,86,0,0,0,1,0
2024-04-21 09:00,9,4,6,0,37.6,39.9,616.9,111,7.67,185.39,77,0,0,0,1,0
2024-04-21 10:00,10,4,6,0,38.1,41.6,778.8,74,7.7,216.56,79,0,0,0,1,0
2024-04-21 11:00,11,4,6,0,37.3,36.3,899.7,68,7.83,239.06,78,0,0,0,1,0
2024-04-21 12:00,12,4,6,0,37.8,43.8,962.9,46,7.46,243.28,85,0,0,0,1,0
2024-04-21 13:00,13,4,6,0,37.9,49.0,987.3,99,7.17,255.15,79,0,0,0,1,0
2024-04-21 14:00,14,4,6,0,37.6,47.4,834.8,83,7.35,229.35,84,0,0,0,1,0
2024-04-21 15:00,15,4,6,0,35.1,51.3,776.0,94,7.74,207.41,81,0,0,0,1,0
2024-04-21 16:00,16,4,6,0,34.7,55.1,649.4,21,7.46,182.1,85,0,0,0,1,0
2024-04-21 17:00,17,4,6,0,33.8,57.3,475.1,27,7.39,145.96,85,0,0,0,1,0
2024-04-21 18:00,18,4,6,0,28.4,56.7,247.9,7,7.46,76.45,93,0,0,0,1,0
2024-04-21 19:00,19,4,6,0,27.8,58.7,0.0,19,7.46,31.94,89,0,0,0,1,0
2024-04-21 20:00,20,4,6,0,29.2,55.1,0.0,6,7.87,32.88,89,0,0,0,1,0
2024-04-21 21:00,21,4,6,0,29.7,53.4,0.0,8,7.56,32.71,88,0,0,0,1,0
2024-04-21 22:00,22,4,6,0,29.9,55.3,0.0,16,7.44,42.43,86,0,0,0,1,0
2024-04-21 23:00,23,4,6,0,30.7,47.6,0.0,19,7.56,27.57,86,0,0,0,1,0
2024-04-22 00:00,0,4,0,1,22.5,43.8,0.0,8,8.52,5.0,100,0,0,0,0,0
2024-04-22 01:00,1,4,0,1,23.4,39.1,0.0,1,8.65,5.0,95,0,0,0,0,0
2024-04-22 02:00,2,4,0,1,23.3,40.2,0.0,17,8.13,6.67,100,0,0,0,0,0
2024-04-22 03:00,3,4,0,1,23.8,45.7,0.0,0,8.26,5.0,100,0,0,0,0,0
2024-04-22 04:00,4,4,0,1,22.8,36.8,0.0,7,8.64,5.0,97,0,0,0,0,0
2024-04-22 05:00,5,4,0,1,33.7,36.9,0.0,46,7.61,39.07,84,0,0,0,0,0
2024-04-22 06:00,6,4,0,1,34.7,32.9,0.0,39,7.53,59.05,90,0,0,0,0,0
2024-04-22 07:00,7,4,0,1,35.6,41.8,218.6,68,7.69,102.54,79,0,0,0,0,0
2024-04-22 08:00,8,4,0,1,37.1,35.9,449.0,737,7.48,241.14,70,0,0,0,0,0
2024-04-22 09:00,9,4,0,1,36.9,39.8,633.0,1202,7.58,336.01,70,0,0,0,0,0
2024-04-22 10:00,10,4,0,1,37.8,47.6,806.6,1331,7.26,381.85,59,0,0,0,0,0
2024-04-22 11:00,11,4,0,1,38.0,42.8,901.3,1354,7.75,404.15,64,0,0,0,0,0
2024-04-22 12:00,12,4,0,1,38.5,43.4,918.5,794,7.18,335.12,68,0,0,0,0,0
2024-04-22 13:00,13,4,0,1,37.4,47.3,928.8,647,7.64,317.27,74,0,0,0,0,0
2024-04-22 14:00,14,4,0,1,35.8,53.2,922.7,1089,7.4,370.07,69,0,0,0,0,0
2024-04-22 15:00,15,4,0,1,35.8,49.6,764.5,1203,7.33,351.68,69,0,0,0,0,0
2024-04-22 16:00,16,4,0,1,34.9,50.7,606.1,959,7.28,286.66,74,0,0,0,0,0
2024-04-22 17:00,17,4,0,1,31.7,53.7,431.8,516,7.49,188.71,79,0,0,0,0,0
2024-04-22 18:00,18,4,0,1,28.5,54.2,178.2,391,7.5,110.42,86,0,0,0,0,0
2024-04-22 19:00,19,4,0,1,28.7,55.3,5.2,97,7.52,45.57,93,0,0,0,0,0
2024-04-22 20:00,20,4,0,1,28.3,50.0,0.0,123,7.64,43.49,92,0,0,0,0,0
2024-04-22 21:00,21,4,0,1,28.6,51.2,0.0,45,7.63,37.07,89,0,0,0,0,0
2024-04-22 22:00,22,4,0,1,29.0,50.2,0.0,49,7.32,36.2,92,0,0,0,0,0
2024-04-22 23:00,23,4,0,1,30.5,48.4,0.0,59,7.51,31.03,86,0,0,0,0,0
2024-04-23 00:00,0,4,1,1,23.1,40.8,0.0,10,8.39,5.0,100,0,0,0,1,0
2024-04-23 01:00,1,4,1,1,23.8,44.1,0.0,6,8.83,8.01,99,0,0,0,1,0
2024-04-23 02:00,2,4,1,1,23.5,42.7,0.0,0,8.17,6.11,100,0,0,0,1,0
2024-04-23 03:00,3,4,1,1,23.0,37.2,0.0,17,8.51,8.52,95,0,0,0,1,0
2024-04-23 04:00,4,4,1,1,23.6,35.2,0.0,5,8.71,5.0,100,0,0,0,1,0
2024-04-23 05:00,5,4,1,1,33.6,42.3,0.0,19,7.66,35.3,87,0,0,0,1,0
2024-04-23 06:00,6,4,1,1,34.4,39.4,25.3,8,7.4,57.35,85,0,0,0,1,0
2024-04-23 07:00,7,4,1,1,35.7,33.2,242.1,1,7.27,97.38,86,0,0,0,1,0
2024-04-23 08:00,8,4,1,1,37.1,47.1,436.1,63,7.77,143.99,75,0,0,0,1,0
2024-04-23 09:00,9,4,1,1,37.2,37.1,615.5,72,7.71,185.12,79,0,0,0,1,0
2024-04-23 10:00,10,4,1,1,37.7,46.0,821.3,68,7.31,226.38,85,0,0,0,1,0
2024-04-23 11:00,11,4,1,1,37.2,43.5,882.2,49,7.24,226.23,85,0,0,0,1,0
2024-04-23 12:00,12,4,1,1,37.3,48.4,928.6,102,7.46,244.06,75,0,0,0,1,0
2024-04-23 13:00,13,4,1,1,36.6,48.1,950.1,69,7.39,241.74,79,0,0,0,1,0
2024-04-23 14:00,14,4,1,1,36.3,46.0,896.0,83,7.18,231.04,83,0,0,0,1,0
2024-04-23 15:00,15,4,1,1,34.9,51.4,798.4,70,7.57,211.53,84,0,0,0,1,0
2024-04-23 16:00,16,4,1,1,34.7,54.3,594.7,5,7.25,159.59,85,0,0,0,1,0
2024-04-23 17:00,17,4,1,1,32.7,49.2,440.2,22,7.16,127.15,91,0,0,0,1,0
2024-04-23 18:00,18,4,1,1,28.6,53.3,190.6,25,7.72,72.27,90,0,0,0,1,0
2024-04-23 19:00,19,4,1,1,29.0,52.6,7.8,16,7.32,35.29,96,0,0,0,1,0
2024-04-23 20:00,20,4,1,1,28.7,49.6,0.0,21,7.66,29.67,92,0,0,0,1,0
2024-04-23 21:00,21,4,1,1,28.4,47.9,0.0,10,7.53,25.21,94,0,0,0,1,0
2024-04-23 22:00,22,4,1,1,28.7,52.9,0.0,23,7.47,35.7,90,0,0,0,1,0
2024-04-23 23:00,23,4,1,1,30.3,45.0,0.0,28,7.29,28.5,96,0,0,0,1,0
2024-04-24 00:00,0,4,2,1,22.7,45.3,0.0,3,8.58,5.43,94,0,0,0,0,0
2024-04-24 01:00,1,4,2,1,23.0,45.1,0.0,15,8.56,5.0,98,0,0,0,0,0
2024-04-24 02:00,2,4,2,1,23.8,38.6,0.0,17,8.4,9.78,100,0,0,0,0,0
2024-04-24 03:00,3,4,2,1,23.9,44.3,0.0,25,8.71,6.66,100,0,0,0,0,0
2024-04-24 04:00,4,4,2,1,23.1,39.9,0.0,20,8.18,5.0,94,0,0,0,0,0
2024-04-24 05:00,5,4,2,1,32.6,39.9,0.0,43,7.54,39.62,88,0,0,0,0,0
2024-04-24 06:00,6,4,2,1,34.3,35.6,0.0,14,7.32,55.83,83,0,0,0,0,0
2024-04-24 07:00,7,4,2,1,35.9,36.8,219.7,114,7.6,110.1,79,0,0,0,0,0
2024-04-24 08:00,8,4,2,1,36.5,38.1,426.4,753,7.4,238.12,75,0,0,0,0,0
2024-04-24 09:00,9,4,2,1,37.7,41.9,618.7,1041,7.5,313.62,66,0,0,0,0,0
2024-04-24 10:00,10,4,2,1,37.3,41.1,756.6,1262,7.34,361.53,71,0,0,0,0,0
2024-04-24 11:00,11,4,2,1,39.1,42.3,890.7,1390,7.51,415.46,65,0,0,0,0,0
2024-04-24 12:00,12,4,2,1,38.2,43.5,911.9,914,7.62,346.32,74,0,0,0,0,0
2024-04-24 13:00,13,4,2,1,37.3,47.1,968.0,831,7.64,346.18,74,0,0,0,0,0
2024-04-24 14:00,14,4,2,1,36.8,48.7,937.8,1190,7.59,386.63,64,0,0,0,0,0
2024-04-24 15:00,15,4,2,1,34.7,48.2,789.7,1226,7.36,357.5,72,0,0,0,0,0
2024-04-24 16:00,16,4,2,1,34.9,48.5,660.8,1293,7.71,340.04,75,0,0,0,0,0
2024-04-24 17:00,17,4,2,1,32.7,53.9,456.5,465,7.76,191.88,81,0,0,0,0,0
2024-04-24 18:00,18,4,2,1,26.9,53.3,236.6,332,7.53,109.28,90,0,0,0,0,0
2024-04-24 19:00,19,4,2,1,28.6,48.2,20.5,176,7.46,58.02,90,0,0,0,0,0
2024-04-24 20:00,20,4,2,1,29.9,52.2,0.0,185,7.52,60.53,91,0,0,0,0,0
2024-04-24 21:00,21,4,2,1,29.0,50.7,0.0,15,7.63,29.94,93,0,0,0,0,0
2024-04-24 22:00,22,4,2,1,29.9,53.1,0.0,11,7.34,34.18,90,0,0,0,0,0
2024-04-24 23:00,23,4,2,1,29.1,49.9,0.0,14,7.23,26.33,93,0,0,0,0,0
2024-04-25 00:00,0,4,3,1,22.8,43.1,0.0,19,8.28,5.0,98,0,0,0,0,0
2024-04-25 01:00,1,4,3,1,23.6,46.2,0.0,22,8.24,6.0,97,0,0,0,0,0
2024-04-25 02:00,2,4,3,1,23.5,40.3,0.0,18,8.44,5.0,97,0,0,0,0,0
2024-04-25 03:00,3,4,3,1,23.7,37.9,0.0,3,8.37,6.27,97,0,0,0,0,0
2024-04-25 04:00,4,4,3,1,23.7,38.1,0.0,12,8.48,6.14,96,0,0,0,0,0
2024-04-25 05:00,5,4,3,1,33.5,43.5,0.0,48,7.6,39.98,83,0,0,0,0,0
2024-04-25 06:00,6,4,3,1,33.8,33.1,0.0,39,7.6,59.05,84,0,0,0,0,0
2024-04-25 07:00,7,4,3,1,35.6,39.6,212.7,120,7.63,113.24,79,0,0,0,0,0
2024-04-25 08:00,8,4,3,1,37.0,41.7,435.4,470,7.31,199.65,77,0,0,0,0,0
2024-04-25 09:00,9,4,3,1,36.7,42.3,666.7,1050,7.55,311.84,70,0,0,0,0,0
2024-04-25 10:00,10,4,3,1,38.0,38.8,785.7,1048,7.48,347.2,70,0,0,0,0,0
2024-04-25 11:00,11,4,3,1,37.9,43.3,886.0,1099,7.68,369.43,69,0,0,0,0,0
2024-04-25 12:00,12,4,3,1,37.7,48.3,934.0,857,7.42,344.34,70,0,0,0,0,0
2024-04-25 13:00,13,4,3,1,38.5,46.8,963.3,898,7.48,361.58,67,0,0,0,0,0
2024-04-25 14:00,14,4,3,1,35.8,50.1,856.8,1039,7.31,348.57,69,0,0,0,0,0
2024-04-25 15:00,15,4,3,1,35.8,54.7,813.9,955,7.46,331.41,70,0,0,0,0,0
2024-04-25 16:00,16,4,3,1,33.9,56.9,672.8,1319,7.75,342.75,67,0,0,0,0,0
2024-04-25 17:00,17,4,3,1,33.9,50.5,447.4,316,7.49,173.14,81,0,0,0,0,0
2024-04-25 18:00,18,4,3,1,29.2,50.9,240.7,328,7.57,115.49,88,0,0,0,0,0
2024-04-25 19:00,19,4,3,1,28.3,50.2,0.5,99,7.68,36.66,94,0,0,0,0,0
2024-04-25 20:00,20,4,3,1,29.0,53.1,0.0,54,7.51,40.93,90,0,0,0,0,0
2024-04-25 21:00,21,4,3,1,29.4,54.7,0.0,3,7.44,33.6,92,0,0,0,0,0
2024-04-25 22:00,22,4,3,1,29.5,52.2,0.0,28,7.44,35.0,86,0,0,0,0,0
2024-04-25 23:00,23,4,3,1,30.4,45.3,0.0,55,7.45,32.35,91,0,0,0,0,0
2024-04-26 00:00,0,4,4,1,23.8,47.3,0.0,13,8.66,7.68,100,0,0,0,0,0
2024-04-26 01:00,1,4,4,1,22.4,46.2,0.0,9,8.38,5.0,96,0,0,0,0,0
2024-04-26 02:00,2,4,4,1,23.5,39.3,0.0,27,8.54,5.0,99,0,0,0,0,0
2024-04-26 03:00,3,4,4,1,23.5,36.2,0.0,16,8.47,6.81,97,0,0,0,0,0
2024-04-26 04:00,4,4,4,1,24.7,36.7,0.0,6,8.57,10.32,98,0,0,0,0,0
2024-04-26 05:00,5,4,4,1,33.7,37.2,0.0,47,7.38,39.92,84,0,0,0,0,0
2024-04-26 06:00,6,4,4,1,34.3,37.2,0.0,14,7.6,51.89,84,0,0,0,0,0
2024-04-26 07:00,7,4,4,1,36.4,35.1,212.4,166,7.5,119.98,78,0,0,0,0,0
2024-04-26 08:00,8,4,4,1,37.1,37.9,397.1,565,7.33,211.4,71,0,0,0,0,0
2024-04-26 09:00,9,4,4,1,37.3,40.8,619.4,914,7.75,295.37,74,0,0,0,0,0
2024-04-26 10:00,10,4,4,1,37.1,43.5,771.6,1218,7.51,363.48,67,0,0,0,0,0
2024-04-26 11:00,11,4,4,1,38.1,42.5,905.8,1226,7.56,389.62,68,0,0,0,0,0
2024-04-26 12:00,12,4,4,1,38.7,43.3,904.3,634,7.5,316.49,68,0,0,0,0,0
2024-04-26 13:00,13,4,4,1,38.2,47.0,951.3,713,7.38,333.42,76,0,0,0,0,0
2024-04-26 14:00,14,4,4,1,36.6,47.1,914.5,1238,7.63,385.19,67,0,0,0,0,0
2024-04-26 15:00,15,4,4,1,36.8,48.7,787.7,1198,7.65,359.64,67,0,0,0,0,0
2024-04-26 16:00,16,4,4,1,34.2,49.5,607.8,1109,7.35,303.35,67,0,0,0,0,0
2024-04-26 17:00,17,4,4,1,33.0,52.0,424.5,561,7.54,197.21,79,0,0,0,0,0
2024-04-26 18:00,18,4,4,1,28.2,51.8,229.1,324,7.69,107.59,90,0,0,0,0,0
2024-04-26 19:00,19,4,4,1,29.3,56.1,0.0,109,7.68,43.51,89,0,0,0,0,0
2024-04-26 20:00,20,4,4,1,29.1,49.8,0.0,168,7.34,50.98,86,0,0,0,0,0
2024-04-26 21:00,21,4,4,1,29.0,51.0,0.0,31,7.37,33.08,93,0,0,0,0,0
2024-04-26 22:00,22,4,4,1,29.6,50.3,0.0,38,7.46,33.08,88,0,0,0,0,0
2024-04-26 23:00,23,4,4,1,31.0,44.7,0.0,18,7.53,25.16,92,0,0,0,0,0
2024-04-27 00:00,0,4,5,0,22.8,47.4,0.0,0,8.52,5.0,93,0,0,0,0,0
2024-04-27 01:00,1,4,5,0,24.4,43.9,0.0,0,8.6,8.08,100,0,0,0,0,0
2024-04-27 02:00,2,4,5,0,23.5,38.3,0.0,0,8.47,5.0,100,0,0,0,0,0
2024-04-27 03:00,3,4,5,0,23.3,38.6,0.0,0,8.59,5.0,99,0,0,0,0,0
2024-04-27 04:00,4,4,5,0,24.8,38.3,0.0,0,8.67,11.69,96,0,0,0,0,0
2024-04-27 05:00,5,4,5,0,32.4,36.7,0.0,0,7.3,29.35,89,0,0,0,0,0
2024-04-27 06:00,6,4,5,0,34.5,38.6,37.0,0,7.67,61.99,86,0,0,0,0,0
2024-04-27 07:00,7,4,5,0,35.6,38.9,231.5,0,7.4,101.55,79,0,0,0,0,0
2024-04-27 08:00,8,4,5,0,36.1,39.7,464.3,0,7.6,144.95,82,0,0,0,0,0
2024-04-27 09:00,9,4,5,0,36.8,43.1,636.3,174,7.6,202.0,78,0,0,0,0,0
2024-04-27 10:00,10,4,5,0,38.0,36.6,798.5,142,7.36,230.57,80,0,0,0,0,0
2024-04-27 11:00,11,4,5,0,38.3,41.4,852.8,75,7.61,234.94,77,0,0,0,0,0
2024-04-27 12:00,12,4,5,0,37.7,45.1,978.4,140,7.46,259.53,72,0,0,0,0,0
2024-04-27 13:00,13,4,5,0,37.6,45.9,926.8,95,7.31,246.37,78,0,0,0,0,0
2024-04-27 14:00,14,4,5,0,37.3,50.5,923.0,128,7.57,243.74,76,0,0,0,0,0
2024-04-27 15:00,15,4,5,0,36.2,55.4,774.4,80,7.53,211.69,76,0,0,0,0,0
2024-04-27 16:00,16,4,5,0,34.8,51.1,601.2,28,7.18,167.45,83,0,0,0,0,0
2024-04-27 17:00,17,4,5,0,32.5,57.8,454.6,99,7.3,141.8,86,0,0,0,0,0
2024-04-27 18:00,18,4,5,0,27.9,54.6,195.0,0,7.58,64.23,96,0,0,0,0,0
2024-04-27 19:00,19,4,5,0,28.8,51.2,19.4,0,7.29,33.29,92,0,0,0,0,0
2024-04-27 20:00,20,4,5,0,29.0,57.1,0.0,0,7.5,31.42,86,0,0,0,0,0
2024-04-27 21:00,21,4,5,0,29.1,47.9,0.0,0,7.41,31.15,92,0,0,0,0,0
2024-04-27 22:00,22,4,5,0,29.2,51.5,0.0,0,7.62,34.21,90,0,0,0,0,0
2024-04-27 23:00,23,4,5,0,29.7,47.4,0.0,0,7.4,24.8,94,0,0,0,0,0
2024-04-28 00:00,0,4,6,0,23.2,43.5,0.0,0,8.56,5.0,100,0,0,0,0,0
2024-04-28 01:00,1,4,6,0,24.8,42.5,0.0,0,8.42,8.22,97,0,0,0,0,0
2024-04-28 02:00,2,4,6,0,23.4,44.2,0.0,0,8.56,5.0,97,0,0,0,0,0
2024-04-28 03:00,3,4,6,0,24.5,43.8,0.0,0,8.55,5.0,100,0,0,0,0,0
2024-04-28 04:00,4,4,6,0,24.3,40.5,0.0,0,8.44,7.1,100,0,0,0,0,0
2024-04-28 05:00,5,4,6,0,33.5,43.7,0.0,0,7.74,34.74,83,0,0,0,0,0
2024-04-28 06:00,6,4,6,0,34.2,41.1,0.0,0,7.35,46.85,86,0,0,0,0,0
2024-04-28 07:00,7,4,6,0,34.9,40.0,237.4,0,7.42,93.75,82,0,0,0,0,0
2024-04-28 08:00,8,4,6,0,36.6,36.1,413.8,0,7.52,137.03,84,0,0,0,0,0
2024-04-28 09:00,9,4,6,0,37.0,37.0,595.3,175,7.53,190.5,78,0,0,0,0,0
2024-04-28 10:00,10,4,6,0,37.1,43.8,764.5,170,7.65,227.63,79,0,0,0,0,0
2024-04-28 11:00,11,4,6,0,38.0,41.2,891.5,52,7.73,231.71,74,0,0,0,0,0
2024-04-28 12:00,12,4,6,0,38.1,43.8,972.1,151,7.61,260.77,77,0,0,0,0,0
2024-04-28 13:00,13,4,6,0,37.1,47.0,972.0,126,7.36,253.47,80,0,0,0,0,0
2024-04-28 14:00,14,4,6,0,36.2,49.4,857.3,120,7.43,232.09,80,0,0,0,0,0
2024-04-28 15:00,15,4,6,0,35.6,51.7,781.5,33,7.29,199.5,83,0,0,0,0,0
2024-04-28 16:00,16,4,6,0,33.7,48.7,600.9,93,7.33,170.37,81,0,0,0,0,0
2024-04-28 17:00,17,4,6,0,32.7,54.4,427.7,26,7.3,129.59,88,0,0,0,0,0
2024-04-28 18:00,18,4,6,0,28.0,53.0,210.8,0,7.58,65.14,98,0,0,0,0,0
2024-04-28 19:00,19,4,6,0,28.4,48.8,0.0,0,7.47,30.78,94,0,0,0,0,0
2024-04-28 20:00,20,4,6,0,29.1,50.6,0.0,0,7.4,30.4,94,0,0,0,0,0
2024-04-28 21:00,21,4,6,0,29.6,47.3,0.0,0,7.58,29.98,92,0,0,0,0,0
2024-04-28 22:00,22,4,6,0,29.4,57.6,0.0,0,7.56,37.06,93,0,0,0,0,0
2024-04-28 23:00,23,4,6,0,30.0,48.0,0.0,0,7.41,23.12,89,0,0,0,0,0
2024-04-29 00:00,0,4,0,1,23.1,44.3,0.0,28,8.56,5.0,92,0,0,0,0,0
2024-04-29 01:00,1,4,0,1,24.4,35.4,0.0,10,8.62,9.46,95,0,0,0,0,0
2024-04-29 02:00,2,4,0,1,24.2,38.4,0.0,28,8.44,11.7,100,0,0,0,0,0
2024-04-29 03:00,3,4,0,1,23.8,34.0,0.0,12,8.53,7.01,93,0,0,0,0,0
2024-04-29 04:00,4,4,0,1,24.4,38.4,0.0,43,8.36,14.91,95,0,0,0,0,0
2024-04-29 05:00,5,4,0,1,32.7,41.6,0.0,23,7.61,37.17,89,0,0,0,0,0
2024-04-29 06:00,6,4,0,1,34.4,37.2,0.7,10,7.43,57.14,85,0,0,0,0,0
2024-04-29 07:00,7,4,0,1,36.4,36.4,230.2,145,7.74,122.09,82,0,0,0,0,0
2024-04-29 08:00,8,4,0,1,37.3,38.3,441.4,682,7.42,233.99,72,0,0,0,0,0
2024-04-29 09:00,9,4,0,1,37.2,39.3,627.9,1301,7.37,347.34,67,0,0,0,0,0
2024-04-29 10:00,10,4,0,1,38.2,33.5,795.0,1167,7.48,358.88,70,0,0,0,0,0
2024-04-29 11:00,11,4,0,1,38.7,43.1,889.7,1227,7.52,388.44,61,0,0,0,0,0
2024-04-29 12:00,12,4,0,1,37.6,42.8,935.2,757,7.63,331.42,75,0,0,0,0,0
2024-04-29 13:00,13,4,0,1,36.9,50.4,958.1,939,7.64,355.73,69,0,0,0,0,0
2024-04-29 14:00,14,4,0,1,36.2,51.6,868.6,1030,7.62,347.13,70,0,0,0,0,0
2024-04-29 15:00,15,4,0,1,35.9,51.6,807.6,955,7.6,329.13,68,0,0,0,0,0
2024-04-29 16:00,16,4,0,1,34.6,51.5,622.8,1213,7.57,325.52,70,0,0,0,0,0
2024-04-29 17:00,17,4,0,1,33.5,58.4,420.1,371,7.19,182.75,77,0,0,0,0,0
2024-04-29 18:00,18,4,0,1,28.7,53.5,228.5,278,7.39,107.8,85,0,0,0,0,0
2024-04-29 19:00,19,4,0,1,28.7,52.3,9.3,92,7.66,39.21,93,0,0,0,0,0
2024-04-29 20:00,20,4,0,1,28.8,57.7,0.0,191,7.27,56.82,93,0,0,0,0,0
2024-04-29 21:00,21,4,0,1,28.5,49.7,0.0,34,7.3,32.41,92,0,0,0,0,0
2024-04-29 22:00,22,4,0,1,30.6,49.4,0.0,8,7.62,33.34,84,0,0,0,0,0
2024-04-29 23:00,23,4,0,1,28.8,45.2,0.0,47,7.41,25.99,92,0,0,0,0,0
2024-04-30 00:00,0,4,1,1,23.0,42.9,0.0,17,8.53,5.0,100,0,0,0,0,0
2024-04-30 01:00,1,4,1,1,24.5,38.2,0.0,41,8.57,12.36,99,0,0,0,0,0
2024-04-30 02:00,2,4,1,1,23.4,43.9,0.0,25,8.41,11.31,100,0,0,0,0,0
2024-04-30 03:00,3,4,1,1,23.7,41.9,0.0,48,8.65,10.02,100,0,0,0,0,0
2024-04-30 04:00,4,4,1,1,24.4,38.8,0.0,43,8.39,12.47,96,0,0,0,0,0
2024-04-30 05:00,5,4,1,1,33.0,35.8,0.0,13,7.44,38.53,88,0,0,0,0,0
2024-04-30 06:00,6,4,1,1,33.6,38.8,0.0,41,7.47,49.27,82,0,0,0,0,0
2024-04-30 07:00,7,4,1,1,36.1,36.5,211.7,95,7.28,106.26,82,0,0,0,0,0
2024-04-30 08:00,8,4,1,1,35.8,37.2,440.3,705,7.67,228.77,73,0,0,0,0,0
2024-04-30 09:00,9,4,1,1,36.7,42.7,639.0,1290,7.56,342.87,69,0,0,0,0,0
2024-04-30 10:00,10,4,1,1,38.5,39.4,786.9,941,7.4,336.47,64,0,0,0,0,0
2024-04-30 11:00,11,4,1,1,37.0,40.4,865.5,1052,7.33,353.45,70,0,0,0,0,0
2024-04-30 12:00,12,4,1,1,37.0,44.7,920.8,841,7.6,336.22,72,0,0,0,0,0
2024-04-30 13:00,13,4,1,1,37.3,45.1,940.3,816,7.46,342.38,68,0,0,0,0,0
2024-04-30 14:00,14,4,1,1,36.0,47.0,899.0,1229,7.67,374.88,72,0,0,0,0,0
2024-04-30 15:00,15,4,1,1,36.1,56.4,793.1,1299,7.56,371.53,68,0,0,0,0,0
2024-04-30 16:00,16,4,1,1,33.4,54.6,632.3,1315,7.38,340.83,69,0,0,0,0,0
2024-04-30 17:00,17,4,1,1,33.4,56.1,436.4,286,7.67,164.89,86,0,0,0,0,0
2024-04-30 18:00,18,4,1,1,28.6,47.7,202.7,327,7.81,104.91,89,0,0,0,0,0
2024-04-30 19:00,19,4,1,1,29.2,56.7,15.9,161,7.48,57.34,90,0,0,0,0,0
2024-04-30 20:00,20,4,1,1,29.6,50.1,0.0,138,7.47,50.61,94,0,0,0,0,0
2024-04-30 21:00,21,4,1,1,29.4,49.2,0.0,18,7.48,32.22,92,0,0,0,0,0
2024-04-30 22:00,22,4,1,1,29.2,47.2,0.0,8,7.35,31.21,95,0,0,0,0,0
2024-04-30 23:00,23,4,1,1,30.5,50.4,0.0,52,7.34,30.78,89,0,0,0,0,0
2024-05-01 00:00,0,5,2,1,28.4,58.0,0.0,15,7.39,25.07,86,0,0,0,0,0
2024-05-01 01:00,1,5,2,1,28.0,54.0,0.0,5,7.5,18.55,95,0,0,0,0,0
2024-05-01 02:00,2,5,2,1,28.8,49.8,0.0,19,7.55,24.28,94,0,0,0,0,0
2024-05-01 03:00,3,5,2,1,29.0,46.8,0.0,48,7.64,26.11,90,0,0,0,0,0
2024-05-01 04:00,4,5,2,1,29.1,48.1,0.0,41,7.59,23.18,87,0,0,0,0,0
2024-05-01 05:00,5,5,2,1,38.5,46.5,0.0,25,7.7,52.09,73,0,0,0,0,0
2024-05-01 06:00,6,5,2,1,39.3,49.8,0.0,46,7.4,77.8,76,0,0,0,0,0
2024-05-01 07:00,7,5,2,1,40.2,41.6,239.9,148,6.83,139.54,71,0,0,0,0,0
2024-05-01 08:00,8,5,2,1,41.4,48.1,493.9,587,6.63,245.81,66,0,0,0,0,0
2024-05-01 09:00,9,5,2,1,42.3,48.8,682.1,1158,7.0,358.73,63,0,0,0,0,0
2024-05-01 10:00,10,5,2,1,43.6,49.4,839.3,1198,6.74,396.05,59,0,0,0,0,0
2024-05-01 11:00,11,5,2,1,43.9,49.5,955.0,1039,6.6,398.98,58,0,0,0,0,0
2024-05-01 12:00,12,5,2,1,42.1,50.0,1011.5,678,6.77,353.68,67,0,0,0,0,0
2024-05-01 13:00,13,5,2,1,43.0,59.8,1007.3,787,6.51,380.03,61,0,0,0,0,0
2024-05-01 14:00,14,5,2,1,41.5,66.2,955.1,1231,7.03,424.49,50,0,0,0,0,0
2024-05-01 15:00,15,5,2,1,40.9,57.7,830.3,1210,6.85,388.49,59,0,0,0,0,0
2024-05-01 16:00,16,5,2,1,39.8,64.3,634.9,1314,7.32,376.53,58,0,0,0,0,0
2024-05-01 17:00,17,5,2,1,37.9,61.9,439.9,219,7.61,182.16,74,0,0,0,0,0
2024-05-01 18:00,18,5,2,1,34.0,64.3,243.0,581,7.77,179.78,71,0,0,0,0,0
2024-05-01 19:00,19,5,2,1,34.7,62.4,0.4,179,7.67,88.55,79,0,0,0,0,0
2024-05-01 20:00,20,5,2,1,34.1,61.5,0.0,133,7.46,76.17,79,0,0,0,0,0
2024-05-01 21:00,21,5,2,1,34.5,61.6,0.0,54,7.28,62.21,77,0,0,0,0,0
2024-05-01 22:00,22,5,2,1,35.3,58.9,0.0,13,7.45,63.79,77,0,0,0,0,0
2024-05-01 23:00,23,5,2,1,35.2,52.5,0.0,59,7.81,48.92,80,0,0,0,0,0
2024-05-02 00:00,0,5,3,1,27.4,60.1,0.0,0,7.33,22.44,92,0,0,0,0,0
2024-05-02 01:00,1,5,3,1,27.5,49.3,0.0,45,7.76,23.11,99,0,0,0,0,0
2024-05-02 02:00,2,5,3,1,28.6,48.6,0.0,0,7.81,16.58,92,0,0,0,0,0
2024-05-02 03:00,3,5,3,1,29.1,50.3,0.0,19,7.59,23.47,90,0,0,0,0,0
2024-05-02 04:00,4,5,3,1,29.1,49.5,0.0,7,7.48,22.77,90,0,0,0,0,0
2024-05-02 05:00,5,5,3,1,37.1,45.9,0.0,34,7.57,45.58,82,0,0,0,0,0
2024-05-02 06:00,6,5,3,1,38.5,44.2,0.0,16,7.45,69.91,71,0,0,0,0,0
2024-05-02 07:00,7,5,3,1,40.0,43.6,218.8,273,6.7,147.11,75,0,0,0,0,0
2024-05-02 08:00,8,5,3,1,41.2,46.3,482.0,515,6.77,233.31,62,0,0,0,0,0
2024-05-02 09:00,9,5,3,1,43.0,49.1,658.1,1231,6.73,368.36,57,0,0,0,0,0
2024-05-02 10:00,10,5,3,1,42.2,47.9,834.7,1054,6.91,368.72,62,0,0,0,0,0
2024-05-02 11:00,11,5,3,1,43.2,49.7,960.6,943,6.94,381.83,62,0,0,0,0,0
2024-05-02 12:00,12,5,3,1,42.9,54.1,1020.1,857,7.11,386.63,58,0,0,0,0,0
2024-05-02 13:00,13,5,3,1,42.4,58.5,1021.2,786,6.68,377.22,61,0,0,0,0,0
2024-05-02 14:00,14,5,3,1,41.5,50.5,975.1,1113,6.86,403.35,60,0,0,0,0,0
2024-05-02 15:00,15,5,3,1,40.9,62.7,805.2,1263,6.88,396.48,58,0,0,0,0,0
2024-05-02 16:00,16,5,3,1,39.9,65.9,665.7,1266,7.73,368.37,55,0,0,0,0,0
2024-05-02 17:00,17,5,3,1,38.3,58.8,491.4,462,7.72,224.97,69,0,0,0,0,0
2024-05-02 18:00,18,5,3,1,34.0,59.9,276.8,557,7.51,176.89,75,0,0,0,0,0
2024-05-02 19:00,19,5,3,1,33.7,63.6,14.1,195,7.61,87.32,77,0,0,0,0,0
2024-05-02 20:00,20,5,3,1,33.9,56.1,0.0,92,7.42,66.41,83,0,0,0,0,0
2024-05-02 21:00,21,5,3,1,34.1,64.9,0.0,49,7.42,70.86,80,0,0,0,0,0
2024-05-02 22:00,22,5,3,1,34.2,59.9,0.0,3,7.62,53.96,82,0,0,0,0,0
2024-05-02 23:00,23,5,3,1,33.8,62.9,0.0,56,7.52,49.29,82,0,0,0,0,0
2024-05-03 00:00,0,5,4,1,27.8,52.2,0.0,28,7.59,16.86,90,0,0,0,0,0
2024-05-03 01:00,1,5,4,1,28.5,52.0,0.0,42,7.44,23.32,91,0,0,0,0,0
2024-05-03 02:00,2,5,4,1,27.9,50.6,0.0,8,7.42,21.53,94,0,0,0,0,0
2024-05-03 03:00,3,5,4,1,28.9,50.0,0.0,4,7.54,17.77,96,0,0,0,0,0
2024-05-03 04:00,4,5,4,1,29.5,50.0,0.0,14,7.26,26.27,86,0,0,0,0,0
2024-05-03 05:00,5,5,4,1,39.0,54.0,0.0,6,7.7,49.81,80,0,0,0,0,0
2024-05-03 06:00,6,5,4,1,39.3,47.9,0.0,43,7.58,78.76,81,0,0,0,0,0
2024-05-03 07:00,7,5,4,1,40.4,46.8,266.6,75,6.82,134.5,71,0,0,0,0,0
2024-05-03 08:00,8,5,4,1,41.5,49.0,495.2,695,6.96,264.83,70,0,0,0,0,0
2024-05-03 09:00,9,5,4,1,41.7,53.0,711.6,1113,6.5,358.62,60,0,0,0,0,0
2024-05-03 10:00,10,5,4,1,43.2,50.3,827.1,1194,6.82,396.79,60,0,0,0,0,0
2024-05-03 11:00,11,5,4,1,42.7,51.5,967.1,1369,6.79,439.07,60,0,0,0,0,0
2024-05-03 12:00,12,5,4,1,43.3,52.0,987.4,623,6.75,353.75,63,0,0,0,0,0
2024-05-03 13:00,13,5,4,1,43.3,63.1,998.7,744,6.82,372.51,58,0,0,0,0,0
2024-05-03 14:00,14,5,4,1,41.6,58.5,944.0,1208,7.0,415.45,56,0,0,0,0,0
2024-05-03 15:00,15,5,4,1,40.7,55.9,843.7,1357,6.52,412.98,57,0,0,0,0,0
2024-05-03 16:00,16,5,4,1,38.8,56.6,706.4,1188,7.61,358.46,67,0,0,0,0,0
2024-05-03 17:00,17,5,4,1,38.8,63.1,447.3,249,7.31,197.86,70,0,0,0,0,0
2024-05-03 18:00,18,5,4,1,33.3,60.1,218.2,220,7.71,126.13,72,0,0,0,0,0
2024-05-03 19:00,19,5,4,1,33.0,61.2,21.4,66,7.26,65.71,82,0,0,0,0,0
2024-05-03 20:00,20,5,4,1,33.8,58.5,0.0,61,7.56,59.07,80,0,0,0,0,0
2024-05-03 21:00,21,5,4,1,34.3,58.0,0.0,1,7.49,60.6,86,0,0,0,0,0
2024-05-03 22:00,22,5,4,1,34.0,57.5,0.0,59,7.6,65.22,84,0,0,0,0,0
2024-05-03 23:00,23,5,4,1,34.8,58.8,0.0,58,7.29,50.66,88,0,0,0,0,0
2024-05-04 00:00,0,5,5,0,27.0,57.3,0.0,0,7.12,21.53,92,0,0,0,0,0
2024-05-04 01:00,1,5,5,0,28.8,51.3,0.0,0,7.48,23.31,92,0,0,0,0,0
2024-05-04 02:00,2,5,5,0,29.2,54.1,0.0,0,7.35,23.6,93,0,0,0,0,0
2024-05-04 03:00,3,5,5,0,28.2,54.2,0.0,0,7.62,18.77,91,0,0,0,0,0
2024-05-04 04:00,4,5,5,0,28.9,54.8,0.0,0,7.34,22.69,90,0,0,0,0,0
2024-05-04 05:00,5,5,5,0,37.9,49.6,0.0,0,7.48,47.59,78,0,0,0,0,0
2024-05-04 06:00,6,5,5,0,39.4,44.6,17.4,0,7.05,77.79,77,0,0,0,0,0
2024-05-04 07:00,7,5,5,0,40.2,49.8,254.1,0,6.81,126.08,72,0,0,0,0,0
2024-05-04 08:00,8,5,5,0,42.1,44.1,442.4,0,6.71,163.12,72,0,0,0,0,0
2024-05-04 09:00,9,5,5,0,42.2,51.4,706.1,125,6.7,230.33,68,0,0,0,0,0
2024-05-04 10:00,10,5,5,0,43.3,55.5,869.7,136,6.7,267.02,66,0,0,0,0,0
2024-05-04 11:00,11,5,5,0,43.0,52.8,954.4,44,6.86,272.01,79,0,0,0,0,0
2024-05-04 12:00,12,5,5,0,42.4,55.3,1020.7,55,6.89,281.62,70,0,0,0,0,0
2024-05-04 13:00,13,5,5,0,41.7,58.0,1015.0,21,6.76,278.95,68,0,0,0,0,0
2024-05-04 14:00,14,5,5,0,42.0,63.1,1004.2,92,6.72,287.71,70,0,0,0,0,0
2024-05-04 15:00,15,5,5,0,41.6,58.2,869.5,77,6.69,248.2,74,0,0,0,0,0
2024-05-04 16:00,16,5,5,0,38.7,60.6,690.2,48,7.71,206.59,76,0,0,0,0,0
2024-05-04 17:00,17,5,5,0,38.7,63.0,491.4,155,7.48,191.97,76,0,0,0,0,0
2024-05-04 18:00,18,5,5,0,32.6,62.9,227.3,0,7.56,90.94,86,0,0,0,0,0
2024-05-04 19:00,19,5,5,0,34.1,64.4,30.4,0,7.44,65.29,78,0,0,0,0,0
2024-05-04 20:00,20,5,5,0,33.4,61.8,0.0,0,7.26,56.76,85,0,0,0,0,0
2024-05-04 21:00,21,5,5,0,34.3,60.7,0.0,0,7.6,57.94,87,0,0,0,0,0
2024-05-04 22:00,22,5,5,0,36.4,61.2,0.0,0,7.35,72.84,78,0,0,0,0,0
2024-05-04 23:00,23,5,5,0,34.9,55.7,0.0,0,7.69,43.78,83,0,0,0,0,0
2024-05-05 00:00,0,5,6,0,27.0,52.5,0.0,0,7.61,16.39,96,0,0,0,0,0
2024-05-05 01:00,1,5,6,0,28.5,58.4,0.0,0,7.16,24.04,92,0,0,0,0,0
2024-05-05 02:00,2,5,6,0,29.4,56.2,0.0,0,7.35,24.49,92,0,0,0,0,0
2024-05-05 03:00,3,5,6,0,29.4,50.7,0.0,0,7.63,25.1,90,0,0,0,0,0
2024-05-05 04:00,4,5,6,0,28.6,50.3,0.0,0,7.27,19.05,91,0,0,0,0,0
2024-05-05 05:00,5,5,6,0,37.5,44.6,0.0,0,7.4,47.93,80,0,0,0,0,0
2024-05-05 06:00,6,5,6,0,40.1,44.8,0.0,0,6.87,76.93,72,0,0,0,0,0
2024-05-05 07:00,7,5,6,0,38.9,50.2,255.3,0,7.43,115.36,80,0,0,0,0,0
2024-05-05 08:00,8,5,6,0,41.0,46.6,486.9,0,6.5,165.45,73,0,0,0,0,0
2024-05-05 09:00,9,5,6,0,42.3,54.0,680.3,100,6.85,223.1,71,0,0,0,0,0
2024-05-05 10:00,10,5,6,0,42.6,50.8,836.7,126,6.75,253.1,69,0,0,0,0,0
2024-05-05 11:00,11,5,6,0,42.8,57.7,956.7,69,6.75,276.51,72,0,0,0,0,0
2024-05-05 12:00,12,5,6,0,43.7,56.8,1035.5,120,6.53,295.98,66,0,0,0,0,0
2024-05-05 13:00,13,5,6,0,42.8,60.2,1017.7,96,6.79,290.8,69,0,0,0,0,0
2024-05-05 14:00,14,5,6,0,41.5,64.3,961.4,105,6.83,280.48,69,0,0,0,0,0
2024-05-05 15:00,15,5,6,0,39.7,57.7,852.6,107,7.57,243.37,70,0,0,0,0,0
2024-05-05 16:00,16,5,6,0,40.4,60.2,682.1,65,6.75,215.5,73,0,0,0,0,0
2024-05-05 17:00,17,5,6,0,38.3,62.6,471.0,20,7.5,163.88,73,0,0,0,0,0
2024-05-05 18:00,18,5,6,0,34.1,61.6,252.4,0,7.32,103.12,82,0,0,0,0,0
2024-05-05 19:00,19,5,6,0,33.5,59.6,0.0,0,7.54,57.4,84,0,0,0,0,0
2024-05-05 20:00,20,5,6,0,34.6,59.2,0.0,0,7.72,63.28,78,0,0,0,0,0
2024-05-05 21:00,21,5,6,0,34.5,61.9,0.0,0,7.36,62.73,84,0,0,0,0,0
2024-05-05 22:00,22,5,6,0,34.2,59.8,0.0,0,7.48,58.07,78,0,0,0,0,0
2024-05-05 23:00,23,5,6,0,33.7,59.4,0.0,0,7.32,40.48,89,0,0,0,0,0
2024-05-06 00:00,0,5,0,1,28.0,57.3,0.0,22,7.54,23.93,96,0,0,0,0,0
2024-05-06 01:00,1,5,0,1,28.5,50.2,0.0,12,7.41,18.09,91,0,0,0,0,0
2024-05-06 02:00,2,5,0,1,29.5,47.4,0.0,11,7.67,27.47,95,0,0,0,0,0
2024-05-06 03:00,3,5,0,1,28.6,50.7,0.0,31,7.52,22.64,96,0,0,0,0,0
2024-05-06 04:00,4,5,0,1,28.9,47.4,0.0,46,7.33,26.06,93,0,0,0,0,0
2024-05-06 05:00,5,5,0,1,38.4,45.0,0.0,37,7.47,51.94,80,0,0,0,0,0
2024-05-06 06:00,6,5,0,1,39.2,51.8,0.0,3,7.21,74.87,82,0,0,0,0,0
2024-05-06 07:00,7,5,0,1,40.4,46.3,222.4,165,6.73,134.9,67,0,0,0,0,0
2024-05-06 08:00,8,5,0,1,42.4,46.0,478.2,439,6.82,232.71,64,0,0,0,0,0
2024-05-06 09:00,9,5,0,1,43.5,44.6,710.4,1213,6.63,379.41,59,0,0,0,0,0
2024-05-06 10:00,10,5,0,1,41.9,49.5,815.5,1140,6.6,379.63,60,0,0,0,0,0
2024-05-06 11:00,11,5,0,1,43.3,56.8,929.3,1292,6.83,431.99,58,0,0,0,0,0
2024-05-06 12:00,12,5,0,1,43.1,55.8,987.3,743,6.72,368.1,63,0,0,0,0,0
2024-05-06 13:00,13,5,0,1,42.4,51.3,1014.8,938,7.09,397.06,58,0,0,0,0,0
2024-05-06 14:00,14,5,0,1,42.0,53.3,982.4,1229,6.83,425.46,64,0,0,0,0,0
2024-05-06 15:00,15,5,0,1,40.4,57.4,831.8,1132,6.58,380.04,59,0,0,0,0,0
2024-05-06 16:00,16,5,0,1,39.4,64.9,662.1,1308,7.39,373.31,58,0,0,0,0,0
2024-05-06 17:00,17,5,0,1,37.3,61.0,485.9,429,7.39,217.34,70,0,0,0,0,0
2024-05-06 18:00,18,5,0,1,34.2,63.1,269.0,259,7.19,144.39,79,0,0,0,0,0
2024-05-06 19:00,19,5,0,1,33.4,63.6,15.8,127,7.78,78.39,78,0,0,0,0,0
2024-05-06 20:00,20,5,0,1,33.4,63.3,0.0,170,7.48,80.19,81,0,0,0,0,0
2024-05-06 21:00,21,5,0,1,34.5,51.0,0.0,8,7.22,52.57,89,0,0,0,0,0
2024-05-06 22:00,22,5,0,1,34.8,60.6,0.0,52,7.34,67.69,78,0,0,0,0,0
2024-05-06 23:00,23,5,0,1,35.2,53.7,0.0,51,7.38,48.44,78,0,0,0,0,0
2024-05-07 00:00,0,5,1,1,27.2,55.3,0.0,6,7.53,14.9,90,0,0,0,0,0
2024-05-07 01:00,1,5,1,1,27.9,60.3,0.0,10,7.31,28.3,95,0,0,0,0,0
2024-05-07 02:00,2,5,1,1,29.2,56.7,0.0,23,7.51,25.97,95,0,0,0,0,0
2024-05-07 03:00,3,5,1,1,28.5,55.1,0.0,12,7.48,22.63,94,0,0,0,0,0
2024-05-07 04:00,4,5,1,1,29.1,45.4,0.0,35,7.8,25.34,95,0,0,0,0,0
2024-05-07 05:00,5,5,1,1,39.5,47.4,0.0,30,7.59,58.25,80,0,0,0,0,0
2024-05-07 06:00,6,5,1,1,39.2,48.0,26.4,37,7.47,83.15,79,0,0,0,0,0
2024-05-07 07:00,7,5,1,1,41.0,47.2,246.2,242,6.9,160.8,68,0,0,0,0,0
2024-05-07 08:00,8,5,1,1,41.1,49.4,527.7,497,6.82,242.95,72,0,0,0,0,0
2024-05-07 09:00,9,5,1,1,41.5,54.7,704.5,1135,6.67,359.62,60,0,0,0,0,0
2024-05-07 10:00,10,5,1,1,43.0,48.0,826.5,1217,6.81,392.53,57,0,0,0,0,0
2024-05-07 11:00,11,5,1,1,42.1,53.5,952.1,1188,6.75,418.78,57,0,0,0,0,0
2024-05-07 12:00,12,5,1,1,42.0,50.7,1048.3,732,6.9,372.39,60,0,0,0,0,0
2024-05-07 13:00,13,5,1,1,41.9,60.8,996.6,761,6.91,372.14,60,0,0,0,0,0
2024-05-07 14:00,14,5,1,1,42.2,59.4,976.0,1084,6.62,405.85,61,0,0,0,0,0
2024-05-07 15:00,15,5,1,1,40.8,61.9,873.6,1064,6.99,383.43,63,0,0,0,0,0
2024-05-07 16:00,16,5,1,1,39.0,61.4,669.0,1143,7.78,348.85,64,0,0,0,0,0
2024-05-07 17:00,17,5,1,1,37.2,65.0,443.9,364,7.34,198.97,71,0,0,0,0,0
2024-05-07 18:00,18,5,1,1,32.5,62.3,223.3,252,7.7,131.91,85,0,0,0,0,0
2024-05-07 19:00,19,5,1,1,33.3,64.0,0.0,132,7.33,72.58,81,0,0,0,0,0
2024-05-07 20:00,20,5,1,1,33.9,66.1,0.0,55,7.87,70.88,76,0,0,0,0,0
2024-05-07 21:00,21,5,1,1,33.9,59.6,0.0,35,7.52,59.89,83,0,0,0,0,0
2024-05-07 22:00,22,5,1,1,34.0,59.5,0.0,52,7.7,61.72,81,0,0,0,0,0
2024-05-07 23:00,23,5,1,1,34.7,59.0,0.0,39,7.63,49.48,83,0,0,0,0,0
2024-05-08 00:00,0,5,2,1,29.0,55.6,0.0,14,7.48,23.51,90,0,0,0,0,0
2024-05-08 01:00,1,5,2,1,28.7,53.2,0.0,16,7.6,21.6,92,0,0,0,0,0
2024-05-08 02:00,2,5,2,1,27.1,55.5,0.0,28,7.53,21.43,100,0,0,0,0,0
2024-05-08 03:00,3,5,2,1,29.2,46.8,0.0,0,7.38,18.3,97,0,0,0,0,0
2024-05-08 04:00,4,5,2,1,30.3,46.7,0.0,6,7.29,23.36,94,0,0,0,0,0
2024-05-08 05:00,5,5,2,1,38.1,48.5,0.0,4,7.63,47.35,82,0,0,0,0,0
2024-05-08 06:00,6,5,2,1,39.9,46.6,0.0,18,7.34,79.84,75,0,0,0,0,0
2024-05-08 07:00,7,5,2,1,40.3,51.2,226.8,237,6.61,148.45,75,0,0,0,0,0
2024-05-08 08:00,8,5,2,1,41.4,49.7,432.4,539,6.84,229.74,66,0,0,0,0,0
2024-05-08 09:00,9,5,2,1,41.8,47.6,670.6,1108,6.84,345.94,59,0,0,0,0,0
2024-05-08 10:00,10,5,2,1,43.1,53.7,808.6,1362,6.99,412.95,54,0,0,0,0,0
2024-05-08 11:00,11,5,2,1,43.8,46.5,939.4,1296,6.78,431.48,58,0,0,0,0,0
2024-05-08 12:00,12,5,2,1,42.9,55.7,1018.6,838,6.8,386.77,61,0,0,0,0,0
2024-05-08 13:00,13,5,2,1,42.7,59.2,1017.3,762,6.79,376.54,61,0,0,0,0,0
2024-05-08 14:00,14,5,2,1,42.9,59.1,965.0,1326,6.83,440.43,51,0,0,0,0,0
2024-05-08 15:00,15,5,2,1,39.9,58.1,843.0,1400,7.83,415.41,62,0,0,0,0,0
2024-05-08 16:00,16,5,2,1,40.6,65.3,712.1,1312,6.79,389.65,54,0,0,0,0,0
2024-05-08 17:00,17,5,2,1,38.1,60.3,437.8,526,7.55,220.17,72,0,0,0,0,0
2024-05-08 18:00,18,5,2,1,32.5,63.6,233.9,529,7.73,169.52,78,0,0,0,0,0
2024-05-08 19:00,19,5,2,1,33.9,67.9,8.4,69,7.68,76.2,78,0,0,0,0,0
2024-05-08 20:00,20,5,2,1,34.3,60.8,0.0,79,7.55,73.52,79,0,0,0,0,0
2024-05-08 21:00,21,5,2,1,35.0,63.3,0.0,42,7.38,71.42,78,0,0,0,0,0
2024-05-08 22:00,22,5,2,1,34.8,54.5,0.0,20,7.34,54.47,83,0,0,0,0,0
2024-05-08 23:00,23,5,2,1,34.1,59.1,0.0,2,7.46,41.47,86,0,0,0,0,0
2024-05-09 00:00,0,5,3,1,26.3,52.2,0.0,46,7.58,17.27,97,0,0,0,0,0
2024-05-09 01:00,1,5,3,1,29.8,51.3,0.0,37,7.51,29.77,88,0,0,0,0,0
2024-05-09 02:00,2,5,3,1,29.6,51.7,0.0,5,7.8,24.75,92,0,0,0,0,0
2024-05-09 03:00,3,5,3,1,29.7,50.0,0.0,49,7.6,26.46,92,0,0,0,0,0
2024-05-09 04:00,4,5,3,1,28.2,47.4,0.0,27,7.65,20.14,90,0,0,0,0,0
2024-05-09 05:00,5,5,3,1,37.0,49.3,0.0,42,7.42,47.95,79,0,0,0,0,0
2024-05-09 06:00,6,5,3,1,39.4,41.0,0.0,41,7.35,75.21,78,0,0,0,0,0
2024-05-09 07:00,7,5,3,1,40.5,44.5,241.4,55,6.9,133.9,74,0,0,0,0,0
2024-05-09 08:00,8,5,3,1,42.0,48.5,512.6,608,6.71,252.25,63,0,0,0,0,0
2024-05-09 09:00,9,5,3,1,42.5,50.2,692.9,1071,6.77,352.89,58,0,0,0,0,0
2024-05-09 10:00,10,5,3,1,44.0,55.1,863.4,1063,6.99,386.52,58,0,0,0,0,0
2024-05-09 11:00,11,5,3,1,42.1,49.1,987.5,986,6.71,396.71,68,0,0,0,0,0
2024-05-09 12:00,12,5,3,1,43.3,52.3,997.1,772,6.94,372.09,58,0,0,0,0,0
2024-05-09 13:00,13,5,3,1,42.5,62.7,1029.1,773,7.07,382.04,65,0,0,0,0,0
2024-05-09 14:00,14,5,3,1,42.2,59.2,983.1,1044,7.05,403.67,55,0,0,0,0,0
2024-05-09 15:00,15,5,3,1,41.0,62.5,840.0,1030,6.65,372.87,59,0,0,0,0,0
2024-05-09 16:00,16,5,3,1,38.7,63.5,682.2,1373,7.52,381.0,66,0,0,0,0,0
2024-05-09 17:00,17,5,3,1,37.4,64.4,465.4,391,7.39,211.92,71,0,0,0,0,0
2024-05-09 18:00,18,5,3,1,33.5,63.5,214.2,405,7.38,149.79,79,0,0,0,0,0
2024-05-09 19:00,19,5,3,1,33.3,66.0,0.0,150,7.64,77.29,81,0,0,0,0,0
2024-05-09 20:00,20,5,3,1,33.3,63.5,0.0,154,7.79,80.11,76,0,0,0,0,0
2024-05-09 21:00,21,5,3,1,34.1,57.2,0.0,42,7.67,61.96,85,0,0,0,0,0
2024-05-09 22:00,22,5,3,1,34.4,62.3,0.0,45,7.25,66.51,75,0,0,0,0,0
2024-05-09 23:00,23,5,3,1,35.5,53.1,0.0,55,7.53,47.39,82,0,0,0,0,0
2024-05-10 00:00,0,5,4,1,28.5,52.0,0.0,7,7.53,23.72,91,0,0,0,0,0
2024-05-10 01:00,1,5,4,1,28.7,54.8,0.0,49,7.51,25.76,88,0,0,0,0,0
2024-05-10 02:00,2,5,4,1,29.2,50.3,0.0,38,7.52,22.88,91,0,0,0,0,0
2024-05-10 03:00,3,5,4,1,28.3,51.1,0.0,15,7.89,22.01,93,0,0,0,0,0
2024-05-10 04:00,4,5,4,1,28.4,49.5,0.0,28,7.37,24.41,89,0,0,0,0,0
2024-05-10 05:00,5,5,4,1,38.1,45.0,0.0,44,7.82,52.12,77,0,0,0,0,0
2024-05-10 06:00,6,5,4,1,39.6,50.9,0.0,15,7.58,73.09,76,0,0,0,0,0
2024-05-10 07:00,7,5,4,1,40.5,43.1,215.7,256,6.64,147.29,72,0,0,0,0,0
2024-05-10 08:00,8,5,4,1,41.3,45.8,449.4,661,6.92,245.46,64,0,0,0,0,0
2024-05-10 09:00,9,5,4,1,42.0,47.7,679.4,1234,6.63,368.51,63,0,0,0,0,0
2024-05-10 10:00,10,5,4,1,42.8,51.1,816.1,885,6.79,351.65,58,0,0,0,0,0
2024-05-10 11:00,11,5,4,1,42.7,54.8,937.4,1223,6.61,414.59,64,0,0,0,0,0
2024-05-10 12:00,12,5,4,1,43.2,58.1,1028.4,890,6.82,391.25,63,0,0,0,0,0
2024-05-10 13:00,13,5,4,1,43.6,61.2,1024.0,837,6.97,390.07,64,0,0,0,0,0
2024-05-10 14:00,14,5,4,1,41.2,59.8,960.5,1138,6.71,405.59,58,0,0,0,0,0
2024-05-10 15:00,15,5,4,1,40.9,59.6,817.7,1001,6.81,364.86,61,0,0,0,0,0
2024-05-10 16:00,16,5,4,1,38.7,65.3,705.3,1069,7.24,350.85,61,0,0,0,0,0
2024-05-10 17:00,17,5,4,1,38.0,66.5,484.4,276,7.39,208.09,74,0,0,0,0,0
2024-05-10 18:00,18,5,4,1,32.6,58.3,279.4,434,7.52,156.9,77,0,0,0,0,0
2024-05-10 19:00,19,5,4,1,32.9,64.2,0.0,132,7.59,75.8,83,0,0,0,0,0
2024-05-10 20:00,20,5,4,1,34.3,60.8,0.0,56,7.53,69.56,83,0,0,0,0,0
2024-05-10 21:00,21,5,4,1,33.1,61.9,0.0,40,7.65,63.95,84,0,0,0,0,0
2024-05-10 22:00,22,5,4,1,34.0,57.9,0.0,49,7.61,64.42,81,0,0,0,0,0
2024-05-10 23:00,23,5,4,1,34.7,63.2,0.0,41,7.53,51.34,75,0,0,0,0,0
2024-05-11 00:00,0,5,5,0,28.0,50.9,0.0,0,7.36,20.76,93,0,0,0,0,0
2024-05-11 01:00,1,5,5,0,28.9,52.2,0.0,0,7.21,18.09,90,0,0,0,0,0
2024-05-11 02:00,2,5,5,0,27.9,49.4,0.0,0,7.34,15.7,87,0,0,0,0,0
2024-05-11 03:00,3,5,5,0,28.6,46.0,0.0,0,7.37,18.37,94,0,0,0,0,0
2024-05-11 04:00,4,5,5,0,29.8,49.7,0.0,0,7.13,21.86,90,0,0,0,0,0
2024-05-11 05:00,5,5,5,0,37.4,43.1,0.0,0,7.8,46.64,80,0,0,0,0,0
2024-05-11 06:00,6,5,5,0,39.3,42.5,0.0,0,7.56,74.23,74,0,0,0,0,0
2024-05-11 07:00,7,5,5,0,41.2,49.3,259.4,0,7.14,131.61,77,0,0,0,0,0
2024-05-11 08:00,8,5,5,0,41.2,50.1,462.6,0,6.67,163.26,74,0,0,0,0,0
2024-05-11 09:00,9,5,5,0,43.1,49.6,678.0,160,6.89,230.4,72,0,0,0,0,0
2024-05-11 10:00,10,5,5,0,42.3,49.9,832.7,160,6.9,254.51,68,0,0,0,0,0
2024-05-11 11:00,11,5,5,0,42.1,50.3,956.5,81,6.81,269.07,73,0,0,0,0,0
2024-05-11 12:00,12,5,5,0,42.8,57.5,1014.7,91,6.9,286.33,71,0,0,0,0,0
2024-05-11 13:00,13,5,5,0,42.7,54.9,1025.9,113,6.8,290.3,64,0,0,0,0,0
2024-05-11 14:00,14,5,5,0,41.5,59.7,967.0,48,6.63,272.27,70,0,0,0,0,0
2024-05-11 15:00,15,5,5,0,40.9,61.2,859.0,71,6.97,251.28,64,0,0,0,0,0
2024-05-11 16:00,16,5,5,0,39.3,61.9,699.7,51,7.43,218.48,75,0,0,0,0,0
2024-05-11 17:00,17,5,5,0,38.2,64.7,476.8,49,7.53,175.54,74,0,0,0,0,0
2024-05-11 18:00,18,5,5,0,32.8,62.9,257.6,0,7.36,102.21,89,0,0,0,0,0
2024-05-11 19:00,19,5,5,0,34.3,62.5,7.5,0,7.46,61.41,78,0,0,0,0,0
2024-05-11 20:00,20,5,5,0,33.8,61.6,0.0,0,7.59,55.3,82,0,0,0,0,0
2024-05-11 21:00,21,5,5,0,34.1,59.9,0.0,0,7.45,60.81,87,0,0,0,0,0
2024-05-11 22:00,22,5,5,0,33.8,60.2,0.0,0,7.44,61.17,82,0,0,0,0,0
2024-05-11 23:00,23,5,5,0,34.2,57.5,0.0,0,7.61,43.37,80,0,0,0,0,0
2024-05-12 00:00,0,5,6,0,28.0,53.1,0.0,0,7.38,19.64,93,0,0,0,0,0
2024-05-12 01:00,1,5,6,0,27.5,52.3,0.0,0,7.4,19.46,92,0,0,0,0,0
2024-05-12 02:00,2,5,6,0,28.6,55.5,0.0,0,7.58,21.23,95,0,0,0,0,0
2024-05-12 03:00,3,5,6,0,29.4,53.3,0.0,0,7.4,25.08,91,0,0,0,0,0
2024-05-12 04:00,4,5,6,0,29.4,46.9,0.0,0,7.39,25.11,91,0,0,0,0,0
2024-05-12 05:00,5,5,6,0,38.5,44.1,0.0,0,7.36,50.37,75,0,0,0,0,0
2024-05-12 06:00,6,5,6,0,39.8,48.8,37.3,0,7.43,82.59,80,0,0,0,0,0
2024-05-12 07:00,7,5,6,0,40.4,46.3,215.2,0,6.88,117.85,84,0,0,0,0,0
2024-05-12 08:00,8,5,6,0,41.3,44.0,461.4,0,6.68,161.62,69,0,0,0,0,0
2024-05-12 09:00,9,5,6,0,41.4,47.5,680.5,47,6.98,208.92,69,0,0,0,0,0
2024-05-12 10:00,10,5,6,0,42.1,47.0,806.5,85,6.65,240.92,69,0,0,0,0,0
2024-05-12 11:00,11,5,6,0,43.0,49.6,954.3,57,6.79,266.52,66,0,0,0,0,0
2024-05-12 12:00,12,5,6,0,42.8,60.4,1032.9,62,6.97,288.34,67,0,0,0,0,0
2024-05-12 13:00,13,5,6,0,41.9,58.6,1033.1,71,6.89,287.48,77,0,0,0,0,0
2024-05-12 14:00,14,5,6,0,41.6,58.2,892.6,155,6.8,267.67,68,0,0,0,0,0
2024-05-12 15:00,15,5,6,0,40.6,60.2,823.1,115,6.81,253.11,70,0,0,0,0,0
2024-05-12 16:00,16,5,6,0,38.1,65.0,696.7,91,7.65,216.58,73,0,0,0,0,0
2024-05-12 17:00,17,5,6,0,37.5,58.5,425.4,120,7.53,164.99,77,0,0,0,0,0
2024-05-12 18:00,18,5,6,0,31.7,65.2,227.4,0,7.6,91.19,75,0,0,0,0,0
2024-05-12 19:00,19,5,6,0,32.9,67.1,35.2,0,7.57,62.84,80,0,0,0,0,0
2024-05-12 20:00,20,5,6,0,33.5,60.9,0.0,0,7.69,57.19,79,0,0,0,0,0
2024-05-12 21:00,21,5,6,0,33.7,58.4,0.0,0,7.51,53.72,80,0,0,0,0,0
2024-05-12 22:00,22,5,6,0,34.9,58.0,0.0,0,7.59,57.65,82,0,0,0,0,0
2024-05-12 23:00,23,5,6,0,35.3,55.8,0.0,0,7.61,41.83,85,0,0,0,0,0
2024-05-13 00:00,0,5,0,1,27.3,54.9,0.0,1,7.49,14.15,90,0,0,0,0,0
2024-05-13 01:00,1,5,0,1,27.9,54.1,0.0,7,7.66,22.72,90,0,0,0,0,0
2024-05-13 02:00,2,5,0,1,27.6,45.7,0.0,27,7.38,17.43,96,0,0,0,0,0
2024-05-13 03:00,3,5,0,1,28.2,53.3,0.0,21,7.62,23.73,97,0,0,0,0,0
2024-05-13 04:00,4,5,0,1,29.1,49.2,0.0,23,7.36,26.98,94,0,0,0,0,0
2024-05-13 05:00,5,5,0,1,37.4,46.5,0.0,31,7.35,52.83,74,0,0,0,0,0
2024-05-13 06:00,6,5,0,1,39.3,47.9,9.8,34,7.4,79.41,72,0,0,0,0,0
2024-05-13 07:00,7,5,0,1,40.9,48.0,283.4,104,6.75,141.48,72,0,0,0,0,0
2024-05-13 08:00,8,5,0,1,41.2,50.4,481.1,599,6.71,244.01,60,0,0,0,0,0
2024-05-13 09:00,9,5,0,1,42.0,49.2,657.0,992,6.75,328.03,58,0,0,0,0,0
2024-05-13 10:00,10,5,0,1,43.7,49.2,875.6,1035,7.07,384.21,59,0,0,0,0,0
2024-05-13 11:00,11,5,0,1,43.3,52.5,977.8,894,7.04,386.87,65,0,0,0,0,0
2024-05-13 12:00,12,5,0,1,42.5,54.8,995.4,632,6.6,350.71,69,0,0,0,0,0
2024-05-13 13:00,13,5,0,1,42.4,57.4,1011.8,946,6.7,397.85,59,0,0,0,0,0
2024-05-13 14:00,14,5,0,1,40.9,60.7,924.4,1278,6.99,424.63,54,0,0,0,0,0
2024-05-13 15:00,15,5,0,1,39.9,60.9,843.8,1208,7.56,391.15,62,0,0,0,0,0
2024-05-13 16:00,16,5,0,1,39.5,66.1,647.4,1010,7.45,330.62,60,0,0,0,0,0
2024-05-13 17:00,17,5,0,1,37.8,65.5,505.4,481,7.59,232.85,67,0,0,0,0,0
2024-05-13 18:00,18,5,0,1,34.0,60.9,250.5,254,7.5,135.44,84,0,0,0,0,0
2024-05-13 19:00,19,5,0,1,34.2,59.3,22.3,115,7.45,74.19,80,0,0,0,0,0
2024-05-13 20:00,20,5,0,1,32.7,63.7,0.0,124,7.55,66.34,86,0,0,0,0,0
2024-05-13 21:00,21,5,0,1,34.3,62.3,0.0,50,7.6,65.62,85,0,0,0,0,0
2024-05-13 22:00,22,5,0,1,34.6,57.0,0.0,52,7.63,65.01,79,0,0,0,0,0
2024-05-13 23:00,23,5,0,1,34.5,59.3,0.0,50,7.55,49.19,77,0,0,0,0,0
2024-05-14 00:00,0,5,1,1,27.4,54.0,0.0,17,7.34,22.27,92,0,0,0,0,0
2024-05-14 01:00,1,5,1,1,26.2,58.0,0.0,18,7.34,15.94,93,0,0,0,0,0
2024-05-14 02:00,2,5,1,1,29.0,50.4,0.0,17,7.45,22.5,93,0,0,0,0,0
2024-05-14 03:00,3,5,1,1,28.6,48.7,0.0,31,7.61,22.7,91,0,0,0,0,0
2024-05-14 04:00,4,5,1,1,29.0,44.4,0.0,36,7.49,24.77,87,0,0,0,0,0
2024-05-14 05:00,5,5,1,1,37.4,51.8,0.0,26,7.31,53.65,81,0,0,0,0,0
2024-05-14 06:00,6,5,1,1,39.9,44.0,0.0,35,7.5,78.65,75,0,0,0,0,0
2024-05-14 07:00,7,5,1,1,40.5,44.1,248.6,173,6.9,140.55,76,0,0,0,0,0
2024-05-14 08:00,8,5,1,1,43.1,47.2,432.2,763,7.02,262.07,63,0,0,0,0,0
2024-05-14 09:00,9,5,1,1,43.2,51.4,700.0,1356,6.74,392.14,54,0,0,0,0,0
2024-05-14 10:00,10,5,1,1,42.9,54.4,833.1,895,6.73,353.91,59,0,0,0,0,0
2024-05-14 11:00,11,5,1,1,43.4,55.7,948.2,1400,7.08,452.61,52,0,0,0,0,0
2024-05-14 12:00,12,5,1,1,42.8,55.0,1013.0,918,6.54,390.64,66,0,0,0,0,0
2024-05-14 13:00,13,5,1,1,42.9,56.8,1012.7,732,6.67,370.9,67,0,0,0,0,0
2024-05-14 14:00,14,5,1,1,41.3,56.8,965.8,1165,6.68,412.56,61,0,0,0,0,0
2024-05-14 15:00,15,5,1,1,40.8,60.8,860.1,1187,6.66,399.3,60,0,0,0,0,0
2024-05-14 16:00,16,5,1,1,38.8,59.3,697.9,1138,7.57,354.39,61,0,0,0,0,0
2024-05-14 17:00,17,5,1,1,38.4,67.3,429.3,422,7.45,217.93,70,0,0,0,0,0
2024-05-14 18:00,18,5,1,1,35.1,59.1,216.5,421,7.46,152.88,73,0,0,0,0,0
2024-05-14 19:00,19,5,1,1,34.5,62.3,0.0,66,7.36,72.14,84,0,0,0,0,0
2024-05-14 20:00,20,5,1,1,34.2,62.3,0.0,73,7.59,71.06,80,0,0,0,0,0
2024-05-14 21:00,21,5,1,1,35.1,63.7,0.0,0,7.08,68.22,81,0,0,0,0,0
2024-05-14 22:00,22,5,1,1,34.6,57.7,0.0,27,7.56,66.81,81,0,0,0,0,0
2024-05-14 23:00,23,5,1,1,35.4,61.7,0.0,17,7.53,50.41,80,0,0,0,0,0
2024-05-15 00:00,0,5,2,1,26.8,52.7,0.0,17,7.56,22.18,95,0,0,0,0,0
2024-05-15 01:00,1,5,2,1,28.9,55.6,0.0,43,7.73,28.78,94,0,0,0,0,0
2024-05-15 02:00,2,5,2,1,27.8,49.4,0.0,43,7.75,22.35,89,0,0,0,0,0
2024-05-15 03:00,3,5,2,1,29.8,48.0,0.0,30,7.46,25.41,90,0,0,0,0,0
2024-05-15 04:00,4,5,2,1,30.1,47.0,0.0,12,7.4,29.04,89,0,0,0,0,0
2024-05-15 05:00,5,5,2,1,38.5,49.7,0.0,43,7.49,49.89,81,0,0,0,0,0
2024-05-15 06:00,6,5,2,1,39.7,50.2,0.0,18,7.61,72.86,73,0,0,0,0,0
2024-05-15 07:00,7,5,2,1,40.2,50.8,206.9,165,6.89,131.45,72,0,0,0,0,0
2024-05-15 08:00,8,5,2,1,40.6,40.9,512.9,787,6.83,273.02,67,0,0,0,0,0
2024-05-15 09:00,9,5,2,1,42.0,48.3,698.6,1318,6.45,379.02,61,0,0,0,0,0
2024-05-15 10:00,10,5,2,1,43.1,49.5,826.7,1158,6.91,391.52,52,0,0,0,0,0
2024-05-15 11:00,11,5,2,1,42.8,52.5,959.9,1310,6.99,431.83,55,0,0,0,0,0
2024-05-15 12:00,12,5,2,1,43.2,58.1,1030.2,648,6.78,364.39,62,0,0,0,0,0
2024-05-15 13:00,13,5,2,1,42.3,56.3,1030.3,732,6.76,375.79,62,0,0,0,0,0
2024-05-15 14:00,14,5,2,1,41.5,55.5,984.5,1228,7.06,413.85,62,0,0,0,0,0
2024-05-15 15:00,15,5,2,1,41.4,55.4,826.8,1046,6.88,373.35,60,0,0,0,0,0
2024-05-15 16:00,16,5,2,1,39.4,60.2,692.2,1274,7.77,374.11,59,0,0,0,0,0
2024-05-15 17:00,17,5,2,1,37.7,62.7,474.4,249,7.27,194.55,71,0,0,0,0,0
2024-05-15 18:00,18,5,2,1,33.1,62.1,279.7,267,7.54,136.5,81,0,0,0,0,0
2024-05-15 19:00,19,5,2,1,33.4,64.5,41.9,91,7.63,81.77,78,0,0,0,0,0
2024-05-15 20:00,20,5,2,1,34.0,63.1,0.0,138,7.58,76.76,84,0,0,0,0,0
2024-05-15 21:00,21,5,2,1,34.3,60.4,0.0,44,7.31,65.92,84,0,0,0,0,0
2024-05-15 22:00,22,5,2,1,35.3,60.6,0.0,44,7.44,78.57,81,0,0,0,0,0
2024-05-15 23:00,23,5,2,1,35.2,58.4,0.0,30,7.65,44.61,83,0,0,0,0,0
2024-05-16 00:00,0,5,3,1,28.0,52.8,0.0,14,7.33,19.73,95,0,0,0,0,0
2024-05-16 01:00,1,5,3,1,28.4,55.8,0.0,10,7.68,26.55,93,0,0,0,0,0
2024-05-16 02:00,2,5,3,1,28.3,54.1,0.0,32,7.39,22.16,91,0,0,0,0,0
2024-05-16 03:00,3,5,3,1,29.0,46.1,0.0,29,7.77,22.26,91,0,0,0,0,0
2024-05-16 04:00,4,5,3,1,30.4,46.8,0.0,6,7.73,28.44,90,0,0,0,0,0
2024-05-16 05:00,5,5,3,1,38.6,48.5,0.0,24,7.25,51.96,81,0,0,0,0,0
2024-05-16 06:00,6,5,3,1,39.7,47.6,0.0,15,7.45,75.5,77,0,0,0,0,0
2024-05-16 07:00,7,5,3,1,41.2,45.8,253.5,214,6.63,151.09,80,0,0,0,0,0
2024-05-16 08:00,8,5,3,1,41.8,47.6,475.2,653,6.73,256.43,64,0,0,0,0,0
2024-05-16 09:00,9,5,3,1,41.2,53.4,689.4,1131,6.8,355.12,62,0,0,0,0,0
2024-05-16 10:00,10,5,3,1,42.9,52.2,821.1,1021,6.74,373.33,63,0,0,0,0,0
2024-05-16 11:00,11,5,3,1,43.0,52.0,934.2,1295,6.8,426.67,55,0,0,0,0,0
2024-05-16 12:00,12,5,3,1,42.1,53.4,995.3,856,6.99,378.61,65,0,0,0,0,0
2024-05-16 13:00,13,5,3,1,42.1,56.0,1018.1,825,6.87,386.19,60,0,0,0,0,0
2024-05-16 14:00,14,5,3,1,42.1,58.4,943.7,924,6.83,378.76,63,0,0,0,0,0
2024-05-16 15:00,15,5,3,1,40.7,57.4,836.8,1349,6.84,414.26,58,0,0,0,0,0
2024-05-16 16:00,16,5,3,1,38.7,62.2,676.2,1227,7.61,360.94,61,0,0,0,0,0
2024-05-16 17:00,17,5,3,1,38.5,62.7,477.4,353,7.46,211.63,71,0,0,0,0,0
2024-05-16 18:00,18,5,3,1,33.2,64.7,270.3,577,7.4,183.98,75,0,0,0,0,0
2024-05-16 19:00,19,5,3,1,33.8,58.8,0.0,109,7.61,71.3,81,0,0,0,0,0
2024-05-16 20:00,20,5,3,1,33.2,68.5,0.0,89,7.34,77.13,82,0,0,0,0,0
2024-05-16 21:00,21,5,3,1,34.5,59.2,0.0,36,7.49,69.37,78,0,0,0,0,0
2024-05-16 22:00,22,5,3,1,34.1,60.6,0.0,5,7.49,62.16,85,0,0,0,0,0
2024-05-16 23:00,23,5,3,1,35.2,54.4,0.0,58,7.24,50.84,84,0,0,0,0,0
2024-05-17 00:00,0,5,4,1,27.4,60.3,0.0,15,7.71,19.67,95,0,0,0,0,0
2024-05-17 01:00,1,5,4,1,27.6,49.0,0.0,24,7.5,20.75,92,0,0,0,0,0
2024-05-17 02:00,2,5,4,1,29.5,49.3,0.0,5,7.73,21.82,89,0,0,0,0,0
2024-05-17 03:00,3,5,4,1,28.9,51.0,0.0,5,7.43,23.4,94,0,0,0,0,0
2024-05-17 04:00,4,5,4,1,28.9,47.5,0.0,48,7.46,30.05,85,0,0,0,0,0
2024-05-17 05:00,5,5,4,1,37.9,49.4,0.0,22,7.54,47.76,79,0,0,0,0,0
2024-05-17 06:00,6,5,4,1,39.1,49.9,35.0,25,7.53,84.9,75,0,0,0,0,0
2024-05-17 07:00,7,5,4,1,41.3,46.6,267.1,76,7.05,142.73,68,0,0,0,0,0
2024-05-17 08:00,8,5,4,1,41.3,50.3,469.3,719,7.0,257.17,64,0,0,0,0,0
2024-05-17 09:00,9,5,4,1,41.9,47.7,666.6,1217,6.56,361.25,61,0,0,0,0,0
2024-05-17 10:00,10,5,4,1,41.9,57.8,808.5,1056,6.8,375.53,60,0,0,0,0,0
2024-05-17 11:00,11,5,4,1,43.3,54.4,957.1,1328,6.69,436.73,57,0,0,0,0,0
2024-05-17 12:00,12,5,4,1,41.4,51.5,1008.0,690,6.87,355.84,68,0,0,0,0,0
2024-05-17 13:00,13,5,4,1,43.4,54.6,1006.5,737,6.76,370.31,58,0,0,0,0,0
2024-05-17 14:00,14,5,4,1,42.4,61.5,935.0,989,6.97,394.28,56,0,0,0,0,0
2024-05-17 15:00,15,5,4,1,40.2,55.4,839.7,1294,6.73,396.88,59,0,0,0,0,0
2024-05-17 16:00,16,5,4,1,39.8,61.5,680.1,1044,7.7,343.58,64,0,0,0,0,0
2024-05-17 17:00,17,5,4,1,37.2,60.1,456.2,523,7.48,221.1,76,0,0,0,0,0
2024-05-17 18:00,18,5,4,1,34.2,65.7,219.6,352,7.41,145.29,73,0,0,0,0,0
2024-05-17 19:00,19,5,4,1,35.4,68.1,0.0,185,7.57,92.68,76,0,0,0,0,0
2024-05-17 20:00,20,5,4,1,32.9,62.1,0.0,95,7.38,67.98,88,0,0,0,0,0
2024-05-17 21:00,21,5,4,1,35.1,61.9,0.0,44,7.41,66.7,80,0,0,0,0,0
2024-05-17 22:00,22,5,4,1,35.3,62.3,0.0,44,7.26,68.9,77,0,0,0,0,0
2024-05-17 23:00,23,5,4,1,34.3,51.2,0.0,25,7.66,41.89,87,0,0,0,0,0
2024-05-18 00:00,0,5,5,0,28.1,53.9,0.0,0,7.43,18.89,92,0,0,0,0,0
2024-05-18 01:00,1,5,5,0,27.6,50.2,0.0,0,7.59,17.02,92,0,0,0,0,0
2024-05-18 02:00,2,5,5,0,29.1,51.1,0.0,0,7.56,19.82,89,0,0,0,0,0
2024-05-18 03:00,3,5,5,0,29.5,47.2,0.0,0,7.44,19.85,96,0,0,0,0,0
2024-05-18 04:00,4,5,5,0,29.5,46.5,0.0,0,7.66,26.92,94,0,0,0,0,0
2024-05-18 05:00,5,5,5,0,38.1,49.4,0.0,0,7.5,44.67,76,0,0,0,0,0
2024-05-18 06:00,6,5,5,0,40.4,48.3,22.4,0,6.92,80.24,68,0,0,0,0,0
2024-05-18 07:00,7,5,5,0,41.0,41.4,215.6,0,7.0,118.91,73,0,0,0,0,0
2024-05-18 08:00,8,5,5,0,41.4,49.1,470.0,0,6.77,167.07,74,0,0,0,0,0
2024-05-18 09:00,9,5,5,0,43.5,48.8,668.8,160,6.93,232.7,64,0,0,0,0,0
2024-05-18 10:00,10,5,5,0,42.3,52.5,860.8,165,6.67,264.58,71,0,0,0,0,0
2024-05-18 11:00,11,5,5,0,42.5,50.1,956.8,54,6.6,264.27,72,0,0,0,0,0
2024-05-18 12:00,12,5,5,0,43.3,57.3,1001.1,161,6.95,293.83,69,0,0,0,0,0
2024-05-18 13:00,13,5,5,0,41.4,53.4,994.9,57,6.99,271.2,74,0,0,0,0,0
2024-05-18 14:00,14,5,5,0,41.3,62.1,916.7,32,6.75,262.38,68,0,0,0,0,0
2024-05-18 15:00,15,5,5,0,39.8,58.1,864.5,169,7.58,258.99,75,0,0,0,0,0
2024-05-18 16:00,16,5,5,0,40.0,59.4,691.1,42,6.87,215.12,70,0,0,0,0,0
2024-05-18 17:00,17,5,5,0,36.5,63.2,488.2,60,7.52,166.86,76,0,0,0,0,0
2024-05-18 18:00,18,5,5,0,34.3,61.9,244.7,0,7.52,104.1,77,0,0,0,0,0
2024-05-18 19:00,19,5,5,0,33.9,67.7,1.9,0,7.49,62.86,78,0,0,0,0,0
2024-05-18 20:00,20,5,5,0,34.3,63.4,0.0,0,7.32,60.71,80,0,0,0,0,0
2024-05-18 21:00,21,5,5,0,34.3,57.2,0.0,0,7.49,53.99,83,0,0,0,0,0
2024-05-18 22:00,22,5,5,0,34.1,62.2,0.0,0,7.56,59.39,80,0,0,0,0,0
2024-05-18 23:00,23,5,5,0,33.9,57.9,0.0,0,7.58,40.36,86,0,0,0,0,0
2024-05-19 00:00,0,5,6,0,27.2,56.1,0.0,0,7.39,19.72,92,0,0,0,0,0
2024-05-19 01:00,1,5,6,0,28.5,54.0,0.0,0,7.56,24.15,92,0,0,0,0,0
2024-05-19 02:00,2,5,6,0,28.4,55.2,0.0,0,7.37,21.99,94,0,0,0,0,0
2024-05-19 03:00,3,5,6,0,28.5,49.1,0.0,0,7.52,22.02,96,0,0,0,0,0
2024-05-19 04:00,4,5,6,0,28.7,54.8,0.0,0,7.46,24.99,92,0,0,0,0,0
2024-05-19 05:00,5,5,6,0,36.8,49.2,0.0,0,7.36,46.07,83,0,0,0,0,0
2024-05-19 06:00,6,5,6,0,39.0,47.5,27.5,0,7.47,73.85,73,0,0,0,0,0
2024-05-19 07:00,7,5,6,0,41.4,47.8,249.1,0,6.94,125.72,70,0,0,0,0,0
2024-05-19 08:00,8,5,6,0,40.9,47.6,477.5,0,6.87,165.68,75,0,0,0,0,0
2024-05-19 09:00,9,5,6,0,42.3,55.2,679.5,72,6.85,222.81,70,0,0,0,0,0
2024-05-19 10:00,10,5,6,0,42.7,47.3,841.0,69,6.79,246.87,76,0,0,0,0,0
2024-05-19 11:00,11,5,6,0,43.4,46.1,952.5,136,6.72,281.47,73,0,0,0,0,0
2024-05-19 12:00,12,5,6,0,43.6,55.7,1005.8,103,6.78,288.04,70,0,0,0,0,0
2024-05-19 13:00,13,5,6,0,41.4,53.6,1017.9,116,6.52,277.84,67,0,0,0,0,0
2024-05-19 14:00,14,5,6,0,41.5,61.9,967.8,63,6.6,274.72,70,0,0,0,0,0
2024-05-19 15:00,15,5,6,0,40.6,58.0,793.9,136,6.85,242.35,72,0,0,0,0,0
2024-05-19 16:00,16,5,6,0,41.1,64.4,663.8,47,6.73,221.19,67,0,0,0,0,0
2024-05-19 17:00,17,5,6,0,38.1,66.1,492.2,122,7.37,184.55,70,0,0,0,0,0
2024-05-19 18:00,18,5,6,0,33.6,62.0,257.5,0,7.51,101.82,82,0,0,0,0,0
2024-05-19 19:00,19,5,6,0,32.7,63.0,0.0,0,7.68,53.26,82,0,0,0,0,0
2024-05-19 20:00,20,5,6,0,34.2,60.9,0.0,0,7.09,65.96,77,0,0,0,0,0
2024-05-19 21:00,21,5,6,0,33.3,60.4,0.0,0,7.55,54.77,76,0,0,0,0,0
2024-05-19 22:00,22,5,6,0,34.4,57.4,0.0,0,7.31,59.07,79,0,0,0,0,0
2024-05-19 23:00,23,5,6,0,34.9,59.9,0.0,0,7.45,48.32,83,0,0,0,0,0
2024-05-20 00:00,0,5,0,1,28.5,56.6,0.0,14,7.57,27.85,92,0,0,0,0,0
2024-05-20 01:00,1,5,0,1,27.8,49.3,0.0,37,7.59,20.43,91,0,0,0,0,0
2024-05-20 02:00,2,5,0,1,28.0,48.6,0.0,19,7.5,18.21,96,0,0,0,0,0
2024-05-20 03:00,3,5,0,1,28.8,45.1,0.0,30,7.44,23.42,94,0,0,0,0,0
2024-05-20 04:00,4,5,0,1,29.3,47.2,0.0,48,7.52,25.53,95,0,0,0,0,0
2024-05-20 05:00,5,5,0,1,38.0,43.9,0.0,16,7.7,50.46,82,0,0,0,0,0
2024-05-20 06:00,6,5,0,1,40.1,48.5,0.0,18,6.88,80.28,77,0,0,0,0,0
2024-05-20 07:00,7,5,0,1,41.4,50.0,225.9,223,6.98,151.96,73,0,0,0,0,0
2024-05-20 08:00,8,5,0,1,41.0,53.5,515.1,701,6.74,269.12,65,0,0,0,0,0
2024-05-20 09:00,9,5,0,1,42.7,48.3,671.6,1282,6.64,374.49,58,0,0,0,0,0
2024-05-20 10:00,10,5,0,1,43.5,53.0,829.0,1057,6.95,380.25,58,0,0,0,0,0
2024-05-20 11:00,11,5,0,1,42.4,50.8,939.7,995,6.92,385.15,59,0,0,0,0,0
2024-05-20 12:00,12,5,0,1,42.1,54.9,998.7,892,6.63,383.37,62,0,0,0,0,0
2024-05-20 13:00,13,5,0,1,42.3,52.8,1020.1,944,6.71,392.14,58,0,0,0,0,0
2024-05-20 14:00,14,5,0,1,40.8,59.2,919.8,995,6.9,377.97,58,0,0,0,0,0
2024-05-20 15:00,15,5,0,1,40.7,56.4,854.6,1265,7.06,403.15,59,0,0,0,0,0
2024-05-20 16:00,16,5,0,1,38.7,58.9,711.1,1107,7.47,350.13,65,0,0,0,0,0
2024-05-20 17:00,17,5,0,1,38.0,65.4,480.5,544,7.24,236.95,67,0,0,0,0,0
2024-05-20 18:00,18,5,0,1,32.5,63.5,240.7,251,7.54,125.33,81,0,0,0,0,0
2024-05-20 19:00,19,5,0,1,32.4,62.6,33.9,155,7.26,82.35,80,0,0,0,0,0
2024-05-20 20:00,20,5,0,1,33.9,60.8,0.0,156,7.32,78.74,78,0,0,0,0,0
2024-05-20 21:00,21,5,0,1,33.1,57.3,0.0,20,7.49,52.64,87,0,0,0,0,0
2024-05-20 22:00,22,5,0,1,34.7,62.0,0.0,33,7.47,69.51,79,0,0,0,0,0
2024-05-20 23:00,23,5,0,1,35.0,56.2,0.0,45,7.44,46.54,86,0,0,0,0,0
2024-05-21 00:00,0,5,1,1,28.3,55.7,0.0,37,7.43,24.79,100,0,0,0,0,0
2024-05-21 01:00,1,5,1,1,26.6,48.1,0.0,5,7.38,12.15,98,0,0,0,0,0
2024-05-21 02:00,2,5,1,1,28.8,47.4,0.0,42,7.34,21.17,96,0,0,0,0,0
2024-05-21 03:00,3,5,1,1,29.1,48.8,0.0,16,7.19,26.62,89,0,0,0,0,0
2024-05-21 04:00,4,5,1,1,29.1,50.4,0.0,44,7.33,26.22,87,0,0,0,0,0
2024-05-21 05:00,5,5,1,1,38.7,43.4,0.0,49,7.42,56.01,75,0,0,0,0,0
2024-05-21 06:00,6,5,1,1,39.0,43.5,25.0,24,7.29,76.91,73,0,0,0,0,0
2024-05-21 07:00,7,5,1,1,40.2,45.8,213.8,204,6.76,143.51,72,0,0,0,0,0
2024-05-21 08:00,8,5,1,1,41.2,48.2,505.8,600,6.75,251.6,70,0,0,0,0,0
2024-05-21 09:00,9,5,1,1,42.6,51.3,661.3,1156,6.93,353.95,62,0,0,0,0,0
2024-05-21 10:00,10,5,1,1,43.1,48.9,826.2,1067,6.66,376.14,59,0,0,0,0,0
2024-05-21 11:00,11,5,1,1,44.0,50.3,970.8,1343,6.62,441.38,55,0,0,0,0,0
2024-05-21 12:00,12,5,1,1,42.8,54.9,978.5,902,6.9,381.8,56,0,0,0,0,0
2024-05-21 13:00,13,5,1,1,43.0,57.7,986.2,789,6.76,373.42,58,0,0,0,0,0
2024-05-21 14:00,14,5,1,1,42.0,61.1,978.6,999,6.84,396.83,60,0,0,0,0,0
2024-05-21 15:00,15,5,1,1,40.5,62.8,846.0,1073,6.75,380.37,60,0,0,0,0,0
2024-05-21 16:00,16,5,1,1,38.7,64.0,667.0,1007,7.64,336.86,65,0,0,0,0,0
2024-05-21 17:00,17,5,1,1,37.8,62.0,496.1,513,7.43,232.75,71,0,0,0,0,0
2024-05-21 18:00,18,5,1,1,32.4,57.0,242.7,422,7.65,148.18,79,0,0,0,0,0
2024-05-21 19:00,19,5,1,1,33.5,64.1,0.0,190,7.38,85.43,77,0,0,0,0,0
2024-05-21 20:00,20,5,1,1,33.6,60.3,0.0,85,7.79,65.54,85,0,0,0,0,0
2024-05-21 21:00,21,5,1,1,33.7,62.4,0.0,20,7.62,62.3,81,0,0,0,0,0
2024-05-21 22:00,22,5,1,1,33.6,57.0,0.0,32,7.62,56.33,82,0,0,0,0,0
2024-05-21 23:00,23,5,1,1,35.6,55.1,0.0,44,7.35,44.28,77,0,0,0,0,0
2024-05-22 00:00,0,5,2,1,28.7,51.8,0.0,31,7.69,22.31,90,0,0,0,0,0
2024-05-22 01:00,1,5,2,1,29.0,54.5,0.0,40,8.0,27.4,91,0,0,0,0,0
2024-05-22 02:00,2,5,2,1,28.2,53.9,0.0,1,7.46,20.39,91,0,0,0,0,0
2024-05-22 03:00,3,5,2,1,29.0,52.3,0.0,49,7.45,25.89,89,0,0,0,0,0
2024-05-22 04:00,4,5,2,1,28.3,49.2,0.0,11,7.42,17.7,92,0,0,0,0,0
2024-05-22 05:00,5,5,2,1,37.8,49.8,0.0,14,7.68,51.62,81,0,0,0,0,0
2024-05-22 06:00,6,5,2,1,38.6,43.6,0.7,30,7.45,73.85,75,0,0,0,0,0
2024-05-22 07:00,7,5,2,1,40.8,46.1,238.8,128,6.95,133.57,74,0,0,0,0,0
2024-05-22 08:00,8,5,2,1,41.2,47.9,446.1,637,6.67,245.34,70,0,0,0,0,0
2024-05-22 09:00,9,5,2,1,41.7,47.1,689.0,1290,6.75,373.91,63,0,0,0,0,0
2024-05-22 10:00,10,5,2,1,43.0,55.8,828.0,1202,6.71,398.25,60,0,0,0,0,0
2024-05-22 11:00,11,5,2,1,43.2,51.7,961.3,994,6.73,389.15,58,0,0,0,0,0
2024-05-22 12:00,12,5,2,1,42.9,53.1,985.5,735,7.16,361.28,62,0,0,0,0,0
2024-05-22 13:00,13,5,2,1,42.4,55.0,1006.9,786,6.75,370.45,63,0,0,0,0,0
2024-05-22 14:00,14,5,2,1,42.7,55.0,917.2,1301,6.8,423.16,62,0,0,0,0,0
2024-05-22 15:00,15,5,2,1,41.1,64.7,848.3,1059,6.81,382.7,59,0,0,0,0,0
2024-05-22 16:00,16,5,2,1,39.7,65.8,645.8,1161,7.53,354.25,56,0,0,0,0,0
2024-05-22 17:00,17,5,2,1,37.4,62.7,473.4,587,7.73,235.96,64,0,0,0,0,0
2024-05-22 18:00,18,5,2,1,34.3,64.5,244.0,462,7.54,168.99,84,0,0,0,0,0
2024-05-22 19:00,19,5,2,1,33.3,58.3,29.8,97,7.56,71.17,81,0,0,0,0,0
2024-05-22 20:00,20,5,2,1,33.8,68.6,0.0,162,7.7,87.02,81,0,0,0,0,0
2024-05-22 21:00,21,5,2,1,33.9,58.6,0.0,45,7.79,63.09,84,0,0,0,0,0
2024-05-22 22:00,22,5,2,1,34.7,60.5,0.0,40,7.74,64.61,84,0,0,0,0,0
2024-05-22 23:00,23,5,2,1,34.8,57.1,0.0,59,7.43,48.73,82,0,0,0,0,0
2024-05-23 00:00,0,5,3,1,27.4,49.9,0.0,47,7.52,22.66,92,0,0,0,0,0
2024-05-23 01:00,1,5,3,1,28.6,51.8,0.0,8,7.4,19.86,90,0,0,0,0,0
2024-05-23 02:00,2,5,3,1,28.0,55.2,0.0,37,7.6,28.98,92,0,0,0,0,0
2024-05-23 03:00,3,5,3,1,28.1,47.3,0.0,15,7.28,19.99,90,0,0,0,0,0
2024-05-23 04:00,4,5,3,1,30.4,50.0,0.0,18,7.62,27.81,86,0,0,0,0,0
2024-05-23 05:00,5,5,3,1,38.7,47.1,0.0,17,7.61,54.01,78,0,0,0,0,0
2024-05-23 06:00,6,5,3,1,39.4,43.9,0.0,15,7.55,74.74,78,0,0,0,0,0
2024-05-23 07:00,7,5,3,1,40.8,48.0,262.5,174,6.88,151.75,73,0,0,0,0,0
2024-05-23 08:00,8,5,3,1,41.6,46.6,464.6,406,6.74,221.36,69,0,0,0,0,0
2024-05-23 09:00,9,5,3,1,43.3,49.8,656.9,1248,6.96,369.48,59,0,0,0,0,0
2024-05-23 10:00,10,5,3,1,42.0,51.4,851.1,1044,7.12,376.04,64,0,0,0,0,0
2024-05-23 11:00,11,5,3,1,42.6,54.6,948.8,890,6.94,375.15,60,0,0,0,0,0
2024-05-23 12:00,12,5,3,1,43.7,55.3,1030.5,737,6.95,378.64,63,0,0,0,0,0
2024-05-23 13:00,13,5,3,1,43.7,57.4,1022.6,799,6.96,388.23,57,0,0,0,0,0
2024-05-23 14:00,14,5,3,1,42.1,61.1,952.3,1102,6.53,409.65,53,0,0,0,0,0
2024-05-23 15:00,15,5,3,1,41.4,63.0,866.6,951,6.58,371.74,59,0,0,0,0,0
2024-05-23 16:00,16,5,3,1,39.6,66.7,660.5,1321,7.62,377.94,55,0,0,0,0,0
2024-05-23 17:00,17,5,3,1,37.9,63.0,484.7,205,7.38,191.08,75,0,0,0,0,0
2024-05-23 18:00,18,5,3,1,32.6,59.7,209.2,338,7.46,134.71,78,0,0,0,0,0
2024-05-23 19:00,19,5,3,1,33.8,58.7,0.0,181,7.65,81.15,84,0,0,0,0,0
2024-05-23 20:00,20,5,3,1,33.5,67.0,0.0,74,7.37,66.97,80,0,0,0,0,0
2024-05-23 21:00,21,5,3,1,35.4,59.0,0.0,52,7.66,70.85,81,0,0,0,0,0
2024-05-23 22:00,22,5,3,1,35.8,57.5,0.0,10,7.68,64.01,84,0,0,0,0,0
2024-05-23 23:00,23,5,3,1,35.4,53.0,0.0,35,7.51,46.37,85,0,0,0,0,0
2024-05-24 00:00,0,5,4,1,28.1,55.4,0.0,23,7.4,18.82,96,0,0,0,0,0
2024-05-24 01:00,1,5,4,1,27.4,52.4,0.0,12,7.38,16.42,90,0,0,0,0,0
2024-05-24 02:00,2,5,4,1,27.7,56.4,0.0,39,7.72,28.6,91,0,0,0,0,0
2024-05-24 03:00,3,5,4,1,29.3,50.6,0.0,4,7.57,23.59,89,0,0,0,0,0
2024-05-24 04:00,4,5,4,1,29.3,46.4,0.0,32,7.8,29.05,85,0,0,0,0,0
2024-05-24 05:00,5,5,4,1,37.8,44.1,0.0,18,7.63,52.09,82,0,0,0,0,0
2024-05-24 06:00,6,5,4,1,38.9,47.0,0.0,37,7.47,76.87,75,0,0,0,0,0
2024-05-24 07:00,7,5,4,1,41.1,49.3,252.2,258,6.9,160.33,68,0,0,0,0,0
2024-05-24 08:00,8,5,4,1,42.2,53.1,481.2,623,6.67,253.75,67,0,0,0,0,0
2024-05-24 09:00,9,5,4,1,42.5,50.6,702.2,1373,6.97,390.74,58,0,0,0,0,0
2024-05-24 10:00,10,5,4,1,43.0,45.1,861.6,894,6.68,360.05,59,0,0,0,0,0
2024-05-24 11:00,11,5,4,1,42.9,53.8,967.7,1130,6.72,408.59,54,0,0,0,0,0
2024-05-24 12:00,12,5,4,1,44.1,58.3,995.5,702,7.07,370.72,56,0,0,0,0,0
2024-05-24 13:00,13,5,4,1,42.8,49.3,1001.5,925,6.83,387.13,61,0,0,0,0,0
2024-05-24 14:00,14,5,4,1,41.9,59.2,928.8,1353,6.71,433.24,58,0,0,0,0,0
2024-05-24 15:00,15,5,4,1,40.5,61.0,839.0,968,6.83,365.43,60,0,0,0,0,0
2024-05-24 16:00,16,5,4,1,38.4,64.0,676.4,1044,7.5,338.81,70,0,0,0,0,0
2024-05-24 17:00,17,5,4,1,37.4,63.0,452.0,278,7.56,190.68,71,0,0,0,0,0
2024-05-24 18:00,18,5,4,1,33.9,63.4,228.9,497,7.64,168.77,75,0,0,0,0,0
2024-05-24 19:00,19,5,4,1,34.2,62.2,9.2,187,7.18,89.31,81,0,0,0,0,0
2024-05-24 20:00,20,5,4,1,33.3,61.6,0.0,171,7.43,79.37,82,0,0,0,0,0
2024-05-24 21:00,21,5,4,1,34.9,61.4,0.0,29,7.76,67.83,84,0,0,0,0,0
2024-05-24 22:00,22,5,4,1,35.0,58.3,0.0,8,7.8,61.36,82,0,0,0,0,0
2024-05-24 23:00,23,5,4,1,33.8,58.4,0.0,22,7.73,40.62,84,0,0,0,0,0
2024-05-25 00:00,0,5,5,0,26.8,52.5,0.0,0,7.37,15.67,94,0,0,0,0,0
2024-05-25 01:00,1,5,5,0,28.9,54.4,0.0,0,7.24,21.03,98,0,0,0,0,0
2024-05-25 02:00,2,5,5,0,28.6,48.7,0.0,0,7.33,21.62,89,0,0,0,0,0
2024-05-25 03:00,3,5,5,0,28.8,47.4,0.0,0,7.45,18.85,92,0,0,0,0,0
2024-05-25 04:00,4,5,5,0,29.0,52.9,0.0,0,7.63,21.38,96,0,0,0,0,0
2024-05-25 05:00,5,5,5,0,37.3,47.5,0.0,0,7.34,46.66,83,0,0,0,0,0
2024-05-25 06:00,6,5,5,0,39.8,44.9,0.0,0,7.44,71.65,74,0,0,0,0,0
2024-05-25 07:00,7,5,5,0,40.0,52.8,265.2,0,7.55,126.96,78,0,0,0,0,0
2024-05-25 08:00,8,5,5,0,41.8,50.4,484.0,0,6.53,171.7,72,0,0,0,0,0
2024-05-25 09:00,9,5,5,0,42.4,44.0,662.0,154,6.75,226.3,69,0,0,0,0,0
2024-05-25 10:00,10,5,5,0,41.3,51.8,847.2,73,7.12,246.02,68,0,0,0,0,0
2024-05-25 11:00,11,5,5,0,43.0,53.4,993.6,33,6.84,277.21,69,0,0,0,0,0
2024-05-25 12:00,12,5,5,0,42.3,58.1,1013.5,84,7.12,284.47,75,0,0,0,0,0
2024-05-25 13:00,13,5,5,0,42.6,59.5,1047.1,60,6.77,290.39,64,0,0,0,0,0
2024-05-25 14:00,14,5,5,0,41.7,60.0,964.8,53,6.66,265.29,72,0,0,0,0,0
2024-05-25 15:00,15,5,5,0,39.8,60.6,869.1,70,7.24,250.44,71,0,0,0,0,0
2024-05-25 16:00,16,5,5,0,38.8,62.9,634.8,174,7.57,214.6,77,0,0,0,0,0
2024-05-25 17:00,17,5,5,0,38.6,66.6,498.3,139,7.8,197.23,70,0,0,0,0,0
2024-05-25 18:00,18,5,5,0,32.4,65.1,277.8,0,7.58,107.59,85,0,0,0,0,0
2024-05-25 19:00,19,5,5,0,33.2,63.1,30.8,0,7.6,67.43,82,0,0,0,0,0
2024-05-25 20:00,20,5,5,0,35.0,65.3,0.0,0,7.55,65.23,75,0,0,0,0,0
2024-05-25 21:00,21,5,5,0,32.6,58.9,0.0,0,7.29,52.4,85,0,0,0,0,0
2024-05-25 22:00,22,5,5,0,33.7,58.6,0.0,0,7.34,55.84,80,0,0,0,0,0
2024-05-25 23:00,23,5,5,0,34.8,57.2,0.0,0,7.47,45.28,82,0,0,0,0,0
2024-05-26 00:00,0,5,6,0,28.4,53.1,0.0,0,7.62,21.36,92,0,0,0,0,0
2024-05-26 01:00,1,5,6,0,27.5,53.4,0.0,0,7.48,12.72,91,0,0,0,0,0
2024-05-26 02:00,2,5,6,0,28.4,52.1,0.0,0,7.45,21.33,93,0,0,0,0,0
2024-05-26 03:00,3,5,6,0,28.7,49.3,0.0,0,7.41,15.71,92,0,0,0,0,0
2024-05-26 04:00,4,5,6,0,29.5,52.5,0.0,0,7.43,24.54,89,0,0,0,0,0
2024-05-26 05:00,5,5,6,0,37.9,46.0,0.0,0,7.4,47.73,83,0,0,0,0,0
2024-05-26 06:00,6,5,6,0,39.9,42.0,0.3,0,7.36,70.93,73,0,0,0,0,0
2024-05-26 07:00,7,5,6,0,40.4,45.3,275.9,0,6.9,125.34,80,0,0,0,0,0
2024-05-26 08:00,8,5,6,0,39.9,48.8,457.8,0,7.56,155.98,80,0,0,0,0,0
2024-05-26 09:00,9,5,6,0,42.5,47.2,673.5,72,6.9,212.0,72,0,0,0,0,0
2024-05-26 10:00,10,5,6,0,43.5,52.1,803.9,119,6.97,249.9,69,0,0,0,0,0
2024-05-26 11:00,11,5,6,0,43.9,53.3,950.8,137,6.78,283.18,70,0,0,0,0,0
2024-05-26 12:00,12,5,6,0,44.1,60.9,971.6,160,7.05,296.69,63,0,0,0,0,0
2024-05-26 13:00,13,5,6,0,40.7,60.8,1006.0,64,6.56,275.69,70,0,0,0,0,0
2024-05-26 14:00,14,5,6,0,41.4,60.5,956.5,29,6.82,264.2,66,0,0,0,0,0
2024-05-26 15:00,15,5,6,0,41.7,59.5,828.0,84,6.72,254.81,72,0,0,0,0,0
2024-05-26 16:00,16,5,6,0,40.5,60.0,706.2,24,6.65,216.88,72,0,0,0,0,0
2024-05-26 17:00,17,5,6,0,38.6,62.3,502.5,91,7.22,181.82,73,0,0,0,0,0
2024-05-26 18:00,18,5,6,0,33.6,57.8,262.4,0,7.59,98.83,91,0,0,0,0,0
2024-05-26 19:00,19,5,6,0,33.1,62.5,28.6,0,7.38,59.97,85,0,0,0,0,0
2024-05-26 20:00,20,5,6,0,33.9,63.7,0.0,0,7.5,60.25,83,0,0,0,0,0
2024-05-26 21:00,21,5,6,0,34.6,61.9,0.0,0,7.64,58.01,86,0,0,0,0,0
2024-05-26 22:00,22,5,6,0,33.7,55.7,0.0,0,7.46,48.95,84,0,0,0,0,0
2024-05-26 23:00,23,5,6,0,35.0,56.0,0.0,0,7.44,46.93,82,0,0,0,0,0
2024-05-27 00:00,0,5,0,1,29.0,57.6,0.0,18,7.32,25.46,96,0,0,0,0,0
2024-05-27 01:00,1,5,0,1,28.7,51.4,0.0,44,7.2,23.96,95,0,0,0,0,0
2024-05-27 02:00,2,5,0,1,28.9,47.5,0.0,1,7.44,14.98,90,0,0,0,0,0
2024-05-27 03:00,3,5,0,1,28.8,45.4,0.0,22,7.29,22.34,95,0,0,0,0,0
2024-05-27 04:00,4,5,0,1,29.5,47.1,0.0,28,7.44,22.2,92,0,0,0,0,0
2024-05-27 05:00,5,5,0,1,38.6,47.4,0.0,43,7.5,53.14,76,0,0,0,0,0
2024-05-27 06:00,6,5,0,1,39.2,49.9,0.0,2,7.45,71.5,77,0,0,0,0,0
2024-05-27 07:00,7,5,0,1,40.0,49.6,234.9,219,6.57,146.57,74,0,0,0,0,0
2024-05-27 08:00,8,5,0,1,40.2,44.6,487.8,420,7.07,218.48,72,0,0,0,0,0
2024-05-27 09:00,9,5,0,1,42.4,48.9,681.7,1203,6.84,371.02,62,0,0,0,0,0
2024-05-27 10:00,10,5,0,1,42.1,52.2,835.9,1279,6.91,403.07,62,0,0,0,0,0
2024-05-27 11:00,11,5,0,1,43.3,52.2,944.9,1048,6.53,394.65,61,0,0,0,0,0
2024-05-27 12:00,12,5,0,1,43.2,58.1,1037.7,808,6.72,386.12,60,0,0,0,0,0
2024-05-27 13:00,13,5,0,1,42.6,57.8,1003.2,703,6.99,367.6,63,0,0,0,0,0
2024-05-27 14:00,14,5,0,1,42.3,56.2,935.9,1291,6.85,428.55,61,0,0,0,0,0
2024-05-27 15:00,15,5,0,1,41.0,63.3,839.0,1082,6.75,387.17,60,0,0,0,0,0
2024-05-27 16:00,16,5,0,1,39.4,60.0,646.0,989,7.55,322.77,66,0,0,0,0,0
2024-05-27 17:00,17,5,0,1,38.1,58.1,503.9,323,7.57,203.25,70,0,0,0,0,0
2024-05-27 18:00,18,5,0,1,32.3,66.6,259.5,587,7.53,178.37,83,0,0,0,0,0
2024-05-27 19:00,19,5,0,1,33.4,61.6,19.5,134,7.68,78.91,80,0,0,0,0,0
2024-05-27 20:00,20,5,0,1,34.4,62.9,0.0,103,7.66,81.42,81,0,0,0,0,0
2024-05-27 21:00,21,5,0,1,34.8,59.9,0.0,13,7.51,68.45,79,0,0,0,0,0
2024-05-27 22:00,22,5,0,1,34.4,57.0,0.0,44,7.42,59.59,82,0,0,0,0,0
2024-05-27 23:00,23,5,0,1,34.9,59.3,0.0,17,7.53,47.2,82,0,0,0,0,0
2024-05-28 00:00,0,5,1,1,40.0,55.3,0.0,15,7.46,54.4,75,0,0,0,0,1
2024-05-28 01:00,1,5,1,1,40.0,51.1,0.0,38,7.57,58.2,75,0,0,0,0,1
2024-05-28 02:00,2,5,1,1,40.0,49.6,0.0,35,7.65,61.05,79,0,0,0,0,1
2024-05-28 03:00,3,5,1,1,40.0,52.4,0.0,22,6.97,60.44,75,0,0,0,0,1
2024-05-28 04:00,4,5,1,1,40.0,47.7,0.0,26,7.4,59.6,74,0,0,0,0,1
2024-05-28 05:00,5,5,1,1,43.7,50.0,0.0,10,6.74,67.71,67,0,0,0,0,1
2024-05-28 06:00,6,5,1,1,46.8,48.5,0.0,24,6.57,111.55,62,0,0,0,0,1
2024-05-28 07:00,7,5,1,1,44.7,55.0,250.8,139,6.69,163.21,72,0,0,0,0,1
2024-05-28 08:00,8,5,1,1,46.0,47.7,489.0,518,6.73,254.28,62,0,0,0,0,1
2024-05-28 09:00,9,5,1,1,46.4,53.9,709.1,924,7.06,354.6,50,0,0,0,0,1
2024-05-28 10:00,10,5,1,1,46.3,50.8,826.5,921,6.9,372.34,57,0,0,0,0,1
2024-05-28 11:00,11,5,1,1,49.7,54.2,920.8,1205,6.8,442.92,49,0,0,0,0,1
2024-05-28 12:00,12,5,1,1,49.8,49.7,1011.1,643,6.64,382.91,51,0,0,0,0,1
2024-05-28 13:00,13,5,1,1,47.8,59.5,1050.0,775,6.91,404.03,53,0,0,0,0,1
2024-05-28 14:00,14,5,1,1,46.5,59.8,950.8,1072,6.65,426.22,47,0,0,0,0,1
2024-05-28 15:00,15,5,1,1,47.1,65.6,817.4,1080,6.82,408.43,57,0,0,0,0,1
2024-05-28 16:00,16,5,1,1,45.8,56.9,685.5,1250,6.71,394.05,51,0,0,0,0,1
2024-05-28 17:00,17,5,1,1,43.9,64.2,488.8,573,6.92,265.6,57,0,0,0,0,1
2024-05-28 18:00,18,5,1,1,40.0,67.4,229.4,487,7.59,195.21,64,0,0,0,0,1
2024-05-28 19:00,19,5,1,1,41.7,67.3,31.0,199,6.76,128.44,68,0,0,0,0,1
2024-05-28 20:00,20,5,1,1,40.0,61.0,0.0,61,7.4,91.13,76,0,0,0,0,1
2024-05-28 21:00,21,5,1,1,40.0,59.7,0.0,20,7.63,82.21,72,0,0,0,0,1
2024-05-28 22:00,22,5,1,1,40.0,55.7,0.0,40,7.52,87.07,78,0,0,0,0,1
2024-05-28 23:00,23,5,1,1,40.0,59.7,0.0,3,7.41,59.85,70,0,0,0,0,1
2024-05-29 00:00,0,5,2,1,40.0,51.6,0.0,17,7.7,59.6,76,0,0,0,0,1
2024-05-29 01:00,1,5,2,1,40.0,51.0,0.0,2,7.39,53.03,83,0,0,0,0,1
2024-05-29 02:00,2,5,2,1,40.0,55.5,0.0,10,7.47,57.8,72,0,0,0,0,1
2024-05-29 03:00,3,5,2,1,40.0,46.3,0.0,37,7.44,60.55,77,0,0,0,0,1
2024-05-29 04:00,4,5,2,1,40.0,47.3,0.0,4,7.21,57.18,78,0,0,0,0,1
2024-05-29 05:00,5,5,2,1,44.2,50.3,0.0,0,6.49,67.24,69,0,0,0,0,1
2024-05-29 06:00,6,5,2,1,44.1,48.3,8.2,8,6.71,93.72,68,0,0,0,0,1
2024-05-29 07:00,7,5,2,1,45.8,48.5,283.7,239,6.93,180.06,65,0,0,0,0,1
2024-05-29 08:00,8,5,2,1,46.8,53.5,472.6,577,6.52,269.79,60,0,0,0,0,1
2024-05-29 09:00,9,5,2,1,47.2,50.6,682.9,1018,6.93,363.6,52,0,0,0,0,1
2024-05-29 10:00,10,5,2,1,49.7,48.9,869.7,922,6.83,393.13,55,0,0,0,0,1
2024-05-29 11:00,11,5,2,1,48.5,51.3,945.8,1344,6.75,459.05,48,0,0,0,0,1
2024-05-29 12:00,12,5,2,1,48.1,59.6,1000.4,922,6.52,415.41,50,0,0,0,0,1
2024-05-29 13:00,13,5,2,1,47.6,57.3,1026.5,641,7.01,385.17,60,0,0,0,0,1
2024-05-29 14:00,14,5,2,1,47.5,59.4,939.7,1177,6.83,435.59,54,0,0,0,0,1
2024-05-29 15:00,15,5,2,1,45.0,53.2,855.6,1162,6.87,403.06,56,0,0,0,0,1
2024-05-29 16:00,16,5,2,1,43.6,63.3,708.6,1301,6.96,400.33,51,0,0,0,0,1
2024-05-29 17:00,17,5,2,1,43.0,61.5,482.8,472,6.99,246.31,63,0,0,0,0,1
2024-05-29 18:00,18,5,2,1,40.0,59.8,231.5,367,7.5,171.61,72,0,0,0,0,1
2024-05-29 19:00,19,5,2,1,40.0,62.3,17.7,199,7.35,110.35,70,0,0,0,0,1
2024-05-29 20:00,20,5,2,1,41.5,58.8,0.0,167,6.93,114.06,70,0,0,0,0,1
2024-05-29 21:00,21,5,2,1,40.0,68.0,0.0,52,7.49,100.77,70,0,0,0,0,1
2024-05-29 22:00,22,5,2,1,40.6,60.2,0.0,51,6.94,91.09,76,0,0,0,0,1
2024-05-29 23:00,23,5,2,1,41.4,61.3,0.0,37,6.88,63.32,69,0,0,0,0,1
2024-05-30 00:00,0,5,3,1,40.0,54.8,0.0,16,7.69,58.74,70,0,0,0,0,1
2024-05-30 01:00,1,5,3,1,40.0,54.5,0.0,7,7.44,57.3,71,0,0,0,0,1
2024-05-30 02:00,2,5,3,1,40.0,52.1,0.0,27,7.65,57.62,74,0,0,0,0,1
2024-05-30 03:00,3,5,3,1,40.0,49.6,0.0,42,7.55,60.66,75,0,0,0,0,1
2024-05-30 04:00,4,5,3,1,40.0,47.0,0.0,19,7.61,55.94,74,0,0,0,0,1
2024-05-30 05:00,5,5,3,1,42.1,52.2,0.0,39,6.75,72.59,75,0,0,0,0,1
2024-05-30 06:00,6,5,3,1,45.4,51.7,22.5,26,6.73,108.22,72,0,0,0,0,1
2024-05-30 07:00,7,5,3,1,44.2,53.3,241.7,144,6.65,153.12,73,0,0,0,0,1
2024-05-30 08:00,8,5,3,1,46.5,51.6,485.1,475,6.74,251.4,56,0,0,0,0,1
2024-05-30 09:00,9,5,3,1,47.1,51.5,693.4,1151,6.81,378.63,49,0,0,0,0,1
2024-05-30 10:00,10,5,3,1,48.0,51.8,854.6,1337,6.81,429.51,51,0,0,0,0,1
2024-05-30 11:00,11,5,3,1,48.9,55.9,946.0,1029,6.88,425.74,51,0,0,0,0,1
2024-05-30 12:00,12,5,3,1,47.0,56.3,1011.3,707,6.77,383.78,62,0,0,0,0,1
2024-05-30 13:00,13,5,3,1,47.5,56.1,1018.3,645,6.84,382.54,50,0,0,0,0,1
2024-05-30 14:00,14,5,3,1,45.4,65.4,933.7,1329,6.93,452.86,49,0,0,0,0,1
2024-05-30 15:00,15,5,3,1,46.2,58.5,820.4,1168,6.77,401.92,53,0,0,0,0,1
2024-05-30 16:00,16,5,3,1,45.2,62.2,691.5,1259,6.83,395.64,45,0,0,0,0,1
2024-05-30 17:00,17,5,3,1,43.3,63.1,453.2,468,6.8,239.24,65,0,0,0,0,1
2024-05-30 18:00,18,5,3,1,40.0,60.9,242.3,233,7.55,156.11,75,0,0,0,0,1
2024-05-30 19:00,19,5,3,1,40.0,61.3,0.0,67,7.45,97.05,74,0,0,0,0,1
2024-05-30 20:00,20,5,3,1,40.6,55.8,0.0,150,6.7,103.51,72,0,0,0,0,1
2024-05-30 21:00,21,5,3,1,40.0,60.9,0.0,47,7.31,91.17,76,0,0,0,0,1
2024-05-30 22:00,22,5,3,1,41.4,59.5,0.0,22,6.67,89.85,73,0,0,0,0,1
2024-05-30 23:00,23,5,3,1,40.0,54.1,0.0,27,7.55,61.23,77,0,0,0,0,1
2024-05-31 00:00,0,5,4,1,40.0,52.6,0.0,10,7.53,57.01,73,0,0,0,0,1
2024-05-31 01:00,1,5,4,1,40.0,55.9,0.0,25,7.62,63.09,77,0,0,0,0,1
2024-05-31 02:00,2,5,4,1,40.0,44.7,0.0,30,7.65,58.6,74,0,0,0,0,1
2024-05-31 03:00,3,5,4,1,40.0,51.4,0.0,24,7.52,53.36,74,0,0,0,0,1
2024-05-31 04:00,4,5,4,1,40.0,50.8,0.0,48,7.5,60.22,78,0,0,0,0,1
2024-05-31 05:00,5,5,4,1,42.7,50.7,0.0,1,6.86,63.62,71,0,0,0,0,1
2024-05-31 06:00,6,5,4,1,46.0,40.7,4.0,14,6.75,98.83,67,0,0,0,0,1
2024-05-31 07:00,7,5,4,1,44.4,50.2,256.5,138,6.62,156.78,66,0,0,0,0,1
2024-05-31 08:00,8,5,4,1,47.6,45.4,461.1,494,6.86,259.43,58,0,0,0,0,1
2024-05-31 09:00,9,5,4,1,47.0,53.4,690.4,1036,6.91,365.78,59,0,0,0,0,1
2024-05-31 10:00,10,5,4,1,48.4,48.8,827.9,1041,6.62,398.76,57,0,0,0,0,1
2024-05-31 11:00,11,5,4,1,47.8,58.1,947.9,857,6.73,396.88,56,0,0,0,0,1
2024-05-31 12:00,12,5,4,1,46.1,55.3,1035.9,634,6.69,374.99,56,0,0,0,0,1
2024-05-31 13:00,13,5,4,1,48.6,56.8,1032.5,617,6.88,379.02,58,0,0,0,0,1
2024-05-31 14:00,14,5,4,1,45.0,49.9,974.0,1323,6.75,440.27,57,0,0,0,0,1
2024-05-31 15:00,15,5,4,1,45.6,62.7,844.3,1032,6.64,392.74,50,0,0,0,0,1
2024-05-31 16:00,16,5,4,1,44.2,61.8,672.8,1160,7.07,376.38,55,0,0,0,0,1
2024-05-31 17:00,17,5,4,1,43.9,63.7,484.0,466,6.62,250.87,59,0,0,0,0,1
2024-05-31 18:00,18,5,4,1,40.0,63.8,238.0,348,7.63,177.94,72,0,0,0,0,1
2024-05-31 19:00,19,5,4,1,40.0,68.5,0.0,105,7.16,100.73,72,0,0,0,0,1
2024-05-31 20:00,20,5,4,1,40.0,63.5,0.0,178,7.56,105.05,68,0,0,0,0,1
2024-05-31 21:00,21,5,4,1,40.3,57.1,0.0,36,6.57,85.93,75,0,0,0,0,1
2024-05-31 22:00,22,5,4,1,41.0,54.1,0.0,40,6.79,90.45,69,0,0,0,0,1
2024-05-31 23:00,23,5,4,1,40.0,59.7,0.0,43,7.61,70.05,75,0,0,0,0,1
2024-06-01 00:00,0,6,5,0,31.8,58.8,0.0,0,7.5,36.03,81,0,0,0,0,0
2024-06-01 01:00,1,6,5,0,31.3,60.4,0.0,0,7.45,31.52,85,0,0,0,0,0
2024-06-01 02:00,2,6,5,0,32.9,52.0,0.0,0,7.5,30.48,85,0,0,0,0,0
2024-06-01 03:00,3,6,5,0,32.8,56.0,0.0,0,7.78,39.88,85,0,0,0,0,0
2024-06-01 04:00,4,6,5,0,34.0,56.4,0.0,0,7.43,46.87,85,0,0,0,0,0
2024-06-01 05:00,5,6,5,0,41.7,50.0,0.0,0,6.75,59.68,68,0,0,0,0,0
2024-06-01 06:00,6,6,5,0,43.4,50.6,2.5,0,6.84,92.62,71,0,0,0,0,0
2024-06-01 07:00,7,6,5,0,43.7,47.6,293.7,0,6.78,142.72,69,0,0,0,0,0
2024-06-01 08:00,8,6,5,0,46.4,52.1,510.1,0,6.92,199.35,61,0,0,0,0,0
2024-06-01 09:00,9,6,5,0,46.5,52.0,709.7,22,7.0,241.95,67,0,0,0,0,0
2024-06-01 10:00,10,6,5,0,47.4,56.8,857.1,27,6.79,273.43,66,0,0,0,0,0
2024-06-01 11:00,11,6,5,0,46.8,60.8,992.9,166,6.65,313.11,62,0,0,0,0,0
2024-06-01 12:00,12,6,5,0,46.8,57.1,1038.0,73,7.14,307.91,61,0,0,0,0,0
2024-06-01 13:00,13,6,5,0,45.1,59.9,1049.4,174,6.6,317.97,57,0,0,0,0,0
2024-06-01 14:00,14,6,5,0,45.8,63.7,989.3,135,6.64,307.5,63,0,0,0,0,0
2024-06-01 15:00,15,6,5,0,44.3,63.3,834.5,169,6.89,276.57,65,0,0,0,0,0
2024-06-01 16:00,16,6,5,0,43.8,61.0,695.3,171,6.69,249.03,70,0,0,0,0,0
2024-06-01 17:00,17,6,5,0,42.1,69.5,478.9,93,6.82,199.82,66,0,0,0,0,0
2024-06-01 18:00,18,6,5,0,38.0,70.5,246.1,0,7.69,125.05,68,0,0,0,0,0
2024-06-01 19:00,19,6,5,0,38.7,68.4,63.7,0,7.45,98.02,69,0,0,0,0,0
2024-06-01 20:00,20,6,5,0,38.4,68.1,0.0,0,7.67,81.59,70,0,0,0,0,0
2024-06-01 21:00,21,6,5,0,38.3,65.3,0.0,0,7.43,80.66,72,0,0,0,0,0
2024-06-01 22:00,22,6,5,0,37.7,61.3,0.0,0,7.66,77.11,74,0,0,0,0,0
2024-06-01 23:00,23,6,5,0,38.4,55.7,0.0,0,7.43,59.5,79,0,0,0,0,0
2024-06-02 00:00,0,6,6,0,31.8,60.3,0.0,0,7.58,34.82,82,0,0,0,0,0
2024-06-02 01:00,1,6,6,0,32.6,55.2,0.0,0,7.59,34.18,86,0,0,0,0,0
2024-06-02 02:00,2,6,6,0,32.9,57.3,0.0,0,7.44,34.42,92,0,0,0,0,0
2024-06-02 03:00,3,6,6,0,32.4,57.6,0.0,0,7.52,36.17,81,0,0,0,0,0
2024-06-02 04:00,4,6,6,0,33.1,53.1,0.0,0,7.45,35.9,88,0,0,0,0,0
2024-06-02 05:00,5,6,6,0,41.4,55.0,0.0,0,6.63,61.18,77,0,0,0,0,0
2024-06-02 06:00,6,6,6,0,43.7,51.1,0.0,0,6.67,92.0,73,0,0,0,0,0
2024-06-02 07:00,7,6,6,0,43.6,54.8,256.8,0,6.82,139.28,69,0,0,0,0,0
2024-06-02 08:00,8,6,6,0,45.1,52.3,481.2,0,6.98,186.23,71,0,0,0,0,0
2024-06-02 09:00,9,6,6,0,47.7,57.0,687.1,26,6.87,242.67,59,0,0,0,0,0
2024-06-02 10:00,10,6,6,0,46.1,63.2,879.7,125,6.63,286.37,60,0,0,0,0,0
2024-06-02 11:00,11,6,6,0,48.2,57.5,975.0,97,6.72,307.41,62,0,0,0,0,0
2024-06-02 12:00,12,6,6,0,46.3,57.1,1050.8,42,6.99,295.08,64,0,0,0,0,0
2024-06-02 13:00,13,6,6,0,46.5,55.6,1035.5,67,6.59,306.87,65,0,0,0,0,0
2024-06-02 14:00,14,6,6,0,45.1,66.4,944.2,21,6.74,278.55,65,0,0,0,0,0
2024-06-02 15:00,15,6,6,0,44.8,68.8,891.2,117,6.71,284.75,61,0,0,0,0,0
2024-06-02 16:00,16,6,6,0,42.2,71.2,683.2,158,6.62,245.68,63,0,0,0,0,0
2024-06-02 17:00,17,6,6,0,42.0,69.3,482.6,24,6.78,191.24,61,0,0,0,0,0
2024-06-02 18:00,18,6,6,0,37.3,67.1,262.2,0,7.87,124.24,72,0,0,0,0,0
2024-06-02 19:00,19,6,6,0,36.7,70.0,0.0,0,7.45,81.42,76,0,0,0,0,0
2024-06-02 20:00,20,6,6,0,37.6,64.3,0.0,0,7.24,75.91,74,0,0,0,0,0
2024-06-02 21:00,21,6,6,0,37.8,67.3,0.0,0,7.45,79.34,72,0,0,0,0,0
2024-06-02 22:00,22,6,6,0,38.3,65.6,0.0,0,7.44,80.14,71,0,0,0,0,0
2024-06-02 23:00,23,6,6,0,38.3,65.9,0.0,0,7.39,60.3,79,0,0,0,0,0
2024-06-03 00:00,0,6,0,1,32.2,58.2,0.0,19,7.81,36.11,77,0,0,0,0,0
2024-06-03 01:00,1,6,0,1,32.7,61.4,0.0,25,7.4,41.93,84,0,0,0,0,0
2024-06-03 02:00,2,6,0,1,33.0,59.6,0.0,31,7.41,43.69,82,0,0,0,0,0
2024-06-03 03:00,3,6,0,1,32.6,49.5,0.0,17,7.49,35.93,86,0,0,0,0,0
2024-06-03 04:00,4,6,0,1,33.7,54.2,0.0,9,7.62,41.41,87,0,0,0,0,0
2024-06-03 05:00,5,6,0,1,41.5,54.5,0.0,16,7.06,62.32,78,0,0,0,0,0
2024-06-03 06:00,6,6,0,1,43.2,49.4,0.5,7,7.03,89.51,68,0,0,0,0,0
2024-06-03 07:00,7,6,0,1,44.2,52.0,272.4,67,6.98,149.43,72,0,0,0,0,0
2024-06-03 08:00,8,6,0,1,45.2,53.6,469.4,672,6.82,277.82,63,0,0,0,0,0
2024-06-03 09:00,9,6,0,1,46.3,56.7,712.3,1013,6.38,365.73,54,0,0,0,0,0
2024-06-03 10:00,10,6,0,1,46.4,55.1,849.3,1095,6.89,403.53,49,0,0,0,0,0
2024-06-03 11:00,11,6,0,1,45.9,58.7,958.9,1120,6.67,428.38,53,0,0,0,0,0
2024-06-03 12:00,12,6,0,1,46.9,54.9,1026.4,890,7.07,409.99,46,0,0,0,0,0
2024-06-03 13:00,13,6,0,1,46.9,65.3,1066.7,705,6.87,402.3,46,0,0,0,0,0
2024-06-03 14:00,14,6,0,1,45.3,58.6,987.0,1073,6.91,424.77,52,0,0,0,0,0
2024-06-03 15:00,15,6,0,1,43.4,65.5,877.8,1309,6.9,428.71,55,0,0,0,0,0
2024-06-03 16:00,16,6,0,1,43.2,65.9,714.0,1147,6.66,378.96,51,0,0,0,0,0
2024-06-03 17:00,17,6,0,1,42.9,66.8,538.3,492,6.99,266.71,57,0,0,0,0,0
2024-06-03 18:00,18,6,0,1,36.9,67.1,234.9,289,7.35,155.08,73,0,0,0,0,0
2024-06-03 19:00,19,6,0,1,37.6,67.6,10.1,195,7.39,106.37,74,0,0,0,0,0
2024-06-03 20:00,20,6,0,1,37.4,68.5,0.0,194,7.52,103.57,74,0,0,0,0,0
2024-06-03 21:00,21,6,0,1,38.5,66.3,0.0,19,7.46,82.51,76,0,0,0,0,0
2024-06-03 22:00,22,6,0,1,38.4,58.7,0.0,50,7.46,84.26,75,0,0,0,0,0
2024-06-03 23:00,23,6,0,1,38.6,62.9,0.0,26,7.37,56.45,74,0,0,0,0,0
2024-06-04 00:00,0,6,1,1,31.7,63.1,0.0,9,7.53,39.51,83,0,0,0,0,0
2024-06-04 01:00,1,6,1,1,31.9,59.1,0.0,16,7.34,39.59,86,0,0,0,0,0
2024-06-04 02:00,2,6,1,1,32.9,53.7,0.0,7,7.51,37.61,86,0,0,0,0,0
2024-06-04 03:00,3,6,1,1,33.0,49.6,0.0,20,7.24,36.76,86,0,0,0,0,0
2024-06-04 04:00,4,6,1,1,32.9,55.1,0.0,21,7.55,38.06,83,0,0,0,0,0
2024-06-04 05:00,5,6,1,1,41.9,50.8,0.0,4,6.8,61.03,70,0,0,0,0,0
2024-06-04 06:00,6,6,1,1,43.3,55.1,0.0,16,6.97,100.2,68,0,0,0,0,0
2024-06-04 07:00,7,6,1,1,44.0,54.2,268.4,79,6.89,149.86,73,0,0,0,0,0
2024-06-04 08:00,8,6,1,1,45.9,55.7,475.5,616,6.73,271.14,63,0,0,0,0,0
2024-06-04 09:00,9,6,1,1,47.0,55.2,715.0,1075,6.66,373.62,55,0,0,0,0,0
2024-06-04 10:00,10,6,1,1,46.9,57.8,884.1,1270,6.65,430.99,50,0,0,0,0,0
2024-06-04 11:00,11,6,1,1,46.7,60.4,967.3,983,6.64,418.38,52,0,0,0,0,0
2024-06-04 12:00,12,6,1,1,47.3,61.3,984.0,789,6.82,396.5,57,0,0,0,0,0
2024-06-04 13:00,13,6,1,1,46.9,57.2,1039.2,602,6.72,379.85,51,0,0,0,0,0
2024-06-04 14:00,14,6,1,1,45.4,58.8,920.2,1166,6.91,423.37,51,0,0,0,0,0
2024-06-04 15:00,15,6,1,1,45.0,64.4,867.9,1094,6.67,408.53,54,0,0,0,0,0
2024-06-04 16:00,16,6,1,1,42.9,71.5,690.0,1190,6.8,383.49,50,0,0,0,0,0
2024-06-04 17:00,17,6,1,1,41.5,68.8,467.7,488,6.52,245.84,65,0,0,0,0,0
2024-06-04 18:00,18,6,1,1,37.1,66.9,270.7,401,7.57,174.35,70,0,0,0,0,0
2024-06-04 19:00,19,6,1,1,37.4,69.2,14.4,179,7.63,102.18,74,0,0,0,0,0
2024-06-04 20:00,20,6,1,1,38.5,64.9,0.0,142,7.68,100.31,75,0,0,0,0,0
2024-06-04 21:00,21,6,1,1,38.3,65.9,0.0,14,7.41,88.91,71,0,0,0,0,0
2024-06-04 22:00,22,6,1,1,39.5,70.0,0.0,7,7.56,93.51,67,0,0,0,0,0
2024-06-04 23:00,23,6,1,1,38.6,67.2,0.0,37,7.53,59.79,70,0,0,0,0,0
2024-06-05 00:00,0,6,2,1,32.0,59.7,0.0,18,7.6,40.26,84,0,0,0,0,0
2024-06-05 01:00,1,6,2,1,32.1,56.0,0.0,11,7.37,36.41,88,0,0,0,0,0
2024-06-05 02:00,2,6,2,1,32.8,61.4,0.0,34,7.23,42.71,84,0,0,0,0,0
2024-06-05 03:00,3,6,2,1,32.8,56.8,0.0,32,7.5,39.72,85,0,0,0,0,0
2024-06-05 04:00,4,6,2,1,33.1,52.7,0.0,34,7.41,39.28,85,0,0,0,0,0
2024-06-05 05:00,5,6,2,1,40.9,49.5,0.0,22,6.71,59.75,71,0,0,0,0,0
2024-06-05 06:00,6,6,2,1,42.0,50.6,30.0,46,6.99,97.87,77,0,0,0,0,0
2024-06-05 07:00,7,6,2,1,45.0,51.3,249.9,298,6.59,181.25,61,0,0,0,0,0
2024-06-05 08:00,8,6,2,1,45.3,50.3,481.0,642,6.83,264.83,61,0,0,0,0,0
2024-06-05 09:00,9,6,2,1,47.1,52.7,690.9,1366,6.61,402.04,51,0,0,0,0,0
2024-06-05 10:00,10,6,2,1,46.9,54.4,844.7,1094,6.78,407.0,54,0,0,0,0,0
2024-06-05 11:00,11,6,2,1,46.5,57.5,965.5,1199,6.82,434.17,58,0,0,0,0,0
2024-06-05 12:00,12,6,2,1,46.0,57.5,1076.3,896,6.92,417.69,57,0,0,0,0,0
2024-06-05 13:00,13,6,2,1,45.6,58.1,1033.3,710,7.21,378.47,56,0,0,0,0,0
2024-06-05 14:00,14,6,2,1,44.2,59.6,1014.8,1123,6.87,429.83,54,0,0,0,0,0
2024-06-05 15:00,15,6,2,1,43.7,64.7,861.8,1335,6.84,429.16,54,0,0,0,0,0
2024-06-05 16:00,16,6,2,1,43.8,66.1,673.5,1061,6.81,365.11,53,0,0,0,0,0
2024-06-05 17:00,17,6,2,1,42.3,67.8,489.1,403,6.65,240.38,60,0,0,0,0,0
2024-06-05 18:00,18,6,2,1,38.4,68.5,227.8,286,7.38,160.71,66,0,0,0,0,0
2024-06-05 19:00,19,6,2,1,37.7,72.7,8.4,115,7.59,102.41,68,0,0,0,0,0
2024-06-05 20:00,20,6,2,1,37.8,64.9,0.0,100,7.42,89.95,75,0,0,0,0,0
2024-06-05 21:00,21,6,2,1,38.2,65.5,0.0,52,7.42,81.94,74,0,0,0,0,0
2024-06-05 22:00,22,6,2,1,39.1,71.1,0.0,13,7.33,88.95,69,0,0,0,0,0
2024-06-05 23:00,23,6,2,1,37.9,63.2,0.0,8,7.39,53.85,76,0,0,0,0,0
2024-06-06 00:00,0,6,3,1,31.4,61.1,0.0,48,7.71,39.63,86,0,0,0,0,0
2024-06-06 01:00,1,6,3,1,32.9,53.6,0.0,2,7.74,33.66,86,0,0,0,0,0
2024-06-06 02:00,2,6,3,1,31.6,56.0,0.0,19,7.32,35.69,87,0,0,0,0,0
2024-06-06 03:00,3,6,3,1,34.2,57.3,0.0,44,7.51,40.91,86,0,0,0,0,0
2024-06-06 04:00,4,6,3,1,33.3,49.4,0.0,20,7.71,35.9,88,0,0,0,0,0
2024-06-06 05:00,5,6,3,1,42.3,53.9,0.0,2,7.05,59.54,69,0,0,0,0,0
2024-06-06 06:00,6,6,3,1,43.5,51.8,0.0,7,7.21,92.43,72,0,0,0,0,0
2024-06-06 07:00,7,6,3,1,44.4,51.3,230.2,239,6.5,167.47,66,0,0,0,0,0
2024-06-06 08:00,8,6,3,1,45.5,53.1,507.2,718,6.6,286.99,58,0,0,0,0,0
2024-06-06 09:00,9,6,3,1,46.0,54.3,678.1,1200,6.59,379.88,48,0,0,0,0,0
2024-06-06 10:00,10,6,3,1,46.0,52.8,860.9,1344,6.64,434.12,57,0,0,0,0,0
2024-06-06 11:00,11,6,3,1,45.8,63.0,1013.5,901,6.88,408.77,58,0,0,0,0,0
2024-06-06 12:00,12,6,3,1,47.3,59.1,1067.0,777,6.71,405.1,56,0,0,0,0,0
2024-06-06 13:00,13,6,3,1,47.1,57.6,1028.3,676,6.67,384.91,55,0,0,0,0,0
2024-06-06 14:00,14,6,3,1,45.5,63.5,1001.8,1032,6.95,426.36,52,0,0,0,0,0
2024-06-06 15:00,15,6,3,1,43.9,61.1,863.5,1270,7.09,421.29,56,0,0,0,0,0
2024-06-06 16:00,16,6,3,1,43.2,67.8,712.9,933,6.78,346.74,57,0,0,0,0,0
2024-06-06 17:00,17,6,3,1,42.6,69.9,486.2,308,6.85,229.08,63,0,0,0,0,0
2024-06-06 18:00,18,6,3,1,37.9,65.1,259.0,408,7.49,181.28,71,0,0,0,0,0
2024-06-06 19:00,19,6,3,1,37.5,65.2,0.0,103,7.5,92.52,76,0,0,0,0,0
2024-06-06 20:00,20,6,3,1,38.4,64.7,0.0,156,7.33,100.43,73,0,0,0,0,0
2024-06-06 21:00,21,6,3,1,38.1,63.3,0.0,36,7.65,83.97,72,0,0,0,0,0
2024-06-06 22:00,22,6,3,1,38.3,67.2,0.0,52,7.32,90.46,69,0,0,0,0,0
2024-06-06 23:00,23,6,3,1,39.3,62.3,0.0,2,7.29,60.44,73,0,0,0,0,0
2024-06-07 00:00,0,6,4,1,32.4,58.2,0.0,0,7.63,34.46,89,0,0,0,0,0
2024-06-07 01:00,1,6,4,1,31.2,57.7,0.0,25,7.54,35.5,88,0,0,0,0,0
2024-06-07 02:00,2,6,4,1,32.3,61.5,0.0,38,7.56,41.1,92,0,0,0,0,0
2024-06-07 03:00,3,6,4,1,32.9,53.6,0.0,10,7.36,36.74,83,0,0,0,0,0
2024-06-07 04:00,4,6,4,1,33.5,52.8,0.0,49,7.07,39.63,84,0,0,0,0,0
2024-06-07 05:00,5,6,4,1,42.1,54.3,0.0,37,6.92,68.11,73,0,0,0,0,0
2024-06-07 06:00,6,6,4,1,43.3,55.5,0.0,33,6.84,98.09,73,0,0,0,0,0
2024-06-07 07:00,7,6,4,1,44.8,48.6,221.7,239,6.86,168.98,60,0,0,0,0,0
2024-06-07 08:00,8,6,4,1,46.2,52.5,480.2,649,7.0,276.01,64,0,0,0,0,0
2024-06-07 09:00,9,6,4,1,45.0,57.3,678.4,1106,6.95,372.45,54,0,0,0,0,0
2024-06-07 10:00,10,6,4,1,45.9,55.4,847.3,1099,6.55,400.19,49,0,0,0,0,0
2024-06-07 11:00,11,6,4,1,47.9,61.3,976.4,1083,6.84,436.34,46,0,0,0,0,0
2024-06-07 12:00,12,6,4,1,45.1,63.9,1048.0,733,6.99,386.52,58,0,0,0,0,0
2024-06-07 13:00,13,6,4,1,46.4,62.8,1007.6,876,6.92,412.53,53,0,0,0,0,0
2024-06-07 14:00,14,6,4,1,47.3,58.1,984.0,1054,6.83,422.63,52,0,0,0,0,0
2024-06-07 15:00,15,6,4,1,45.0,60.8,871.2,1160,6.75,414.44,52,0,0,0,0,0
2024-06-07 16:00,16,6,4,1,44.5,65.5,707.9,1154,6.7,384.96,50,0,0,0,0,0
2024-06-07 17:00,17,6,4,1,42.2,63.9,485.7,599,6.66,257.58,60,0,0,0,0,0
2024-06-07 18:00,18,6,4,1,37.8,73.6,246.7,444,7.62,188.62,66,0,0,0,0,0
2024-06-07 19:00,19,6,4,1,36.9,67.1,0.0,197,7.6,100.83,80,0,0,0,0,0
2024-06-07 20:00,20,6,4,1,37.9,72.0,0.0,84,7.68,92.45,78,0,0,0,0,0
2024-06-07 21:00,21,6,4,1,37.8,67.6,0.0,26,7.56,83.5,71,0,0,0,0,0
2024-06-07 22:00,22,6,4,1,39.1,63.2,0.0,59,7.28,87.28,75,0,0,0,0,0
2024-06-07 23:00,23,6,4,1,39.4,64.1,0.0,50,7.56,68.52,75,0,0,0,0,0
2024-06-08 00:00,0,6,5,0,32.2,56.0,0.0,0,7.35,34.2,83,0,0,0,0,0
2024-06-08 01:00,1,6,5,0,31.7,53.7,0.0,0,7.54,33.77,88,0,0,0,0,0
2024-06-08 02:00,2,6,5,0,32.9,57.4,0.0,0,7.09,38.08,79,0,0,0,0,0
2024-06-08 03:00,3,6,5,0,32.9,55.3,0.0,0,7.43,41.93,86,0,0,0,0,0
2024-06-08 04:00,4,6,5,0,33.3,50.6,0.0,0,7.42,36.86,91,0,0,0,0,0
2024-06-08 05:00,5,6,5,0,41.1,48.3,0.0,0,6.97,50.41,72,0,0,0,0,0
2024-06-08 06:00,6,6,5,0,43.5,52.6,0.0,0,7.08,95.14,69,0,0,0,0,0
2024-06-08 07:00,7,6,5,0,45.0,52.5,251.8,0,6.57,141.17,69,0,0,0,0,0
2024-06-08 08:00,8,6,5,0,45.8,54.8,497.4,0,6.89,189.07,69,0,0,0,0,0
2024-06-08 09:00,9,6,5,0,45.6,51.2,675.5,27,6.73,220.38,66,0,0,0,0,0
2024-06-08 10:00,10,6,5,0,47.7,52.7,843.7,108,6.94,272.69,61,0,0,0,0,0
2024-06-08 11:00,11,6,5,0,47.0,57.8,997.3,21,6.99,294.37,63,0,0,0,0,0
2024-06-08 12:00,12,6,5,0,46.7,59.2,1048.2,132,6.9,315.91,65,0,0,0,0,0
2024-06-08 13:00,13,6,5,0,46.3,63.1,1048.6,68,6.55,310.96,60,0,0,0,0,0
2024-06-08 14:00,14,6,5,0,45.3,64.9,995.9,46,6.85,298.69,65,0,0,0,0,0
2024-06-08 15:00,15,6,5,0,44.5,61.7,851.8,34,7.0,260.15,63,0,0,0,0,0
2024-06-08 16:00,16,6,5,0,43.1,69.0,711.1,153,6.83,254.12,65,0,0,0,0,0
2024-06-08 17:00,17,6,5,0,42.0,63.5,461.1,156,6.94,199.23,63,0,0,0,0,0
2024-06-08 18:00,18,6,5,0,38.6,71.0,245.5,0,7.43,133.49,78,0,0,0,0,0
2024-06-08 19:00,19,6,5,0,36.6,67.7,24.1,0,7.61,79.45,76,0,0,0,0,0
2024-06-08 20:00,20,6,5,0,38.5,64.5,0.0,0,7.52,84.02,78,0,0,0,0,0
2024-06-08 21:00,21,6,5,0,38.6,66.8,0.0,0,7.27,82.89,74,0,0,0,0,0
2024-06-08 22:00,22,6,5,0,37.9,60.7,0.0,0,7.84,76.91,74,0,0,0,0,0
2024-06-08 23:00,23,6,5,0,39.0,67.9,0.0,0,7.4,65.48,73,0,0,0,0,0
2024-06-09 00:00,0,6,6,0,31.1,62.3,0.0,0,7.53,33.67,87,0,0,0,0,0
2024-06-09 01:00,1,6,6,0,32.3,57.0,0.0,0,7.38,36.74,84,0,0,0,0,0
2024-06-09 02:00,2,6,6,0,31.8,60.2,0.0,0,7.51,34.67,88,0,0,0,0,0
2024-06-09 03:00,3,6,6,0,32.3,52.4,0.0,0,7.52,30.32,91,0,0,0,0,0
2024-06-09 04:00,4,6,6,0,33.8,50.2,0.0,0,7.44,38.73,88,0,0,0,0,0
2024-06-09 05:00,5,6,6,0,41.7,52.7,0.0,0,6.75,62.9,74,0,0,0,0,0
2024-06-09 06:00,6,6,6,0,44.0,52.7,9.3,0,6.86,97.85,64,0,0,0,0,0
2024-06-09 07:00,7,6,6,0,44.3,49.9,289.0,0,6.56,144.76,66,0,0,0,0,0
2024-06-09 08:00,8,6,6,0,46.3,49.6,496.5,0,6.77,191.07,68,0,0,0,0,0
2024-06-09 09:00,9,6,6,0,46.6,53.2,722.9,178,6.95,261.42,68,0,0,0,0,0
2024-06-09 10:00,10,6,6,0,46.8,59.7,856.1,106,6.58,278.19,61,0,0,0,0,0
2024-06-09 11:00,11,6,6,0,46.5,55.3,993.5,159,6.53,305.97,60,0,0,0,0,0
2024-06-09 12:00,12,6,6,0,46.4,57.4,1024.4,100,7.04,302.81,63,0,0,0,0,0
2024-06-09 13:00,13,6,6,0,47.2,61.2,1036.9,147,6.81,319.05,63,0,0,0,0,0
2024-06-09 14:00,14,6,6,0,45.7,65.3,947.6,26,6.87,281.69,59,0,0,0,0,0
2024-06-09 15:00,15,6,6,0,45.2,71.0,881.3,90,6.85,285.48,63,0,0,0,0,0
2024-06-09 16:00,16,6,6,0,43.7,71.5,670.4,75,6.67,241.07,63,0,0,0,0,0
2024-06-09 17:00,17,6,6,0,43.4,68.1,522.2,120,6.77,211.51,65,0,0,0,0,0
2024-06-09 18:00,18,6,6,0,37.2,66.6,241.1,0,7.59,120.99,76,0,0,0,0,0
2024-06-09 19:00,19,6,6,0,37.0,69.0,0.0,0,7.65,75.02,72,0,0,0,0,0
2024-06-09 20:00,20,6,6,0,38.1,68.7,0.0,0,7.66,82.57,73,0,0,0,0,0
2024-06-09 21:00,21,6,6,0,38.2,61.8,0.0,0,7.47,75.47,74,0,0,0,0,0
2024-06-09 22:00,22,6,6,0,37.6,67.1,0.0,0,7.46,75.19,73,0,0,0,0,0
2024-06-09 23:00,23,6,6,0,38.6,62.9,0.0,0,7.45,55.83,72,0,0,0,0,0
2024-06-10 00:00,0,6,0,1,32.7,60.5,0.0,40,7.58,41.74,84,0,0,0,0,0
2024-06-10 01:00,1,6,0,1,32.1,57.9,0.0,19,7.21,38.51,91,0,0,0,0,0
2024-06-10 02:00,2,6,0,1,32.1,54.6,0.0,21,7.65,34.89,81,0,0,0,0,0
2024-06-10 03:00,3,6,0,1,31.5,57.8,0.0,38,7.45,36.01,82,0,0,0,0,0
2024-06-10 04:00,4,6,0,1,33.4,59.8,0.0,43,7.4,45.1,81,0,0,0,0,0
2024-06-10 05:00,5,6,0,1,41.9,56.1,0.0,25,6.9,66.07,67,0,0,0,0,0
2024-06-10 06:00,6,6,0,1,43.9,56.4,0.0,16,6.67,97.34,67,0,0,0,0,0
2024-06-10 07:00,7,6,0,1,45.7,53.0,254.8,257,7.04,181.13,65,0,0,0,0,0
2024-06-10 08:00,8,6,0,1,45.7,56.9,503.3,741,6.6,292.18,62,0,0,0,0,0
2024-06-10 09:00,9,6,0,1,45.9,54.1,699.0,1271,6.85,394.68,54,0,0,0,0,0
2024-06-10 10:00,10,6,0,1,47.6,53.9,851.9,1256,6.77,427.54,49,0,0,0,0,0
2024-06-10 11:00,11,6,0,1,47.0,57.9,966.0,1091,6.79,432.67,54,0,0,0,0,0
2024-06-10 12:00,12,6,0,1,47.4,64.9,1016.7,907,6.99,418.68,51,0,0,0,0,0
2024-06-10 13:00,13,6,0,1,47.0,61.5,1036.4,771,6.5,402.76,50,0,0,0,0,0
2024-06-10 14:00,14,6,0,1,44.5,65.1,969.1,1051,6.92,416.48,52,0,0,0,0,0
2024-06-10 15:00,15,6,0,1,44.3,64.5,876.6,1285,6.71,428.33,57,0,0,0,0,0
2024-06-10 16:00,16,6,0,1,43.4,69.8,692.7,1168,7.06,383.8,57,0,0,0,0,0
2024-06-10 17:00,17,6,0,1,42.3,71.9,453.6,449,6.95,242.68,63,0,0,0,0,0
2024-06-10 18:00,18,6,0,1,37.9,64.4,248.5,244,7.41,158.02,73,0,0,0,0,0
2024-06-10 19:00,19,6,0,1,37.9,71.7,40.2,98,7.47,102.65,67,0,0,0,0,0
2024-06-10 20:00,20,6,0,1,36.8,70.6,0.0,82,7.44,89.77,75,0,0,0,0,0
2024-06-10 21:00,21,6,0,1,39.1,68.4,0.0,39,7.61,94.35,75,0,0,0,0,0
2024-06-10 22:00,22,6,0,1,39.7,61.7,0.0,58,7.37,90.08,66,0,0,0,0,0
2024-06-10 23:00,23,6,0,1,38.5,64.9,0.0,18,7.54,62.11,81,0,0,0,0,0
2024-06-11 00:00,0,6,1,1,31.6,61.4,0.0,18,7.78,38.0,85,0,0,0,0,0
2024-06-11 01:00,1,6,1,1,32.0,53.9,0.0,36,7.37,36.2,85,0,0,0,0,0
2024-06-11 02:00,2,6,1,1,32.7,58.4,0.0,36,7.5,38.83,84,0,0,0,0,0
2024-06-11 03:00,3,6,1,1,32.5,50.1,0.0,5,7.5,31.92,82,0,0,0,0,0
2024-06-11 04:00,4,6,1,1,32.8,54.8,0.0,42,7.34,38.34,86,0,0,0,0,0
2024-06-11 05:00,5,6,1,1,42.8,49.7,0.0,34,6.63,65.29,71,0,0,0,0,0
2024-06-11 06:00,6,6,1,1,43.9,52.8,6.2,19,7.01,96.19,72,0,0,0,0,0
2024-06-11 07:00,7,6,1,1,45.1,55.6,245.8,186,6.93,170.6,70,0,0,0,0,0
2024-06-11 08:00,8,6,1,1,45.0,53.6,474.6,703,6.93,273.98,58,0,0,0,0,0
2024-06-11 09:00,9,6,1,1,46.4,53.6,694.9,1247,6.93,389.08,55,0,0,0,0,0
2024-06-11 10:00,10,6,1,1,46.4,55.9,863.4,1385,6.56,442.08,48,0,0,0,0,0
2024-06-11 11:00,11,6,1,1,46.9,62.5,986.1,955,6.97,415.63,57,0,0,0,0,0
2024-06-11 12:00,12,6,1,1,46.3,55.9,1069.9,866,6.97,409.05,59,0,0,0,0,0
2024-06-11 13:00,13,6,1,1,46.2,60.1,1034.6,909,6.79,413.85,56,0,0,0,0,0
2024-06-11 14:00,14,6,1,1,44.8,61.0,991.4,1384,6.84,466.76,53,0,0,0,0,0
2024-06-11 15:00,15,6,1,1,45.2,70.4,852.2,1032,6.76,397.94,54,0,0,0,0,0
2024-06-11 16:00,16,6,1,1,42.1,65.8,708.6,1158,6.84,375.01,56,0,0,0,0,0
2024-06-11 17:00,17,6,1,1,42.9,65.6,479.5,409,6.8,235.07,68,0,0,0,0,0
2024-06-11 18:00,18,6,1,1,37.1,67.2,234.0,528,7.35,188.06,71,0,0,0,0,0
2024-06-11 19:00,19,6,1,1,37.1,68.7,13.8,135,7.79,99.58,76,0,0,0,0,0
2024-06-11 20:00,20,6,1,1,38.2,68.9,0.0,74,7.69,92.84,73,0,0,0,0,0
2024-06-11 21:00,21,6,1,1,38.6,67.6,0.0,5,7.54,86.47,70,0,0,0,0,0
2024-06-11 22:00,22,6,1,1,38.7,70.7,0.0,53,7.55,93.75,71,0,0,0,0,0
2024-06-11 23:00,23,6,1,1,38.8,61.2,0.0,47,7.7,65.5,77,0,0,0,0,0
2024-06-12 00:00,0,6,2,1,32.4,66.9,0.0,30,7.66,48.62,80,0,0,0,0,0
2024-06-12 01:00,1,6,2,1,33.1,59.0,0.0,15,7.3,41.23,81,0,0,0,0,0
2024-06-12 02:00,2,6,2,1,32.5,59.6,0.0,25,7.63,36.67,83,0,0,0,0,0
2024-06-12 03:00,3,6,2,1,33.5,48.2,0.0,22,7.51,38.71,83,0,0,0,0,0
2024-06-12 04:00,4,6,2,1,32.7,55.7,0.0,36,7.58,39.86,90,0,0,0,0,0
2024-06-12 05:00,5,6,2,1,42.0,49.8,0.0,25,6.82,64.08,75,0,0,0,0,0
2024-06-12 06:00,6,6,2,1,43.3,51.8,0.0,10,6.57,87.97,69,0,0,0,0,0
2024-06-12 07:00,7,6,2,1,44.3,54.4,258.3,205,6.57,173.21,68,0,0,0,0,0
2024-06-12 08:00,8,6,2,1,45.9,47.6,464.6,676,6.88,269.83,58,0,0,0,0,0
2024-06-12 09:00,9,6,2,1,46.4,52.8,660.0,1184,6.8,379.12,57,0,0,0,0,0
2024-06-12 10:00,10,6,2,1,46.9,53.6,867.5,1028,6.89,400.13,56,0,0,0,0,0
2024-06-12 11:00,11,6,2,1,46.7,50.2,960.4,1356,6.57,455.11,49,0,0,0,0,0
2024-06-12 12:00,12,6,2,1,46.7,62.9,1058.2,686,6.62,393.25,55,0,0,0,0,0
2024-06-12 13:00,13,6,2,1,47.0,68.4,1012.7,866,6.76,413.23,47,0,0,0,0,0
2024-06-12 14:00,14,6,2,1,45.2,62.2,962.7,1002,6.49,410.28,53,0,0,0,0,0
2024-06-12 15:00,15,6,2,1,43.5,64.4,894.6,1298,6.9,430.86,57,0,0,0,0,0
2024-06-12 16:00,16,6,2,1,42.5,66.3,679.9,1349,6.96,399.2,51,0,0,0,0,0
2024-06-12 17:00,17,6,2,1,41.2,64.3,514.1,439,6.83,236.42,66,0,0,0,0,0
2024-06-12 18:00,18,6,2,1,36.7,61.4,267.2,388,7.48,166.68,76,0,0,0,0,0
2024-06-12 19:00,19,6,2,1,37.4,71.6,0.0,120,7.36,93.55,72,0,0,0,0,0
2024-06-12 20:00,20,6,2,1,38.4,70.2,0.0,80,7.63,95.93,69,0,0,0,0,0
2024-06-12 21:00,21,6,2,1,37.2,69.1,0.0,41,7.54,89.72,73,0,0,0,0,0
2024-06-12 22:00,22,6,2,1,37.5,65.1,0.0,54,7.47,87.91,74,0,0,0,0,0
2024-06-12 23:00,23,6,2,1,38.3,62.2,0.0,2,7.44,54.63,76,0,0,0,0,0
2024-06-13 00:00,0,6,3,1,31.8,59.7,0.0,33,7.87,39.42,88,0,0,0,0,0
2024-06-13 01:00,1,6,3,1,32.9,60.9,0.0,47,7.44,44.93,77,0,0,0,0,0
2024-06-13 02:00,2,6,3,1,33.3,52.1,0.0,42,7.34,42.78,79,0,0,0,0,0
2024-06-13 03:00,3,6,3,1,33.2,54.5,0.0,17,7.49,37.57,78,0,0,0,0,0
2024-06-13 04:00,4,6,3,1,33.3,56.7,0.0,41,7.53,41.67,85,0,0,0,0,0
2024-06-13 05:00,5,6,3,1,41.7,54.1,0.0,25,6.79,65.0,74,0,0,0,0,0
2024-06-13 06:00,6,6,3,1,43.2,47.2,21.0,36,6.61,95.2,71,0,0,0,0,0
2024-06-13 07:00,7,6,3,1,44.0,57.9,263.6,283,7.05,187.92,66,0,0,0,0,0
2024-06-13 08:00,8,6,3,1,45.3,54.6,462.6,416,6.74,237.05,62,0,0,0,0,0
2024-06-13 09:00,9,6,3,1,46.6,59.0,685.5,990,6.63,361.96,49,0,0,0,0,0
2024-06-13 10:00,10,6,3,1,45.3,55.5,871.5,1190,6.72,410.48,53,0,0,0,0,0
2024-06-13 11:00,11,6,3,1,46.6,56.8,967.4,1001,6.91,414.88,52,0,0,0,0,0
2024-06-13 12:00,12,6,3,1,47.5,59.5,1077.1,834,6.72,414.88,58,0,0,0,0,0
2024-06-13 13:00,13,6,3,1,47.6,61.8,1061.4,819,6.97,413.13,55,0,0,0,0,0
2024-06-13 14:00,14,6,3,1,45.5,71.0,964.6,1140,6.99,439.27,47,0,0,0,0,0
2024-06-13 15:00,15,6,3,1,43.4,62.6,831.8,1052,6.68,384.02,57,0,0,0,0,0
2024-06-13 16:00,16,6,3,1,43.4,66.7,715.4,1074,6.9,369.72,51,0,0,0,0,0
2024-06-13 17:00,17,6,3,1,42.3,70.9,508.9,340,6.99,240.87,59,0,0,0,0,0
2024-06-13 18:00,18,6,3,1,37.1,68.3,251.4,334,7.62,168.85,71,0,0,0,0,0
2024-06-13 19:00,19,6,3,1,37.2,67.0,0.0,173,7.68,101.38,74,0,0,0,0,0
2024-06-13 20:00,20,6,3,1,36.6,70.9,0.0,88,6.98,84.97,72,0,0,0,0,0
2024-06-13 21:00,21,6,3,1,39.4,64.9,0.0,30,7.45,88.24,71,0,0,0,0,0
2024-06-13 22:00,22,6,3,1,37.7,61.6,0.0,54,7.76,84.31,75,0,0,0,0,0
2024-06-13 23:00,23,6,3,1,39.3,63.0,0.0,44,7.31,66.45,67,0,0,0,0,0
2024-06-14 00:00,0,6,4,1,32.9,57.2,0.0,36,7.56,43.69,83,0,0,0,0,0
2024-06-14 01:00,1,6,4,1,31.8,58.0,0.0,45,7.57,40.17,87,0,0,0,0,0
2024-06-14 02:00,2,6,4,1,33.4,52.1,0.0,9,7.64,33.55,87,0,0,0,0,0
2024-06-14 03:00,3,6,4,1,32.9,58.9,0.0,19,7.52,33.63,87,0,0,0,0,0
2024-06-14 04:00,4,6,4,1,33.9,55.6,0.0,40,7.65,46.24,89,0,0,0,0,0
2024-06-14 05:00,5,6,4,1,41.4,51.6,0.0,9,6.84,59.02,70,0,0,0,0,0
2024-06-14 06:00,6,6,4,1,44.0,50.5,0.0,9,6.9,96.49,69,0,0,0,0,0
2024-06-14 07:00,7,6,4,1,43.7,52.8,244.2,143,6.51,159.07,66,0,0,0,0,0
2024-06-14 08:00,8,6,4,1,45.4,49.7,489.7,469,6.95,246.81,67,0,0,0,0,0
2024-06-14 09:00,9,6,4,1,46.9,52.7,691.3,868,6.61,342.1,59,0,0,0,0,0
2024-06-14 10:00,10,6,4,1,46.3,55.6,815.0,993,6.71,381.01,57,0,0,0,0,0
2024-06-14 11:00,11,6,4,1,46.1,55.1,1008.8,1107,6.68,428.64,52,0,0,0,0,0
2024-06-14 12:00,12,6,4,1,47.3,58.8,1065.1,650,6.52,390.59,54,0,0,0,0,0
2024-06-14 13:00,13,6,4,1,46.8,62.8,1004.7,829,6.61,399.52,55,0,0,0,0,0
2024-06-14 14:00,14,6,4,1,46.5,68.6,972.4,1059,6.85,423.91,51,0,0,0,0,0
2024-06-14 15:00,15,6,4,1,44.3,71.8,849.6,1188,6.46,413.97,49,0,0,0,0,0
2024-06-14 16:00,16,6,4,1,43.6,68.3,690.3,1098,7.03,377.19,58,0,0,0,0,0
2024-06-14 17:00,17,6,4,1,43.0,71.2,502.5,582,6.78,271.26,55,0,0,0,0,0
2024-06-14 18:00,18,6,4,1,37.6,68.1,232.1,531,7.42,195.58,66,0,0,0,0,0
2024-06-14 19:00,19,6,4,1,37.5,67.1,4.3,141,7.5,96.99,74,0,0,0,0,0
2024-06-14 20:00,20,6,4,1,37.8,61.9,0.0,90,7.35,93.3,79,0,0,0,0,0
2024-06-14 21:00,21,6,4,1,38.0,67.6,0.0,11,7.36,81.97,73,0,0,0,0,0
2024-06-14 22:00,22,6,4,1,39.5,66.0,0.0,45,7.38,90.96,72,0,0,0,0,0
2024-06-14 23:00,23,6,4,1,39.3,57.8,0.0,39,7.41,60.02,72,0,0,0,0,0
2024-06-15 00:00,0,6,5,0,31.8,55.6,0.0,0,7.69,30.43,84,0,0,0,0,0
2024-06-15 01:00,1,6,5,0,31.9,58.1,0.0,0,7.6,35.65,90,0,0,0,0,0
2024-06-15 02:00,2,6,5,0,32.7,62.4,0.0,0,7.66,39.37,83,0,0,0,0,0
2024-06-15 03:00,3,6,5,0,32.0,51.9,0.0,0,7.81,29.44,87,0,0,0,0,0
2024-06-15 04:00,4,6,5,0,33.3,51.7,0.0,0,7.57,36.83,87,0,0,0,0,0
2024-06-15 05:00,5,6,5,0,41.3,50.1,0.0,0,6.62,55.31,72,0,0,0,0,0
2024-06-15 06:00,6,6,5,0,42.3,50.3,26.5,0,6.95,91.47,72,0,0,0,0,0
2024-06-15 07:00,7,6,5,0,45.6,50.9,242.0,0,6.95,151.9,66,0,0,0,0,0
2024-06-15 08:00,8,6,5,0,44.8,52.2,467.9,0,7.03,183.83,72,0,0,0,0,0
2024-06-15 09:00,9,6,5,0,46.6,56.6,703.9,52,6.84,240.54,57,0,0,0,0,0
2024-06-15 10:00,10,6,5,0,47.5,55.7,877.1,157,6.76,289.05,63,0,0,0,0,0
2024-06-15 11:00,11,6,5,0,46.0,57.0,994.3,174,6.69,309.49,65,0,0,0,0,0
2024-06-15 12:00,12,6,5,0,46.4,64.8,1038.8,64,6.64,307.49,61,0,0,0,0,0
2024-06-15 13:00,13,6,5,0,45.9,64.1,1049.7,31,6.8,307.7,62,0,0,0,0,0
2024-06-15 14:00,14,6,5,0,46.1,61.4,966.0,142,6.58,298.94,63,0,0,0,0,0
2024-06-15 15:00,15,6,5,0,44.5,64.3,879.9,53,6.73,274.89,62,0,0,0,0,0
2024-06-15 16:00,16,6,5,0,43.2,70.9,658.3,97,7.02,239.67,59,0,0,0,0,0
2024-06-15 17:00,17,6,5,0,41.3,67.2,454.0,80,6.82,191.93,74,0,0,0,0,0
2024-06-15 18:00,18,6,5,0,36.7,70.4,263.7,0,7.42,125.31,78,0,0,0,0,0
2024-06-15 19:00,19,6,5,0,37.7,64.1,0.0,0,7.67,75.86,78,0,0,0,0,0
2024-06-15 20:00,20,6,5,0,37.2,60.3,0.0,0,7.39,73.3,77,0,0,0,0,0
2024-06-15 21:00,21,6,5,0,38.3,74.2,0.0,0,7.54,86.68,71,0,0,0,0,0
2024-06-15 22:00,22,6,5,0,38.0,66.4,0.0,0,7.54,76.15,80,0,0,0,0,0
2024-06-15 23:00,23,6,5,0,39.9,67.2,0.0,0,7.43,64.83,71,0,0,0,0,0
2024-06-16 00:00,0,6,6,0,31.6,58.6,0.0,0,7.51,38.33,86,0,0,0,0,0
2024-06-16 01:00,1,6,6,0,32.6,56.1,0.0,0,7.47,33.67,85,0,0,0,0,0
2024-06-16 02:00,2,6,6,0,32.8,56.4,0.0,0,7.42,34.91,81,0,0,0,0,0
2024-06-16 03:00,3,6,6,0,33.7,54.7,0.0,0,7.51,39.1,90,0,0,0,0,0
2024-06-16 04:00,4,6,6,0,33.2,45.0,0.0,0,7.69,33.66,85,0,0,0,0,0
2024-06-16 05:00,5,6,6,0,41.3,54.9,0.0,0,6.73,60.9,73,0,0,0,0,0
2024-06-16 06:00,6,6,6,0,41.9,51.2,25.1,0,6.92,85.25,77,0,0,0,0,0
2024-06-16 07:00,7,6,6,0,44.8,45.0,219.0,0,6.75,139.16,69,0,0,0,0,0
2024-06-16 08:00,8,6,6,0,46.6,52.9,474.4,0,6.7,189.64,68,0,0,0,0,0
2024-06-16 09:00,9,6,6,0,45.4,56.6,678.1,85,6.89,236.86,68,0,0,0,0,0
2024-06-16 10:00,10,6,6,0,47.1,61.4,839.4,167,6.77,290.79,61,0,0,0,0,0
2024-06-16 11:00,11,6,6,0,46.8,57.2,946.5,175,6.74,301.82,65,0,0,0,0,0
2024-06-16 12:00,12,6,6,0,47.2,57.1,1041.2,171,6.7,321.34,54,0,0,0,0,0
2024-06-16 13:00,13,6,6,0,46.1,62.6,1053.0,27,6.76,300.88,60,0,0,0,0,0
2024-06-16 14:00,14,6,6,0,44.5,62.0,953.0,107,6.92,291.79,63,0,0,0,0,0
2024-06-16 15:00,15,6,6,0,44.8,62.2,879.8,175,6.6,285.95,64,0,0,0,0,0
2024-06-16 16:00,16,6,6,0,43.1,68.1,678.0,142,6.81,241.35,64,0,0,0,0,0
2024-06-16 17:00,17,6,6,0,42.0,60.1,473.9,46,6.77,180.62,75,0,0,0,0,0
2024-06-16 18:00,18,6,6,0,35.8,65.9,267.6,0,7.54,124.3,76,0,0,0,0,0
2024-06-16 19:00,19,6,6,0,37.4,66.4,15.7,0,7.59,80.06,74,0,0,0,0,0
2024-06-16 20:00,20,6,6,0,38.1,66.2,0.0,0,7.51,79.98,70,0,0,0,0,0
2024-06-16 21:00,21,6,6,0,37.9,61.1,0.0,0,7.52,78.06,75,0,0,0,0,0
2024-06-16 22:00,22,6,6,0,38.7,62.1,0.0,0,7.44,79.85,77,0,0,0,0,0
2024-06-16 23:00,23,6,6,0,38.5,58.1,0.0,0,7.27,58.05,75,0,0,0,0,0
2024-06-17 00:00,0,6,0,1,31.1,59.2,0.0,9,7.49,33.1,90,0,0,0,1,0
2024-06-17 01:00,1,6,0,1,32.3,57.4,0.0,7,7.55,35.74,84,0,0,0,1,0
2024-06-17 02:00,2,6,0,1,33.1,54.7,0.0,16,7.49,37.49,84,0,0,0,1,0
2024-06-17 03:00,3,6,0,1,32.9,51.8,0.0,10,7.49,34.15,84,0,0,0,1,0
2024-06-17 04:00,4,6,0,1,33.9,54.5,0.0,26,7.73,40.72,86,0,0,0,1,0
2024-06-17 05:00,5,6,0,1,41.9,60.1,0.0,20,6.8,70.0,67,0,0,0,1,0
2024-06-17 06:00,6,6,0,1,42.5,48.2,0.0,13,6.8,89.93,71,0,0,0,1,0
2024-06-17 07:00,7,6,0,1,44.7,49.0,241.1,0,6.73,137.68,71,0,0,0,1,0
2024-06-17 08:00,8,6,0,1,45.8,54.9,453.4,40,7.14,190.22,70,0,0,0,1,0
2024-06-17 09:00,9,6,0,1,45.9,52.1,712.1,98,6.99,241.18,65,0,0,0,1,0
2024-06-17 10:00,10,6,0,1,46.0,53.5,853.7,68,6.79,267.04,68,0,0,0,1,0
2024-06-17 11:00,11,6,0,1,46.3,61.1,993.9,103,6.98,300.95,63,0,0,0,1,0
2024-06-17 12:00,12,6,0,1,47.9,58.9,1046.8,51,6.66,307.8,64,0,0,0,1,0
2024-06-17 13:00,13,6,0,1,46.5,65.9,1033.0,86,6.86,312.63,57,0,0,0,1,0
2024-06-17 14:00,14,6,0,1,44.9,61.6,987.9,104,6.86,296.74,62,0,0,0,1,0
2024-06-17 15:00,15,6,0,1,44.7,64.3,861.7,58,6.91,268.4,58,0,0,0,1,0
2024-06-17 16:00,16,6,0,1,44.4,62.3,717.2,15,6.99,231.55,70,0,0,0,1,0
2024-06-17 17:00,17,6,0,1,41.7,70.8,476.5,21,6.99,187.48,61,0,0,0,1,0
2024-06-17 18:00,18,6,0,1,37.9,65.1,214.8,4,7.47,113.8,75,0,0,0,1,0
2024-06-17 19:00,19,6,0,1,37.5,66.3,0.0,3,7.36,74.84,74,0,0,0,1,0
2024-06-17 20:00,20,6,0,1,37.2,69.6,0.0,23,7.44,83.82,74,0,0,0,1,0
2024-06-17 21:00,21,6,0,1,38.9,59.3,0.0,11,7.38,78.03,75,0,0,0,1,0
2024-06-17 22:00,22,6,0,1,38.5,63.9,0.0,16,7.5,82.61,75,0,0,0,1,0
2024-06-17 23:00,23,6,0,1,39.1,61.5,0.0,21,7.7,60.21,73,0,0,0,1,0
2024-06-18 00:00,0,6,1,1,32.1,58.8,0.0,16,7.49,35.06,86,0,0,0,1,0
2024-06-18 01:00,1,6,1,1,31.6,50.8,0.0,3,7.26,29.18,89,0,0,0,1,0
2024-06-18 02:00,2,6,1,1,31.8,55.8,0.0,14,7.48,31.06,89,0,0,0,1,0
2024-06-18 03:00,3,6,1,1,33.0,52.5,0.0,25,7.45,34.0,88,0,0,0,1,0
2024-06-18 04:00,4,6,1,1,32.1,55.8,0.0,0,7.65,34.89,86,0,0,0,1,0
2024-06-18 05:00,5,6,1,1,41.4,54.4,0.0,1,6.85,63.43,70,0,0,0,1,0
2024-06-18 06:00,6,6,1,1,43.5,49.0,23.0,10,6.63,96.13,67,0,0,0,1,0
2024-06-18 07:00,7,6,1,1,44.5,51.7,217.3,28,6.87,145.28,70,0,0,0,1,0
2024-06-18 08:00,8,6,1,1,45.1,52.7,533.7,41,6.64,199.29,64,0,0,0,1,0
2024-06-18 09:00,9,6,1,1,46.3,48.5,682.9,97,6.74,240.93,65,0,0,0,1,0
2024-06-18 10:00,10,6,1,1,47.3,48.6,896.5,43,6.9,275.16,69,0,0,0,1,0
2024-06-18 11:00,11,6,1,1,47.2,59.3,981.1,71,6.86,298.84,62,0,0,0,1,0
2024-06-18 12:00,12,6,1,1,45.9,61.9,1095.9,86,7.02,314.18,63,0,0,0,1,0
2024-06-18 13:00,13,6,1,1,46.1,61.0,1036.0,52,6.53,306.38,62,0,0,0,1,0
2024-06-18 14:00,14,6,1,1,45.5,68.7,1014.0,80,6.86,302.26,67,0,0,0,1,0
2024-06-18 15:00,15,6,1,1,44.2,63.5,890.5,39,6.71,267.88,68,0,0,0,1,0
2024-06-18 16:00,16,6,1,1,43.1,67.0,702.8,16,6.95,228.74,64,0,0,0,1,0
2024-06-18 17:00,17,6,1,1,41.9,65.1,465.9,11,6.76,178.33,66,0,0,0,1,0
2024-06-18 18:00,18,6,1,1,36.5,67.4,232.2,14,7.42,115.98,78,0,0,0,1,0
2024-06-18 19:00,19,6,1,1,38.0,65.0,31.9,11,7.45,84.31,78,0,0,0,1,0
2024-06-18 20:00,20,6,1,1,38.4,67.1,0.0,15,7.69,84.44,76,0,0,0,1,0
2024-06-18 21:00,21,6,1,1,38.9,63.1,0.0,0,7.48,83.78,70,0,0,0,1,0
2024-06-18 22:00,22,6,1,1,39.0,71.8,0.0,16,7.67,91.04,69,0,0,0,1,0
2024-06-18 23:00,23,6,1,1,38.3,64.0,0.0,28,7.79,60.16,74,0,0,0,1,0
2024-06-19 00:00,0,6,2,1,31.9,60.1,0.0,25,7.67,35.3,80,0,0,0,0,0
2024-06-19 01:00,1,6,2,1,33.2,57.5,0.0,17,7.62,40.26,88,0,0,0,0,0
2024-06-19 02:00,2,6,2,1,33.1,53.1,0.0,19,7.37,38.22,86,0,0,0,0,0
2024-06-19 03:00,3,6,2,1,32.2,54.2,0.0,2,7.32,34.38,88,0,0,0,0,0
2024-06-19 04:00,4,6,2,1,33.7,48.1,0.0,29,7.43,36.85,86,0,0,0,0,0
2024-06-19 05:00,5,6,2,1,42.2,55.5,0.0,15,6.67,68.63,71,0,0,0,0,0
2024-06-19 06:00,6,6,2,1,42.6,51.0,0.0,41,6.47,94.44,71,0,0,0,0,0
2024-06-19 07:00,7,6,2,1,44.3,52.1,270.8,188,6.75,166.74,66,0,0,0,0,0
2024-06-19 08:00,8,6,2,1,46.7,49.9,475.6,471,6.81,254.75,56,0,0,0,0,0
2024-06-19 09:00,9,6,2,1,45.7,59.2,669.0,1201,6.69,384.46,50,0,0,0,0,0
2024-06-19 10:00,10,6,2,1,47.7,59.6,855.1,1304,6.86,439.16,47,0,0,0,0,0
2024-06-19 11:00,11,6,2,1,46.5,59.8,983.2,1360,6.83,464.62,51,0,0,0,0,0
2024-06-19 12:00,12,6,2,1,47.6,58.4,1079.5,649,6.82,394.27,54,0,0,0,0,0
2024-06-19 13:00,13,6,2,1,45.8,58.8,1026.0,770,6.76,393.09,58,0,0,0,0,0
2024-06-19 14:00,14,6,2,1,46.5,61.7,965.6,1333,6.75,462.75,45,0,0,0,0,0
2024-06-19 15:00,15,6,2,1,44.7,64.3,814.4,1379,6.9,430.38,43,0,0,0,0,0
2024-06-19 16:00,16,6,2,1,43.3,69.5,688.1,914,6.97,348.33,57,0,0,0,0,0
2024-06-19 17:00,17,6,2,1,42.3,68.0,501.7,471,6.64,247.26,61,0,0,0,0,0
2024-06-19 18:00,18,6,2,1,38.1,67.2,239.2,218,7.21,154.46,71,0,0,0,0,0
2024-06-19 19:00,19,6,2,1,37.3,71.1,0.0,128,7.13,96.52,74,0,0,0,0,0
2024-06-19 20:00,20,6,2,1,38.5,68.9,0.0,55,7.52,89.22,72,0,0,0,0,0
2024-06-19 21:00,21,6,2,1,39.3,65.1,0.0,9,7.43,85.97,72,0,0,0,0,0
2024-06-19 22:00,22,6,2,1,38.4,65.2,0.0,9,7.65,85.77,70,0,0,0,0,0
2024-06-19 23:00,23,6,2,1,39.1,60.7,0.0,45,7.35,62.77,75,0,0,0,0,0
2024-06-20 00:00,0,6,3,1,31.9,59.6,0.0,20,7.67,39.04,88,0,0,0,0,0
2024-06-20 01:00,1,6,3,1,32.5,53.9,0.0,12,7.43,37.17,83,0,0,0,0,0
2024-06-20 02:00,2,6,3,1,32.9,52.5,0.0,34,7.77,34.68,83,0,0,0,0,0
2024-06-20 03:00,3,6,3,1,33.6,56.6,0.0,8,7.35,37.31,87,0,0,0,0,0
2024-06-20 04:00,4,6,3,1,32.3,55.4,0.0,8,7.52,36.7,90,0,0,0,0,0
2024-06-20 05:00,5,6,3,1,42.3,58.3,0.0,37,6.74,69.58,72,0,0,0,0,0
2024-06-20 06:00,6,6,3,1,44.0,47.8,0.4,37,6.7,95.47,67,0,0,0,0,0
2024-06-20 07:00,7,6,3,1,44.2,50.5,229.3,55,6.86,144.42,65,0,0,0,0,0
2024-06-20 08:00,8,6,3,1,45.5,52.1,461.3,550,6.46,255.66,58,0,0,0,0,0
2024-06-20 09:00,9,6,3,1,45.5,59.4,700.6,1068,6.85,365.43,53,0,0,0,0,0
2024-06-20 10:00,10,6,3,1,45.3,56.4,837.4,1322,6.72,427.32,57,0,0,0,0,0
2024-06-20 11:00,11,6,3,1,48.0,55.1,987.6,1325,6.7,467.06,50,0,0,0,0,0
2024-06-20 12:00,12,6,3,1,46.3,59.0,1043.4,622,6.75,383.11,57,0,0,0,0,0
2024-06-20 13:00,13,6,3,1,45.8,62.6,1059.3,726,6.65,397.53,51,0,0,0,0,0
2024-06-20 14:00,14,6,3,1,45.7,61.1,969.6,1216,6.73,445.03,48,0,0,0,0,0
2024-06-20 15:00,15,6,3,1,43.4,69.4,888.4,919,6.72,390.64,59,0,0,0,0,0
2024-06-20 16:00,16,6,3,1,42.8,63.0,679.9,1230,6.6,382.58,54,0,0,0,0,0
2024-06-20 17:00,17,6,3,1,41.8,69.2,447.2,540,6.93,247.98,60,0,0,0,0,0
2024-06-20 18:00,18,6,3,1,37.7,64.7,248.7,584,7.71,200.21,66,0,0,0,0,0
2024-06-20 19:00,19,6,3,1,37.5,66.1,19.0,148,7.69,98.83,67,0,0,0,0,0
2024-06-20 20:00,20,6,3,1,37.2,66.8,0.0,179,7.56,98.01,69,0,0,0,0,0
2024-06-20 21:00,21,6,3,1,37.6,63.8,0.0,26,7.21,78.64,77,0,0,0,0,0
2024-06-20 22:00,22,6,3,1,39.5,64.3,0.0,11,7.54,83.27,74,0,0,0,0,0
2024-06-20 23:00,23,6,3,1,39.4,62.9,0.0,43,7.67,64.36,73,0,0,0,0,0
2024-06-21 00:00,0,6,4,1,32.0,63.8,0.0,32,7.66,43.94,83,0,0,0,0,0
2024-06-21 01:00,1,6,4,1,31.0,57.7,0.0,20,7.45,33.38,88,0,0,0,0,0
2024-06-21 02:00,2,6,4,1,33.3,51.4,0.0,25,7.48,40.54,81,0,0,0,0,0
2024-06-21 03:00,3,6,4,1,33.3,53.0,0.0,35,7.43,38.08,85,0,0,0,0,0
2024-06-21 04:00,4,6,4,1,32.6,53.7,0.0,36,7.33,38.45,83,0,0,0,0,0
2024-06-21 05:00,5,6,4,1,41.9,54.3,0.0,15,6.91,64.86,72,0,0,0,0,0
2024-06-21 06:00,6,6,4,1,42.7,52.9,13.7,19,6.89,92.44,68,0,0,0,0,0
2024-06-21 07:00,7,6,4,1,44.4,50.1,281.7,141,6.95,165.48,69,0,0,0,0,0
2024-06-21 08:00,8,6,4,1,45.7,55.4,509.9,486,6.78,259.62,58,0,0,0,0,0
2024-06-21 09:00,9,6,4,1,46.0,51.9,700.0,1379,6.67,405.49,56,0,0,0,0,0
2024-06-21 10:00,10,6,4,1,46.1,50.5,876.3,1189,6.54,411.43,52,0,0,0,0,0
2024-06-21 11:00,11,6,4,1,47.4,62.6,980.1,898,6.86,413.1,46,0,0,0,0,0
2024-06-21 12:00,12,6,4,1,46.6,64.4,1037.8,760,6.71,392.54,52,0,0,0,0,0
2024-06-21 13:00,13,6,4,1,46.0,60.6,1045.6,821,6.87,405.07,57,0,0,0,0,0
2024-06-21 14:00,14,6,4,1,44.9,62.6,993.3,994,6.92,411.2,49,0,0,0,0,0
2024-06-21 15:00,15,6,4,1,43.9,71.7,896.9,1119,6.89,414.56,52,0,0,0,0,0
2024-06-21 16:00,16,6,4,1,43.4,67.3,728.1,1023,6.7,371.3,55,0,0,0,0,0
2024-06-21 17:00,17,6,4,1,41.9,65.1,502.4,578,6.59,262.34,59,0,0,0,0,0
2024-06-21 18:00,18,6,4,1,37.9,64.5,260.8,393,7.39,174.73,73,0,0,0,0,0
2024-06-21 19:00,19,6,4,1,36.8,64.6,28.9,165,7.58,102.77,72,0,0,0,0,0
2024-06-21 20:00,20,6,4,1,37.8,68.3,0.0,142,7.04,98.73,75,0,0,0,0,0
2024-06-21 21:00,21,6,4,1,38.0,65.3,0.0,10,7.66,81.53,74,0,0,0,0,0
2024-06-21 22:00,22,6,4,1,38.8,65.4,0.0,10,7.45,88.2,70,0,0,0,0,0
2024-06-21 23:00,23,6,4,1,38.3,55.1,0.0,15,7.55,52.34,77,0,0,0,0,0
2024-06-22 00:00,0,6,5,0,32.7,58.0,0.0,0,7.67,41.16,80,0,0,0,0,0
2024-06-22 01:00,1,6,5,0,32.7,57.6,0.0,0,7.36,40.65,79,0,0,0,0,0
2024-06-22 02:00,2,6,5,0,32.0,58.8,0.0,0,7.5,32.8,82,0,0,0,0,0
2024-06-22 03:00,3,6,5,0,31.8,50.6,0.0,0,7.36,30.88,85,0,0,0,0,0
2024-06-22 04:00,4,6,5,0,34.0,51.6,0.0,0,7.57,36.29,83,0,0,0,0,0
2024-06-22 05:00,5,6,5,0,42.2,51.9,0.0,0,6.69,66.32,72,0,0,0,0,0
2024-06-22 06:00,6,6,5,0,43.3,49.2,8.6,0,6.54,93.4,65,0,0,0,0,0
2024-06-22 07:00,7,6,5,0,44.9,53.7,207.6,0,6.86,138.37,68,0,0,0,0,0
2024-06-22 08:00,8,6,5,0,45.6,49.7,517.5,0,6.63,191.17,65,0,0,0,0,0
2024-06-22 09:00,9,6,5,0,46.1,52.9,685.5,57,6.78,229.03,69,0,0,0,0,0
2024-06-22 10:00,10,6,5,0,46.5,57.7,861.8,27,6.74,265.91,60,0,0,0,0,0
2024-06-22 11:00,11,6,5,0,47.1,59.0,971.8,56,6.65,295.93,55,0,0,0,0,0
2024-06-22 12:00,12,6,5,0,47.2,57.0,1030.5,76,6.91,306.23,67,0,0,0,0,0
2024-06-22 13:00,13,6,5,0,45.8,62.6,1071.8,44,6.99,308.32,58,0,0,0,0,0
2024-06-22 14:00,14,6,5,0,45.4,62.4,963.3,150,6.73,301.75,63,0,0,0,0,0
2024-06-22 15:00,15,6,5,0,44.1,62.7,863.5,46,6.59,268.46,69,0,0,0,0,0
2024-06-22 16:00,16,6,5,0,43.5,66.9,661.0,119,6.82,239.84,65,0,0,0,0,0
2024-06-22 17:00,17,6,5,0,42.0,64.1,490.6,54,6.61,188.34,66,0,0,0,0,0
2024-06-22 18:00,18,6,5,0,37.1,69.9,239.8,0,7.46,123.14,71,0,0,0,0,0
2024-06-22 19:00,19,6,5,0,37.4,65.1,4.7,0,7.35,75.63,75,0,0,0,0,0
2024-06-22 20:00,20,6,5,0,36.8,67.1,0.0,0,7.52,76.32,77,0,0,0,0,0
2024-06-22 21:00,21,6,5,0,38.4,67.0,0.0,0,7.45,81.98,73,0,0,0,0,0
2024-06-22 22:00,22,6,5,0,38.4,65.1,0.0,0,7.54,82.13,77,0,0,0,0,0
2024-06-22 23:00,23,6,5,0,38.2,61.7,0.0,0,7.49,54.45,77,0,0,0,0,0
2024-06-23 00:00,0,6,6,0,32.2,56.2,0.0,0,7.68,34.41,89,0,0,0,0,0
2024-06-23 01:00,1,6,6,0,31.9,57.8,0.0,0,7.64,32.53,89,0,0,0,0,0
2024-06-23 02:00,2,6,6,0,31.5,55.9,0.0,0,7.43,28.4,89,0,0,0,0,0
2024-06-23 03:00,3,6,6,0,32.7,58.9,0.0,0,7.59,40.41,85,0,0,0,0,0
2024-06-23 04:00,4,6,6,0,33.3,55.5,0.0,0,7.47,37.21,90,0,0,0,0,0
2024-06-23 05:00,5,6,6,0,41.3,49.1,0.0,0,6.7,56.06,76,0,0,0,0,0
2024-06-23 06:00,6,6,6,0,43.8,51.1,18.5,0,6.46,99.14,70,0,0,0,0,0
2024-06-23 07:00,7,6,6,0,45.2,52.5,250.3,0,6.83,147.52,68,0,0,0,0,0
2024-06-23 08:00,8,6,6,0,45.9,53.0,518.3,0,6.65,194.7,68,0,0,0,0,0
2024-06-23 09:00,9,6,6,0,47.0,55.0,665.5,145,6.79,247.15,66,0,0,0,0,0
2024-06-23 10:00,10,6,6,0,47.6,54.2,876.3,161,6.7,295.21,58,0,0,0,0,0
2024-06-23 11:00,11,6,6,0,47.6,58.9,978.3,123,6.54,311.19,59,0,0,0,0,0
2024-06-23 12:00,12,6,6,0,47.1,61.3,1029.6,153,6.65,320.4,56,0,0,0,0,0
2024-06-23 13:00,13,6,6,0,46.2,59.4,1051.0,178,6.66,323.88,63,0,0,0,0,0
2024-06-23 14:00,14,6,6,0,44.6,65.0,991.9,146,6.85,307.94,63,0,0,0,0,0
2024-06-23 15:00,15,6,6,0,44.5,63.4,865.0,47,6.49,268.9,64,0,0,0,0,0
2024-06-23 16:00,16,6,6,0,43.4,67.5,705.7,106,6.82,245.37,60,0,0,0,0,0
2024-06-23 17:00,17,6,6,0,42.1,65.9,504.3,75,6.92,198.65,62,0,0,0,0,0
2024-06-23 18:00,18,6,6,0,37.0,67.1,263.7,0,7.52,121.71,73,0,0,0,0,0
2024-06-23 19:00,19,6,6,0,36.8,69.3,21.2,0,7.34,80.33,75,0,0,0,0,0
2024-06-23 20:00,20,6,6,0,37.4,69.2,0.0,0,7.63,77.97,78,0,0,0,0,0
2024-06-23 21:00,21,6,6,0,38.1,62.9,0.0,0,7.52,77.55,77,0,0,0,0,0
2024-06-23 22:00,22,6,6,0,38.5,65.5,0.0,0,7.38,85.68,69,0,0,0,0,0
2024-06-23 23:00,23,6,6,0,38.0,61.4,0.0,0,7.72,56.38,76,0,0,0,0,0
2024-06-24 00:00,0,6,0,1,32.3,62.7,0.0,15,7.33,38.57,80,0,0,0,0,0
2024-06-24 01:00,1,6,0,1,32.5,56.5,0.0,20,7.37,42.88,83,0,0,0,0,0
2024-06-24 02:00,2,6,0,1,33.6,52.4,0.0,30,7.47,39.01,84,0,0,0,0,0
2024-06-24 03:00,3,6,0,1,32.4,57.5,0.0,1,7.27,36.6,81,0,0,0,0,0
2024-06-24 04:00,4,6,0,1,32.8,54.5,0.0,39,7.78,42.3,82,0,0,0,0,0
2024-06-24 05:00,5,6,0,1,41.2,55.2,0.0,13,6.89,60.98,73,0,0,0,0,0
2024-06-24 06:00,6,6,0,1,43.8,54.4,0.0,13,6.49,98.51,71,0,0,0,0,0
2024-06-24 07:00,7,6,0,1,43.9,49.5,234.3,174,6.63,154.1,66,0,0,0,0,0
2024-06-24 08:00,8,6,0,1,45.6,53.2,488.2,460,6.79,248.44,61,0,0,0,0,0
2024-06-24 09:00,9,6,0,1,46.6,56.7,693.5,1346,6.43,406.76,48,0,0,0,0,0
2024-06-24 10:00,10,6,0,1,47.5,54.0,846.3,1305,6.9,434.22,56,0,0,0,0,0
2024-06-24 11:00,11,6,0,1,47.2,60.7,987.4,1110,6.76,431.57,52,0,0,0,0,0
2024-06-24 12:00,12,6,0,1,47.6,60.0,1053.5,931,6.8,427.72,51,0,0,0,0,0
2024-06-24 13:00,13,6,0,1,47.2,58.9,1048.9,654,6.95,387.63,52,0,0,0,0,0
2024-06-24 14:00,14,6,0,1,45.8,63.3,1009.2,1064,6.96,430.89,55,0,0,0,0,0
2024-06-24 15:00,15,6,0,1,44.8,65.5,862.3,1170,6.72,414.2,51,0,0,0,0,0
2024-06-24 16:00,16,6,0,1,43.1,68.5,700.8,1062,6.99,366.01,54,0,0,0,0,0
2024-06-24 17:00,17,6,0,1,41.6,66.9,474.3,344,6.78,225.62,66,0,0,0,0,0
2024-06-24 18:00,18,6,0,1,37.6,67.6,247.7,441,7.82,183.45,69,0,0,0,0,0
2024-06-24 19:00,19,6,0,1,36.9,69.5,8.0,197,7.52,105.63,75,0,0,0,0,0
2024-06-24 20:00,20,6,0,1,37.8,64.2,0.0,190,7.51,104.38,79,0,0,0,0,0
2024-06-24 21:00,21,6,0,1,37.6,62.7,0.0,43,7.68,86.61,74,0,0,0,0,0
2024-06-24 22:00,22,6,0,1,38.7,60.0,0.0,32,7.38,82.31,76,0,0,0,0,0
2024-06-24 23:00,23,6,0,1,39.7,64.5,0.0,47,7.56,62.31,73,0,0,0,0,0
2024-06-25 00:00,0,6,1,1,31.1,61.0,0.0,21,7.54,35.35,89,0,0,0,0,0
2024-06-25 01:00,1,6,1,1,32.4,52.3,0.0,22,7.51,37.27,89,0,0,0,0,0
2024-06-25 02:00,2,6,1,1,33.5,57.5,0.0,5,7.5,42.76,83,0,0,0,0,0
2024-06-25 03:00,3,6,1,1,32.7,58.8,0.0,43,7.69,44.62,87,0,0,0,0,0
2024-06-25 04:00,4,6,1,1,33.7,59.5,0.0,9,7.74,38.62,84,0,0,0,0,0
2024-06-25 05:00,5,6,1,1,42.3,55.9,0.0,28,6.58,63.12,71,0,0,0,0,0
2024-06-25 06:00,6,6,1,1,43.7,52.5,15.1,25,6.7,96.65,73,0,0,0,0,0
2024-06-25 07:00,7,6,1,1,43.9,54.5,244.9,83,6.59,156.04,71,0,0,0,0,0
2024-06-25 08:00,8,6,1,1,45.4,50.5,455.6,754,6.82,276.29,66,0,0,0,0,0
2024-06-25 09:00,9,6,1,1,45.9,53.5,706.5,1045,6.82,364.57,56,0,0,0,0,0
2024-06-25 10:00,10,6,1,1,46.2,48.5,890.0,1169,6.75,413.41,54,0,0,0,0,0
2024-06-25 11:00,11,6,1,1,46.3,59.3,958.3,927,6.58,403.96,55,0,0,0,0,0
2024-06-25 12:00,12,6,1,1,46.8,55.8,1014.8,858,6.98,402.36,55,0,0,0,0,0
2024-06-25 13:00,13,6,1,1,45.9,58.4,1064.8,878,7.0,409.53,50,0,0,0,0,0
2024-06-25 14:00,14,6,1,1,45.6,67.6,992.5,1206,6.58,449.12,48,0,0,0,0,0
2024-06-25 15:00,15,6,1,1,45.2,67.1,826.9,1156,6.69,414.31,49,0,0,0,0,0
2024-06-25 16:00,16,6,1,1,43.0,63.1,671.3,1004,6.76,356.26,60,0,0,0,0,0
2024-06-25 17:00,17,6,1,1,43.2,69.1,497.1,366,6.68,240.17,62,0,0,0,0,0
2024-06-25 18:00,18,6,1,1,37.7,69.4,232.7,381,7.7,170.22,68,0,0,0,0,0
2024-06-25 19:00,19,6,1,1,38.2,65.5,7.7,134,7.68,95.38,73,0,0,0,0,0
2024-06-25 20:00,20,6,1,1,37.9,70.6,0.0,50,7.69,89.61,74,0,0,0,0,0
2024-06-25 21:00,21,6,1,1,37.7,63.6,0.0,20,7.53,83.29,80,0,0,0,0,0
2024-06-25 22:00,22,6,1,1,37.7,65.2,0.0,4,7.57,74.22,80,0,0,0,0,0
2024-06-25 23:00,23,6,1,1,39.6,59.2,0.0,28,7.57,60.23,81,0,0,0,0,0
2024-06-26 00:00,0,6,2,1,32.3,55.8,0.0,6,7.46,35.84,85,0,0,0,0,0
2024-06-26 01:00,1,6,2,1,32.4,56.5,0.0,17,7.5,36.9,87,0,0,0,0,0
2024-06-26 02:00,2,6,2,1,32.2,53.3,0.0,19,7.74,33.13,88,0,0,0,0,0
2024-06-26 03:00,3,6,2,1,33.3,53.6,0.0,22,7.67,33.97,88,0,0,0,0,0
2024-06-26 04:00,4,6,2,1,33.4,50.3,0.0,38,7.73,36.81,81,0,0,0,0,0
2024-06-26 05:00,5,6,2,1,41.7,56.0,0.0,2,7.01,66.69,73,0,0,0,0,0
2024-06-26 06:00,6,6,2,1,42.8,56.1,0.0,26,6.65,101.09,67,0,0,0,0,0
2024-06-26 07:00,7,6,2,1,44.2,51.3,255.6,167,6.73,162.78,69,0,0,0,0,0
2024-06-26 08:00,8,6,2,1,46.2,49.7,480.3,705,6.86,281.04,63,0,0,0,0,0
2024-06-26 09:00,9,6,2,1,47.1,50.3,681.3,970,6.85,356.27,53,0,0,0,0,0
2024-06-26 10:00,10,6,2,1,47.6,56.6,836.9,1004,6.86,396.61,55,0,0,0,0,0
2024-06-26 11:00,11,6,2,1,48.8,59.7,984.8,1249,6.73,459.57,50,0,0,0,0,0
2024-06-26 12:00,12,6,2,1,46.0,57.1,1003.4,747,6.74,386.71,55,0,0,0,0,0
2024-06-26 13:00,13,6,2,1,46.6,61.4,1040.6,715,6.81,395.69,57,0,0,0,0,0
2024-06-26 14:00,14,6,2,1,45.7,65.8,968.4,1314,6.71,449.45,50,0,0,0,0,0
2024-06-26 15:00,15,6,2,1,44.0,63.1,871.0,1073,6.71,397.77,59,0,0,0,0,0
2024-06-26 16:00,16,6,2,1,44.3,68.9,727.4,1015,6.54,369.34,52,0,0,0,0,0
2024-06-26 17:00,17,6,2,1,41.9,65.7,500.1,378,7.12,233.38,67,0,0,0,0,0
2024-06-26 18:00,18,6,2,1,37.0,74.0,237.1,375,7.21,175.37,60,0,0,0,0,0
2024-06-26 19:00,19,6,2,1,36.8,68.5,2.6,71,7.24,86.26,74,0,0,0,0,0
2024-06-26 20:00,20,6,2,1,37.5,69.7,0.0,83,7.25,87.86,75,0,0,0,0,0
2024-06-26 21:00,21,6,2,1,38.2,69.0,0.0,17,7.24,87.53,72,0,0,0,0,0
2024-06-26 22:00,22,6,2,1,38.0,67.6,0.0,5,7.37,81.07,75,0,0,0,0,0
2024-06-26 23:00,23,6,2,1,39.9,58.3,0.0,47,7.38,64.53,75,0,0,0,0,0
2024-06-27 00:00,0,6,3,1,32.5,64.6,0.0,7,7.48,38.62,81,0,0,0,0,0
2024-06-27 01:00,1,6,3,1,32.6,52.9,0.0,21,7.58,31.43,90,0,0,0,0,0
2024-06-27 02:00,2,6,3,1,31.3,57.5,0.0,23,7.22,33.99,85,0,0,0,0,0
2024-06-27 03:00,3,6,3,1,33.9,56.5,0.0,22,7.26,44.49,86,0,0,0,0,0
2024-06-27 04:00,4,6,3,1,33.4,50.6,0.0,46,7.46,40.24,84,0,0,0,0,0
2024-06-27 05:00,5,6,3,1,41.2,52.9,0.0,11,6.6,62.69,71,0,0,0,0,0
2024-06-27 06:00,6,6,3,1,42.6,53.0,0.0,23,6.74,93.7,73,0,0,0,0,0
2024-06-27 07:00,7,6,3,1,44.6,56.0,244.7,207,6.82,166.09,65,0,0,0,0,0
2024-06-27 08:00,8,6,3,1,45.0,51.7,537.5,521,6.82,265.0,64,0,0,0,0,0
2024-06-27 09:00,9,6,3,1,47.0,54.7,694.1,1075,6.75,370.79,55,0,0,0,0,0
2024-06-27 10:00,10,6,3,1,47.6,61.4,830.8,1043,6.88,401.66,54,0,0,0,0,0
2024-06-27 11:00,11,6,3,1,46.7,57.9,1005.7,1191,6.81,442.4,51,0,0,0,0,0
2024-06-27 12:00,12,6,3,1,46.7,66.3,1036.1,812,7.07,409.99,51,0,0,0,0,0
2024-06-27 13:00,13,6,3,1,46.1,61.1,1041.1,792,6.87,399.48,56,0,0,0,0,0
2024-06-27 14:00,14,6,3,1,45.3,60.4,949.0,1304,6.65,446.9,51,0,0,0,0,0
2024-06-27 15:00,15,6,3,1,45.3,66.5,838.0,986,6.91,388.45,50,0,0,0,0,0
2024-06-27 16:00,16,6,3,1,43.2,65.8,709.8,1147,6.48,374.97,52,0,0,0,0,0
2024-06-27 17:00,17,6,3,1,42.1,68.3,496.0,505,6.89,257.03,63,0,0,0,0,0
2024-06-27 18:00,18,6,3,1,36.9,75.3,257.5,447,7.52,185.97,68,0,0,0,0,0
2024-06-27 19:00,19,6,3,1,38.2,67.8,34.9,149,7.51,108.1,71,0,0,0,0,0
2024-06-27 20:00,20,6,3,1,38.2,65.4,0.0,71,7.53,88.95,73,0,0,0,0,0
2024-06-27 21:00,21,6,3,1,37.8,62.8,0.0,47,7.58,83.54,73,0,0,0,0,0
2024-06-27 22:00,22,6,3,1,38.8,68.9,0.0,11,7.5,83.23,70,0,0,0,0,0
2024-06-27 23:00,23,6,3,1,38.1,62.1,0.0,22,7.64,56.98,74,0,0,0,0,0
2024-06-28 00:00,0,6,4,1,33.3,62.8,0.0,19,7.5,44.35,81,0,0,0,0,0
2024-06-28 01:00,1,6,4,1,31.2,56.6,0.0,43,7.56,36.49,89,0,0,0,0,0
2024-06-28 02:00,2,6,4,1,33.3,58.4,0.0,38,7.33,42.68,82,0,0,0,0,0
2024-06-28 03:00,3,6,4,1,32.6,55.7,0.0,21,7.4,38.48,90,0,0,0,0,0
2024-06-28 04:00,4,6,4,1,33.8,50.9,0.0,28,7.68,36.22,86,0,0,0,0,0
2024-06-28 05:00,5,6,4,1,42.1,54.9,0.0,24,6.81,63.42,74,0,0,0,0,0
2024-06-28 06:00,6,6,4,1,42.3,49.8,11.0,15,6.85,89.52,70,0,0,0,0,0
2024-06-28 07:00,7,6,4,1,43.8,54.2,259.3,228,6.93,165.75,65,0,0,0,0,0
2024-06-28 08:00,8,6,4,1,45.3,52.9,482.2,582,6.77,260.79,61,0,0,0,0,0
2024-06-28 09:00,9,6,4,1,45.7,55.3,721.3,1357,6.9,413.56,52,0,0,0,0,0
2024-06-28 10:00,10,6,4,1,47.5,54.0,887.4,1069,6.65,405.38,51,0,0,0,0,0
2024-06-28 11:00,11,6,4,1,46.8,56.5,980.8,1382,6.85,464.82,51,0,0,0,0,0
2024-06-28 12:00,12,6,4,1,46.5,58.3,1036.9,928,6.6,416.72,53,0,0,0,0,0
2024-06-28 13:00,13,6,4,1,46.0,66.6,1029.4,764,6.62,399.54,49,0,0,0,0,0
2024-06-28 14:00,14,6,4,1,46.4,60.1,976.8,1332,7.0,459.09,55,0,0,0,0,0
2024-06-28 15:00,15,6,4,1,44.4,61.5,863.1,1091,6.63,402.41,56,0,0,0,0,0
2024-06-28 16:00,16,6,4,1,42.9,70.0,721.3,1067,6.73,378.8,51,0,0,0,0,0
2024-06-28 17:00,17,6,4,1,42.6,72.4,504.2,382,6.57,243.26,59,0,0,0,0,0
2024-06-28 18:00,18,6,4,1,37.7,67.9,269.3,503,7.5,194.62,65,0,0,0,0,0
2024-06-28 19:00,19,6,4,1,38.4,67.6,26.9,94,7.28,100.77,70,0,0,0,0,0
2024-06-28 20:00,20,6,4,1,37.2,71.2,0.0,62,7.62,93.01,75,0,0,0,0,0
2024-06-28 21:00,21,6,4,1,39.0,60.4,0.0,48,7.46,87.65,71,0,0,0,0,0
2024-06-28 22:00,22,6,4,1,39.1,62.6,0.0,1,7.44,81.31,72,0,0,0,0,0
2024-06-28 23:00,23,6,4,1,38.6,62.6,0.0,41,7.33,61.61,73,0,0,0,0,0
2024-06-29 00:00,0,6,5,0,31.7,60.5,0.0,0,7.55,37.61,91,0,0,0,0,0
2024-06-29 01:00,1,6,5,0,32.5,61.4,0.0,0,7.41,37.46,87,0,0,0,0,0
2024-06-29 02:00,2,6,5,0,32.1,55.7,0.0,0,7.66,34.43,84,0,0,0,0,0
2024-06-29 03:00,3,6,5,0,32.1,49.6,0.0,0,7.53,34.17,92,0,0,0,0,0
2024-06-29 04:00,4,6,5,0,33.2,52.9,0.0,0,7.72,33.2,84,0,0,0,0,0
2024-06-29 05:00,5,6,5,0,42.0,49.7,0.0,0,6.86,58.29,72,0,0,0,0,0
2024-06-29 06:00,6,6,5,0,43.1,54.8,4.6,0,6.84,95.43,72,0,0,0,0,0
2024-06-29 07:00,7,6,5,0,44.7,47.3,264.2,0,6.75,143.02,70,0,0,0,0,0
2024-06-29 08:00,8,6,5,0,45.8,50.7,497.3,0,6.59,188.95,64,0,0,0,0,0
2024-06-29 09:00,9,6,5,0,47.0,55.4,700.5,95,6.78,249.19,66,0,0,0,0,0
2024-06-29 10:00,10,6,5,0,46.5,58.9,850.4,33,6.99,265.44,67,0,0,0,0,0
2024-06-29 11:00,11,6,5,0,47.4,57.1,953.8,167,6.81,300.07,68,0,0,0,0,0
2024-06-29 12:00,12,6,5,0,48.1,56.9,1054.9,23,6.8,306.5,65,0,0,0,0,0
2024-06-29 13:00,13,6,5,0,48.0,58.2,1068.5,173,7.02,329.89,64,0,0,0,0,0
2024-06-29 14:00,14,6,5,0,46.4,65.1,976.7,78,6.83,301.7,65,0,0,0,0,0
2024-06-29 15:00,15,6,5,0,43.8,64.4,859.9,78,6.41,268.25,68,0,0,0,0,0
2024-06-29 16:00,16,6,5,0,44.2,68.8,700.5,119,6.69,256.65,60,0,0,0,0,0
2024-06-29 17:00,17,6,5,0,41.9,64.8,467.3,135,6.79,198.68,68,0,0,0,0,0
2024-06-29 18:00,18,6,5,0,37.1,69.0,243.7,0,7.42,121.02,73,0,0,0,0,0
2024-06-29 19:00,19,6,5,0,38.3,68.7,0.0,0,7.56,80.79,74,0,0,0,0,0
2024-06-29 20:00,20,6,5,0,38.6,69.9,0.0,0,7.56,83.08,70,0,0,0,0,0
2024-06-29 21:00,21,6,5,0,38.6,66.3,0.0,0,7.65,82.31,75,0,0,0,0,0
2024-06-29 22:00,22,6,5,0,37.7,62.5,0.0,0,7.17,75.66,73,0,0,0,0,0
2024-06-29 23:00,23,6,5,0,39.4,59.9,0.0,0,7.6,59.02,75,0,0,0,0,0
2024-06-30 00:00,0,6,6,0,32.8,57.8,0.0,0,7.3,37.09,91,0,0,0,0,0
2024-06-30 01:00,1,6,6,0,32.9,56.4,0.0,0,7.51,34.15,86,0,0,0,0,0
2024-06-30 02:00,2,6,6,0,32.3,51.5,0.0,0,7.63,32.36,84,0,0,0,0,0
2024-06-30 03:00,3,6,6,0,33.7,51.4,0.0,0,7.32,37.38,88,0,0,0,0,0
2024-06-30 04:00,4,6,6,0,32.3,52.0,0.0,0,7.45,29.29,92,0,0,0,0,0
2024-06-30 05:00,5,6,6,0,42.1,50.2,0.0,0,6.49,61.24,72,0,0,0,0,0
2024-06-30 06:00,6,6,6,0,43.7,51.8,15.4,0,6.79,95.28,75,0,0,0,0,0
2024-06-30 07:00,7,6,6,0,44.5,52.3,235.6,0,6.73,134.29,69,0,0,0,0,0
2024-06-30 08:00,8,6,6,0,46.9,56.4,461.2,0,6.86,190.37,66,0,0,0,0,0
2024-06-30 09:00,9,6,6,0,45.4,52.9,714.8,35,6.67,238.19,63,0,0,0,0,0
2024-06-30 10:00,10,6,6,0,47.4,57.6,882.2,123,6.71,284.7,61,0,0,0,0,0
2024-06-30 11:00,11,6,6,0,47.1,60.2,979.7,141,7.02,307.28,62,0,0,0,0,0
2024-06-30 12:00,12,6,6,0,46.9,57.4,1035.9,98,6.55,310.14,61,0,0,0,0,0
2024-06-30 13:00,13,6,6,0,46.2,65.2,1077.0,141,6.83,323.99,63,0,0,0,0,0
2024-06-30 14:00,14,6,6,0,46.1,62.6,995.8,42,6.6,297.33,70,0,0,0,0,0
2024-06-30 15:00,15,6,6,0,43.5,64.1,833.8,126,6.78,274.91,65,0,0,0,0,0
2024-06-30 16:00,16,6,6,0,42.9,67.0,674.7,106,6.76,239.38,60,0,0,0,0,0
2024-06-30 17:00,17,6,6,0,41.1,69.1,485.3,35,6.87,183.87,68,0,0,0,0,0
2024-06-30 18:00,18,6,6,0,38.1,68.7,228.1,0,7.46,125.05,70,0,0,0,0,0
2024-06-30 19:00,19,6,6,0,38.1,64.7,16.3,0,7.32,82.12,78,0,0,0,0,0
2024-06-30 20:00,20,6,6,0,37.5,68.2,0.0,0,7.68,76.7,74,0,0,0,0,0
2024-06-30 21:00,21,6,6,0,38.8,64.1,0.0,0,7.76,79.58,78,0,0,0,0,0
2024-06-30 22:00,22,6,6,0,37.6,65.3,0.0,0,7.46,80.1,72,0,0,0,0,0
2024-06-30 23:00,23,6,6,0,38.9,61.0,0.0,0,7.44,53.45,71,0,0,0,0,0
